Obra;Cód. Estruturado;Cód. Item;Descrição Item;Unid.;Categoria;Nº NF;Data NF; ValorUnitRealizado ; Qtd Realizada ; ValorTotalRealizado ;Cód. Fornecedor;Fornecedor;Tipo;Cód. Pedido;Cód. Contrato
OBR;01010100102OBR;8052;Cartucho compativel HP CARTRIDGE 667 preto;UN;Materiais de Escritório e Informática;60634OBR.N;18/03/2025; 87,40 ; 13,33 ; 1.165,30 ;Código 01;Fornecedor 01;Geral;373OBR.P;-
OBR;01010100102OBR;8050;Cartucho compativel HP CARTRIDGE 667 colorido;UN;Materiais de Escritório e Informática;60634OBR.N;18/03/2025; 87,40 ; 10,00 ; 874,00 ;Código 01;Fornecedor 01;Geral;373OBR.P;-
OBR;01010100102OBR;8052;Cartucho compativel HP CARTRIDGE 667 preto;UN;Materiais de Escritório e Informática;60634OBR.N;18/03/2025; 92,00 ; 6,67 ; 613,36 ;Código 01;Fornecedor 01;Geral;373OBR.P;-
OBR;01010100102OBR;8050;Cartucho compativel HP CARTRIDGE 667 colorido;UN;Materiais de Escritório e Informática;60634OBR.N;18/03/2025; 92,00 ; 5,00 ; 460,00 ;Código 01;Fornecedor 01;Geral;373OBR.P;-
OBR;01010100102OBR;8052;Cartucho compativel HP CARTRIDGE 667 preto;UN;Materiais de Escritório e Informática;57638OBR.N;21/10/2024; 87,40 ; 5,00 ; 437,00 ;Código 01;Fornecedor 01;Geral;244OBR.P;-
OBR;01010100102OBR;8050;Cartucho compativel HP CARTRIDGE 667 colorido;UN;Materiais de Escritório e Informática;57638OBR.N;21/10/2024; 87,40 ; 5,00 ; 437,00 ;Código 01;Fornecedor 01;Geral;244OBR.P;-
OBR;0102010402OBRP;10841;Misturador monocomando lavatorio bica baixa lift 5L/min - Docol;UN;Louças, Metais e Acessórios;177512OBR.N;11/04/2025; 423,42 ; 11,14 ; 4.717,24 ;Código 11;Fornecedor 11;Personalização;342OBR.P;-
OBR;0102010402OBRP;3681;Cuba de apoio com mesa - Q6 Loft - Incepa;UN;Louças, Metais e Acessórios;1168974OBR.N;28/03/2025; 296,06 ; 10,80 ; 3.197,46 ;Código 12;Fornecedor 12;Personalização;343OBR.P;-
OBR;0102010402OBRP;10841;Misturador monocomando lavatorio bica baixa lift 5L/min - Docol;UN;Louças, Metais e Acessórios;154014OBR.N;28/03/2025; 423,37 ; 0,65 ; 276,12 ;Código 11;Fornecedor 11;Personalização;342OBR.P;-
OBR;0102010403OBRP;3680;Cuba de apoio redonda - R0 Loft - Incepa;UN;Louças, Metais e Acessórios;760046OBR.N;25/04/2025; 141,77 ; 3,00 ; 425,32 ;Código 12;Fornecedor 12;Personalização;343OBR.P;-
OBR;0102010403OBRP;10841;Misturador monocomando lavatorio bica baixa lift 5L/min - Docol;UN;Louças, Metais e Acessórios;177512OBR.N;11/04/2025; 423,42 ; 2,79 ; 1.179,30 ;Código 11;Fornecedor 11;Personalização;342OBR.P;-
OBR;0102010403OBRP;10841;Misturador monocomando lavatorio bica baixa lift 5L/min - Docol;UN;Louças, Metais e Acessórios;154014OBR.N;28/03/2025; 423,37 ; 0,16 ; 69,05 ;Código 11;Fornecedor 11;Personalização;342OBR.P;-
OBR;0102010409OBRP;3762;Acabamento de registro Lift - Docol;UN;Louças, Metais e Acessórios;141947OBR.N;13/03/2025; 104,91 ; 22,00 ; 2.308,12 ;Código 11;Fornecedor 11;Personalização;342OBR.P;-
OBR;0102010409OBRP;3790;Conversor de registro para base Docol;UN;Louças, Metais e Acessórios;193OBR.N;21/02/2025; 28,73 ; 22,00 ; 631,97 ;Código 13;Fornecedor 13;Personalização;344OBR.P;-
OBR;0102010411OBRP;10841;Misturador monocomando lavatorio bica baixa lift 5L/min - Docol;UN;Louças, Metais e Acessórios;177512OBR.N;11/04/2025; 423,42 ; 1,86 ; 786,20 ;Código 11;Fornecedor 11;Personalização;342OBR.P;-
OBR;0102010411OBRP;3678;Cuba de apoio retangular  - QR3 Loft - Incepa;UN;Louças, Metais e Acessórios;1168974OBR.N;28/03/2025; 471,66 ; 2,00 ; 943,32 ;Código 12;Fornecedor 12;Personalização;343OBR.P;-
OBR;0102010411OBRP;10841;Misturador monocomando lavatorio bica baixa lift 5L/min - Docol;UN;Louças, Metais e Acessórios;154014OBR.N;28/03/2025; 423,37 ; 0,11 ; 46,02 ;Código 11;Fornecedor 11;Personalização;342OBR.P;-
OBR;0102010417OBRP;3681;Cuba de apoio com mesa - Q6 Loft - Incepa;UN;Louças, Metais e Acessórios;1168974OBR.N;28/03/2025; 296,06 ; 2,70 ; 799,36 ;Código 12;Fornecedor 12;Personalização;343OBR.P;-
OBR;0102010417OBRP;12178;"Torneira para banheiro monocomando bica baixa - 1/2"" - cromado";UN;Louças, Metais e Acessórios;162OBR.N;27/01/2025; 831,97 ; 3,00 ; 2.495,90 ;Código 13;Fornecedor 13;Personalização;344OBR.P;-
OBR;0102010419OBRP;3668;Bacia sanitaria em louca com caixa acoplada - ecoflush Incepa - Boss;UN;Louças, Metais e Acessórios;1168974OBR.N;28/03/2025; 1.067,00 ; 10,00 ; 10.670,05 ;Código 12;Fornecedor 12;Personalização;343OBR.P;-
OBR;01020200201OBR;10243;Mini escavadeira de esteira locacao diaria;DIA;Locação de Equipamentos Pesados;672OBR.N;12/12/2024; 1.045,45 ; 0,61 ; 632,50 ;Código 15;Fornecedor 15;Geral;-;68OBR.C
OBR;01020200201OBR;10250;Retroescavadeira com pa carregadeira locacao diaria;DIA;Locação de Equipamentos Pesados;672OBR.N;12/12/2024; 1.568,02 ; 0,22 ; 347,94 ;Código 15;Fornecedor 15;Geral;-;68OBR.C
OBR;01020200201OBR;10243;Mini escavadeira de esteira locacao diaria;DIA;Locação de Equipamentos Pesados;582OBR.N;12/08/2024; 1.045,45 ; 5,20 ; 5.433,75 ;Código 15;Fornecedor 15;Geral;-;68OBR.C
OBR;01020200201OBR;10243;Mini escavadeira de esteira locacao diaria;DIA;Locação de Equipamentos Pesados;563OBR.N;29/07/2024; 1.045,45 ; 11,00 ; 11.500,00 ;Código 15;Fornecedor 15;Geral;-;68OBR.C
OBR;01020200201OBR;10243;Mini escavadeira de esteira locacao diaria;DIA;Locação de Equipamentos Pesados;1138OBR.N;26/07/2024; 460,00 ; 1,00 ; 460,00 ;Código 16;Fornecedor 16;Geral;-;684OBR.C
OBR;01020200201OBR;10243;Mini escavadeira de esteira locacao diaria;DIA;Locação de Equipamentos Pesados;1138OBR.N;26/07/2024; 1.311,00 ; 0,50 ; 655,50 ;Código 16;Fornecedor 16;Geral;-;684OBR.C
OBR;01020200201OBR;10243;Mini escavadeira de esteira locacao diaria;DIA;Locação de Equipamentos Pesados;541OBR.N;11/06/2024; 1.045,45 ; 5,20 ; 5.433,75 ;Código 15;Fornecedor 15;Geral;-;68OBR.C
OBR;01020200201OBR;10250;Retroescavadeira com pa carregadeira locacao diaria;DIA;Locação de Equipamentos Pesados;532OBR.N;28/05/2024; 1.568,20 ; 1,50 ; 2.348,22 ;Código 15;Fornecedor 15;Geral;-;68OBR.C
OBR;01020200201OBR;10225;Escavadeira locacao diaria;DIA;Locação de Equipamentos Pesados;476OBR.N;11/04/2024; 2.185,00 ; 11,33 ; 24.763,26 ;Código 15;Fornecedor 15;Geral;-;68OBR.C
OBR;01020200201OBR;10250;Retroescavadeira com pa carregadeira locacao diaria;DIA;Locação de Equipamentos Pesados;501OBR.N;11/04/2024; 1.568,18 ; 7,05 ; 11.049,71 ;Código 15;Fornecedor 15;Geral;-;68OBR.C
OBR;01020200201OBR;10225;Escavadeira locacao diaria;DIA;Locação de Equipamentos Pesados;501OBR.N;11/04/2024; 2.185,00 ; 10,67 ; 23.306,74 ;Código 15;Fornecedor 15;Geral;-;68OBR.C
OBR;01020200201OBR;10243;Mini escavadeira de esteira locacao diaria;DIA;Locação de Equipamentos Pesados;434OBR.N;08/01/2024; 1.552,50 ; 5,00 ; 7.762,50 ;Código 15;Fornecedor 15;Geral;-;68OBR.C
OBR;01020400102OBR;2884;"Caibro pinus 3"" x 3"" 3,0 m";UN;Madeira;349OBR.N;09/07/2024; 14,18 ; 0,02 ; 0,25 ;Código 18;Fornecedor 18;Geral;152OBR.P;-
OBR;01020400102OBR;2877;"Ripa de pinus 1"" x 3"" x 3,0 m";UN;Madeira;333OBR.N;09/07/2024; 4,39 ; 13,41 ; 58,82 ;Código 19;Fornecedor 19;Geral;152OBR.P;-
OBR;01020400103OBR;8846;Cadeado com segredo 25 mm;UN;Ferramentas;933183OBR.N;30/09/2024; 17,31 ; 10,00 ; 173,08 ;Código 21;Fornecedor 21;Geral;231OBR.P;-
OBR;01040200201OBR;10018;Conta de luz mensal - kWh;KWH;Energia elétrica;172867933OBR.N;24/06/2025; 1,15 ; 128,07 ; 147,28 ;Código 27;Fornecedor 27;Geral;141OBR.P;-
OBR;01040200201OBR;10018;Conta de luz mensal - kWh;KWH;Energia elétrica;167313882OBR.N;22/05/2025; 1,15 ; 207,92 ; 239,11 ;Código 27;Fornecedor 27;Geral;141OBR.P;-
OBR;01040200201OBR;10018;Conta de luz mensal - kWh;KWH;Energia elétrica;161975034OBR.N;24/04/2025; 1,15 ; 190,88 ; 219,51 ;Código 27;Fornecedor 27;Geral;141OBR.P;-
OBR;01040200201OBR;10018;Conta de luz mensal - kWh;KWH;Energia elétrica;156593212OBR.N;25/03/2025; 1,15 ; 263,48 ; 303,00 ;Código 27;Fornecedor 27;Geral;141OBR.P;-
OBR;01040200201OBR;10018;Conta de luz mensal - kWh;KWH;Energia elétrica;150940662OBR.N;21/02/2025; 1,15 ; 273,07 ; 314,03 ;Código 27;Fornecedor 27;Geral;141OBR.P;-
OBR;01040200201OBR;10018;Conta de luz mensal - kWh;KWH;Energia elétrica;146582309OBR.N;22/01/2025; 1,15 ; 233,75 ; 268,81 ;Código 27;Fornecedor 27;Geral;141OBR.P;-
OBR;01040200201OBR;10018;Conta de luz mensal - kWh;KWH;Energia elétrica;140266067OBR.N;22/12/2024; 1,15 ; 308,92 ; 355,26 ;Código 27;Fornecedor 27;Geral;141OBR.P;-
OBR;01040200201OBR;10018;Conta de luz mensal - kWh;KWH;Energia elétrica;133600057OBR.N;26/11/2024; 1,15 ; 290,11 ; 333,63 ;Código 27;Fornecedor 27;Geral;141OBR.P;-
OBR;01040200201OBR;10018;Conta de luz mensal - kWh;KWH;Energia elétrica;128418739OBR.N;24/10/2024; 1,15 ; 283,44 ; 325,96 ;Código 27;Fornecedor 27;Geral;141OBR.P;-
OBR;01040200201OBR;10018;Conta de luz mensal - kWh;KWH;Energia elétrica;123101294OBR.N;23/09/2024; 1,15 ; 277,14 ; 318,71 ;Código 27;Fornecedor 27;Geral;141OBR.P;-
OBR;01040200201OBR;10018;Conta de luz mensal - kWh;KWH;Energia elétrica;117711892OBR.N;22/08/2024; 1,15 ; 812,21 ; 934,04 ;Código 27;Fornecedor 27;Geral;141OBR.P;-
OBR;01040200201OBR;10018;Conta de luz mensal - kWh;KWH;Energia elétrica;112313433OBR.N;29/07/2024; 1,15 ; 623,05 ; 716,51 ;Código 27;Fornecedor 27;Geral;141OBR.P;-
OBR;01040200201OBR;10018;Conta de luz mensal - kWh;KWH;Energia elétrica;107609091OBR.N;21/06/2024; 1,15 ; 735,21 ; 845,49 ;Código 27;Fornecedor 27;Geral;141OBR.P;-
OBR;01040200201OBR;10018;Conta de luz mensal - kWh;KWH;Energia elétrica;0524OBR.N;29/05/2024; 1,15 ; 515,27 ; 592,56 ;Código 27;Fornecedor 27;Geral;141OBR.P;-
OBR;01040200201OBR;10018;Conta de luz mensal - kWh;KWH;Energia elétrica;97001150OBR.N;23/04/2024; 1,04 ; 564,00 ; 584,00 ;Código 27;Fornecedor 27;Geral;-;-
OBR;01040200201OBR;10018;Conta de luz mensal - kWh;KWH;Energia elétrica;92311897OBR.N;26/03/2024; 1,03 ; 463,00 ; 474,63 ;Código 27;Fornecedor 27;Geral;-;-
OBR;01040200201OBR;10018;Conta de luz mensal - kWh;KWH;Energia elétrica;86619082OBR.N;23/02/2024; 1,04 ; 360,00 ; 373,92 ;Código 27;Fornecedor 27;Geral;-;-
OBR;01040200201OBR;10018;Conta de luz mensal - kWh;KWH;Energia elétrica;81173790OBR.N;24/01/2024; 1,13 ; 189,22 ; 213,26 ;Código 27;Fornecedor 27;Geral;-;129OBR.C
OBR;01040200201OBR;10018;Conta de luz mensal - kWh;KWH;Energia elétrica;76602623OBR.N;18/01/2024; 1,13 ; 142,52 ; 160,62 ;Código 27;Fornecedor 27;Geral;-;129OBR.C
OBR;01050100101OBR;10268;"Bomba submersivel locacao mensal 3""";MES;Locação de Equipamentos Leves;1108OBR.N;04/07/2025; 362,25 ; 1,00 ; 362,25 ;Código 30;Fornecedor 30;Geral;-;528OBR.C
OBR;01050100101OBR;10268;"Bomba submersivel locacao mensal 3""";MES;Locação de Equipamentos Leves;1083OBR.N;05/06/2025; 362,25 ; 1,00 ; 362,25 ;Código 30;Fornecedor 30;Geral;-;528OBR.C
OBR;01050100101OBR;10268;"Bomba submersivel locacao mensal 3""";MES;Locação de Equipamentos Leves;1058OBR.N;08/05/2025; 460,00 ; 2,32 ; 1.066,05 ;Código 30;Fornecedor 30;Geral;-;528OBR.C
OBR;01050100101OBR;10268;"Bomba submersivel locacao mensal 3""";MES;Locação de Equipamentos Leves;1031OBR.N;10/04/2025; 460,00 ; 0,79 ; 362,25 ;Código 30;Fornecedor 30;Geral;-;528OBR.C
OBR;01050100101OBR;10243;Mini escavadeira de esteira locacao diaria;DIA;Locação de Equipamentos Pesados;764OBR.N;04/04/2025; 1.552,50 ; 0,56 ; 873,28 ;Código 15;Fornecedor 15;Geral;-;68OBR.C
OBR;01050100101OBR;10248;Mini carregadeira bobcat locacao diaria;DIA;Locação de Equipamentos Pesados;764OBR.N;04/04/2025; 1.552,50 ; 0,94 ; 1.455,47 ;Código 15;Fornecedor 15;Geral;-;68OBR.C
OBR;01050100101OBR;10268;"Bomba submersivel locacao mensal 3""";MES;Locação de Equipamentos Leves;997OBR.N;05/03/2025; 460,00 ; 0,79 ; 362,25 ;Código 30;Fornecedor 30;Geral;-;528OBR.C
OBR;01050100101OBR;10268;"Bomba submersivel locacao mensal 3""";MES;Locação de Equipamentos Leves;962OBR.N;04/02/2025; 460,00 ; 0,79 ; 362,25 ;Código 30;Fornecedor 30;Geral;-;528OBR.C
OBR;01050100101OBR;10268;"Bomba submersivel locacao mensal 3""";MES;Locação de Equipamentos Leves;72972OBR.N;04/02/2025; 276,01 ; 0,94 ; 260,28 ;Código 31;Fornecedor 31;Geral;-;529OBR.C
OBR;01050100101OBR;10243;Mini escavadeira de esteira locacao diaria;DIA;Locação de Equipamentos Pesados;692OBR.N;15/01/2025; 2.300,00 ; 4,00 ; 9.200,00 ;Código 15;Fornecedor 15;Geral;-;68OBR.C
OBR;01050100101OBR;10243;Mini escavadeira de esteira locacao diaria;DIA;Locação de Equipamentos Pesados;692OBR.N;15/01/2025; 1.553,70 ; 0,02 ; 27,97 ;Código 15;Fornecedor 15;Geral;-;68OBR.C
OBR;01050100101OBR;10248;Mini carregadeira bobcat locacao diaria;DIA;Locação de Equipamentos Pesados;692OBR.N;15/01/2025; 1.553,70 ; 0,03 ; 46,61 ;Código 15;Fornecedor 15;Geral;-;68OBR.C
OBR;01050100101OBR;10243;Mini escavadeira de esteira locacao diaria;DIA;Locação de Equipamentos Pesados;672OBR.N;12/12/2024; 1.045,45 ; 0,61 ; 632,50 ;Código 15;Fornecedor 15;Geral;-;68OBR.C
OBR;01050100101OBR;10250;Retroescavadeira com pa carregadeira locacao diaria;DIA;Locação de Equipamentos Pesados;672OBR.N;12/12/2024; 1.568,02 ; 0,22 ; 347,94 ;Código 15;Fornecedor 15;Geral;-;68OBR.C
OBR;01050100101OBR;10268;"Bomba submersivel locacao mensal 3""";MES;Locação de Equipamentos Leves;880OBR.N;05/11/2024; 460,00 ; 0,38 ; 172,50 ;Código 30;Fornecedor 30;Geral;-;528OBR.C
OBR;01050100101OBR;10268;"Bomba submersivel locacao mensal 3""";MES;Locação de Equipamentos Leves;826OBR.N;04/09/2024; 460,00 ; 1,00 ; 460,00 ;Código 30;Fornecedor 30;Geral;-;528OBR.C
OBR;01050100101OBR;10248;Mini carregadeira bobcat locacao diaria;DIA;Locação de Equipamentos Pesados;582OBR.N;12/08/2024; 1.552,50 ; 7,00 ; 10.867,50 ;Código 15;Fornecedor 15;Geral;-;68OBR.C
OBR;01050100101OBR;10243;Mini escavadeira de esteira locacao diaria;DIA;Locação de Equipamentos Pesados;582OBR.N;12/08/2024; 1.045,45 ; 5,20 ; 5.433,75 ;Código 15;Fornecedor 15;Geral;-;68OBR.C
OBR;01050100101OBR;10268;"Bomba submersivel locacao mensal 3""";MES;Locação de Equipamentos Leves;799OBR.N;09/08/2024; 460,00 ; 0,84 ; 385,25 ;Código 30;Fornecedor 30;Geral;-;528OBR.C
OBR;01050100101OBR;10268;"Bomba submersivel locacao mensal 3""";MES;Locação de Equipamentos Leves;752OBR.N;07/08/2024; 460,00 ; 0,79 ; 362,25 ;Código 30;Fornecedor 30;Geral;-;528OBR.C
OBR;01050100101OBR;10252;Rolo compactador pe de carneiro locacao horaria;H;Locação de Equipamentos Pesados;236856OBR.N;03/08/2024; 7.475,00 ; 1,00 ; 7.475,00 ;Código 32;Fornecedor 32;Geral;-;565OBR.C
OBR;01050100101OBR;10243;Mini escavadeira de esteira locacao diaria;DIA;Locação de Equipamentos Pesados;563OBR.N;29/07/2024; 1.045,45 ; 11,00 ; 11.500,00 ;Código 15;Fornecedor 15;Geral;-;68OBR.C
OBR;01050100101OBR;10243;Mini escavadeira de esteira locacao diaria;DIA;Locação de Equipamentos Pesados;541OBR.N;11/06/2024; 1.045,45 ; 5,20 ; 5.433,75 ;Código 15;Fornecedor 15;Geral;-;68OBR.C
OBR;01050100101OBR;10250;Retroescavadeira com pa carregadeira locacao diaria;DIA;Locação de Equipamentos Pesados;532OBR.N;28/05/2024; 1.568,20 ; 1,50 ; 2.348,22 ;Código 15;Fornecedor 15;Geral;-;68OBR.C
OBR;01050100101OBR;10225;Escavadeira locacao diaria;DIA;Locação de Equipamentos Pesados;476OBR.N;11/04/2024; 2.990,00 ; 5,00 ; 14.950,00 ;Código 15;Fornecedor 15;Geral;-;68OBR.C
OBR;01050100101OBR;10225;Escavadeira locacao diaria;DIA;Locação de Equipamentos Pesados;476OBR.N;11/04/2024; 2.185,00 ; 5,67 ; 12.381,74 ;Código 15;Fornecedor 15;Geral;-;68OBR.C
OBR;01050100101OBR;10250;Retroescavadeira com pa carregadeira locacao diaria;DIA;Locação de Equipamentos Pesados;501OBR.N;11/04/2024; 1.568,18 ; 7,05 ; 11.049,71 ;Código 15;Fornecedor 15;Geral;-;68OBR.C
OBR;01050100101OBR;10225;Escavadeira locacao diaria;DIA;Locação de Equipamentos Pesados;501OBR.N;11/04/2024; 2.185,00 ; 5,33 ; 11.653,26 ;Código 15;Fornecedor 15;Geral;-;68OBR.C
OBR;01050100102OBR;10296;Pistola de fixacao fincapino a polvora locacao mensal;MES;Locação de Equipamentos Leves;1108OBR.N;04/07/2025; 304,75 ; 1,00 ; 304,75 ;Código 30;Fornecedor 30;Geral;-;528OBR.C
OBR;01050100102OBR;10295;"Serra circular manual locacao diária 7.1/4""";DIA;Locação de Equipamentos Leves;1108OBR.N;04/07/2025; 258,75 ; 1,00 ; 258,75 ;Código 30;Fornecedor 30;Geral;-;528OBR.C
OBR;01050100102OBR;10293;Paleteira locacao mensal;MES;Locação de Equipamentos Leves;1108OBR.N;04/07/2025; 327,75 ; 1,00 ; 327,75 ;Código 30;Fornecedor 30;Geral;-;528OBR.C
OBR;01050100102OBR;10286;Martelete locacao mensal 10 kg;MES;Locação de Equipamentos Leves;1108OBR.N;04/07/2025; 447,35 ; 1,00 ; 447,35 ;Código 30;Fornecedor 30;Geral;-;528OBR.C
OBR;01050100102OBR;10260;Caminhao munck ate 12 ton locacao horaria;H;Locação de Equipamentos Pesados;1047OBR.N;20/06/2025; 379,50 ; 3,03 ; 1.150,00 ;Código 33;Fornecedor 33;Geral;-;429OBR.C
OBR;01050100102OBR;10296;Pistola de fixacao fincapino a polvora locacao mensal;MES;Locação de Equipamentos Leves;1083OBR.N;05/06/2025; 304,75 ; 1,00 ; 304,75 ;Código 30;Fornecedor 30;Geral;-;528OBR.C
OBR;01050100102OBR;10295;"Serra circular manual locacao diária 7.1/4""";DIA;Locação de Equipamentos Leves;1083OBR.N;05/06/2025; 258,75 ; 1,00 ; 258,75 ;Código 30;Fornecedor 30;Geral;-;528OBR.C
OBR;01050100102OBR;10293;Paleteira locacao mensal;MES;Locação de Equipamentos Leves;1083OBR.N;05/06/2025; 327,75 ; 1,00 ; 327,75 ;Código 30;Fornecedor 30;Geral;-;528OBR.C
OBR;01050100102OBR;10286;Martelete locacao mensal 10 kg;MES;Locação de Equipamentos Leves;1083OBR.N;05/06/2025; 447,35 ; 1,00 ; 447,35 ;Código 30;Fornecedor 30;Geral;-;528OBR.C
OBR;01050100102OBR;10278;Guincho de coluna locacao mensal;MES;Locação de Equipamentos Leves;75267OBR.N;05/06/2025; 86,25 ; 1,00 ; 86,25 ;Código 31;Fornecedor 31;Geral;-;529OBR.C
OBR;01050100102OBR;10271;Carro para blocos/tijolos para minigrua locacao mensal;MES;Locação de Equipamentos Leves;75267OBR.N;05/06/2025; 207,00 ; 1,00 ; 207,00 ;Código 31;Fornecedor 31;Geral;-;529OBR.C
OBR;01050100102OBR;10269;Carro girica para minigrua locacao diaria;DIA;Locação de Equipamentos Leves;75267OBR.N;05/06/2025; 345,00 ; 1,50 ; 517,50 ;Código 31;Fornecedor 31;Geral;-;529OBR.C
OBR;01050100102OBR;10280;Furadeira de impacto SDS Plus locacao mensal;MES;Locação de Equipamentos Leves;75267OBR.N;05/06/2025; 230,00 ; 1,00 ; 230,00 ;Código 31;Fornecedor 31;Geral;-;529OBR.C
OBR;01050100102OBR;10278;Guincho de coluna locacao mensal;MES;Locação de Equipamentos Leves;75267OBR.N;05/06/2025; 345,00 ; 1,00 ; 345,00 ;Código 31;Fornecedor 31;Geral;-;529OBR.C
OBR;01050100102OBR;10253;Minigrua locacao mensal;MES;Locação de Equipamentos Leves;75267OBR.N;05/06/2025; 920,00 ; 0,19 ; 172,50 ;Código 31;Fornecedor 31;Geral;-;529OBR.C
OBR;01050100102OBR;10271;Carro para blocos/tijolos para minigrua locacao mensal;MES;Locação de Equipamentos Leves;74692OBR.N;09/05/2025; 207,00 ; 1,00 ; 207,00 ;Código 31;Fornecedor 31;Geral;-;529OBR.C
OBR;01050100102OBR;10269;Carro girica para minigrua locacao diaria;DIA;Locação de Equipamentos Leves;74692OBR.N;09/05/2025; 172,50 ; 2,00 ; 345,00 ;Código 31;Fornecedor 31;Geral;-;529OBR.C
OBR;01050100102OBR;10278;Guincho de coluna locacao mensal;MES;Locação de Equipamentos Leves;74692OBR.N;09/05/2025; 184,00 ; 1,88 ; 345,00 ;Código 31;Fornecedor 31;Geral;-;529OBR.C
OBR;01050100102OBR;10280;Furadeira de impacto SDS Plus locacao mensal;MES;Locação de Equipamentos Leves;74692OBR.N;09/05/2025; 230,00 ; 1,00 ; 230,00 ;Código 31;Fornecedor 31;Geral;-;529OBR.C
OBR;01050100102OBR;10278;Guincho de coluna locacao mensal;MES;Locação de Equipamentos Leves;74692OBR.N;09/05/2025; 345,00 ; 0,49 ; 168,19 ;Código 31;Fornecedor 31;Geral;-;529OBR.C
OBR;01050100102OBR;10253;Minigrua locacao mensal;MES;Locação de Equipamentos Leves;74692OBR.N;09/05/2025; 920,35 ; 0,10 ; 90,56 ;Código 31;Fornecedor 31;Geral;-;529OBR.C
OBR;01050100102OBR;10278;Guincho de coluna locacao mensal;MES;Locação de Equipamentos Leves;74694OBR.N;09/05/2025; 184,00 ; 0,81 ; 149,50 ;Código 31;Fornecedor 31;Geral;-;529OBR.C
OBR;01050100102OBR;10280;Furadeira de impacto SDS Plus locacao mensal;MES;Locação de Equipamentos Leves;1058OBR.N;08/05/2025; 224,25 ; 0,79 ; 177,68 ;Código 30;Fornecedor 30;Geral;-;528OBR.C
OBR;01050100102OBR;10280;Furadeira de impacto SDS Plus locacao mensal;MES;Locação de Equipamentos Leves;1058OBR.N;08/05/2025; 103,50 ; 3,00 ; 310,50 ;Código 30;Fornecedor 30;Geral;-;528OBR.C
OBR;01050100102OBR;10289;Mangueira para lavadora de pressao - locacao mensal;MES;Locação de Equipamentos Leves;1058OBR.N;08/05/2025; 5,75 ; 6,00 ; 34,50 ;Código 30;Fornecedor 30;Geral;-;528OBR.C
OBR;01050100102OBR;10279;"Esmerilhadeira locacao mensal 7""";MES;Locação de Equipamentos Leves;1058OBR.N;08/05/2025; 86,25 ; 2,00 ; 172,50 ;Código 30;Fornecedor 30;Geral;-;528OBR.C
OBR;01050100102OBR;10293;Paleteira locacao mensal;MES;Locação de Equipamentos Leves;1058OBR.N;08/05/2025; 327,75 ; 2,00 ; 655,50 ;Código 30;Fornecedor 30;Geral;-;528OBR.C
OBR;01050100102OBR;10280;Furadeira de impacto SDS Plus locacao mensal;MES;Locação de Equipamentos Leves;1058OBR.N;08/05/2025; 146,63 ; 3,00 ; 439,88 ;Código 30;Fornecedor 30;Geral;-;528OBR.C
OBR;01050100102OBR;10267;"Serra marmore locacao mensal 4""";MES;Locação de Equipamentos Leves;1058OBR.N;08/05/2025; 92,00 ; 0,50 ; 46,00 ;Código 30;Fornecedor 30;Geral;-;528OBR.C
OBR;01050100102OBR;10280;Furadeira de impacto SDS Plus locacao mensal;MES;Locação de Equipamentos Leves;1031OBR.N;10/04/2025; 224,25 ; 2,21 ; 495,07 ;Código 30;Fornecedor 30;Geral;-;528OBR.C
OBR;01050100102OBR;10267;"Serra marmore locacao mensal 4""";MES;Locação de Equipamentos Leves;1031OBR.N;10/04/2025; 57,50 ; 4,00 ; 230,00 ;Código 30;Fornecedor 30;Geral;-;528OBR.C
OBR;01050100102OBR;10280;Furadeira de impacto SDS Plus locacao mensal;MES;Locação de Equipamentos Leves;1031OBR.N;10/04/2025; 69,00 ; 3,00 ; 207,00 ;Código 30;Fornecedor 30;Geral;-;528OBR.C
OBR;01050100102OBR;10276;"Esmerilhadeira locacao mensal 4""";MES;Locação de Equipamentos Leves;1031OBR.N;10/04/2025; 69,00 ; 3,17 ; 218,50 ;Código 30;Fornecedor 30;Geral;-;528OBR.C
OBR;01050100102OBR;10295;"Serra circular manual locacao diária 7.1/4""";DIA;Locação de Equipamentos Leves;1031OBR.N;10/04/2025; 201,25 ; 2,00 ; 402,50 ;Código 30;Fornecedor 30;Geral;-;528OBR.C
OBR;01050100102OBR;10293;Paleteira locacao mensal;MES;Locação de Equipamentos Leves;1031OBR.N;10/04/2025; 327,75 ; 1,00 ; 327,75 ;Código 30;Fornecedor 30;Geral;-;528OBR.C
OBR;01050100102OBR;10280;Furadeira de impacto SDS Plus locacao mensal;MES;Locação de Equipamentos Leves;1031OBR.N;10/04/2025; 146,63 ; 3,00 ; 439,88 ;Código 30;Fornecedor 30;Geral;-;528OBR.C
OBR;01050100102OBR;10267;"Serra marmore locacao mensal 4""";MES;Locação de Equipamentos Leves;1031OBR.N;10/04/2025; 92,00 ; 3,13 ; 287,50 ;Código 30;Fornecedor 30;Geral;-;528OBR.C
OBR;01050100102OBR;10271;Carro para blocos/tijolos para minigrua locacao mensal;MES;Locação de Equipamentos Leves;74108OBR.N;01/04/2025; 207,00 ; 1,00 ; 207,00 ;Código 31;Fornecedor 31;Geral;-;529OBR.C
OBR;01050100102OBR;10269;Carro girica para minigrua locacao diaria;DIA;Locação de Equipamentos Leves;74108OBR.N;01/04/2025; 172,50 ; 2,00 ; 345,00 ;Código 31;Fornecedor 31;Geral;-;529OBR.C
OBR;01050100102OBR;10278;Guincho de coluna locacao mensal;MES;Locação de Equipamentos Leves;74108OBR.N;01/04/2025; 184,00 ; 1,74 ; 320,56 ;Código 31;Fornecedor 31;Geral;-;529OBR.C
OBR;01050100102OBR;10280;Furadeira de impacto SDS Plus locacao mensal;MES;Locação de Equipamentos Leves;74108OBR.N;01/04/2025; 230,00 ; 1,00 ; 230,00 ;Código 31;Fornecedor 31;Geral;-;529OBR.C
OBR;01050100102OBR;10286;Martelete locacao mensal 10 kg;MES;Locação de Equipamentos Leves;997OBR.N;05/03/2025; 212,74 ; 0,77 ; 163,30 ;Código 30;Fornecedor 30;Geral;-;528OBR.C
OBR;01050100102OBR;10295;"Serra circular manual locacao diária 7.1/4""";DIA;Locação de Equipamentos Leves;997OBR.N;05/03/2025; 57,50 ; 4,00 ; 230,00 ;Código 30;Fornecedor 30;Geral;-;528OBR.C
OBR;01050100102OBR;10292;Martelete locacao mensal 5 kg;MES;Locação de Equipamentos Leves;997OBR.N;05/03/2025; 155,22 ; 0,26 ; 39,67 ;Código 30;Fornecedor 30;Geral;-;528OBR.C
OBR;01050100102OBR;10295;"Serra circular manual locacao diária 7.1/4""";DIA;Locação de Equipamentos Leves;997OBR.N;05/03/2025; 201,25 ; 1,43 ; 287,50 ;Código 30;Fornecedor 30;Geral;-;528OBR.C
OBR;01050100102OBR;10293;Paleteira locacao mensal;MES;Locação de Equipamentos Leves;997OBR.N;05/03/2025; 327,75 ; 1,00 ; 327,75 ;Código 30;Fornecedor 30;Geral;-;528OBR.C
OBR;01050100102OBR;10292;Martelete locacao mensal 5 kg;MES;Locação de Equipamentos Leves;997OBR.N;05/03/2025; 304,72 ; 0,32 ; 97,17 ;Código 30;Fornecedor 30;Geral;-;528OBR.C
OBR;01050100102OBR;10267;"Serra marmore locacao mensal 4""";MES;Locação de Equipamentos Leves;997OBR.N;05/03/2025; 92,00 ; 6,00 ; 552,00 ;Código 30;Fornecedor 30;Geral;-;528OBR.C
OBR;01050100102OBR;10278;Guincho de coluna locacao mensal;MES;Locação de Equipamentos Leves;73494OBR.N;05/03/2025; 345,00 ; 3,38 ; 1.165,81 ;Código 31;Fornecedor 31;Geral;-;529OBR.C
OBR;01050100102OBR;10286;Martelete locacao mensal 10 kg;MES;Locação de Equipamentos Leves;962OBR.N;04/02/2025; 212,75 ; 3,23 ; 687,70 ;Código 30;Fornecedor 30;Geral;-;528OBR.C
OBR;01050100102OBR;10295;"Serra circular manual locacao diária 7.1/4""";DIA;Locação de Equipamentos Leves;962OBR.N;04/02/2025; 201,25 ; 2,57 ; 517,50 ;Código 30;Fornecedor 30;Geral;-;528OBR.C
OBR;01050100102OBR;10293;Paleteira locacao mensal;MES;Locação de Equipamentos Leves;962OBR.N;04/02/2025; 327,75 ; 1,00 ; 327,75 ;Código 30;Fornecedor 30;Geral;-;528OBR.C
OBR;01050100102OBR;10292;Martelete locacao mensal 5 kg;MES;Locação de Equipamentos Leves;962OBR.N;04/02/2025; 155,25 ; 3,00 ; 465,75 ;Código 30;Fornecedor 30;Geral;-;528OBR.C
OBR;01050100102OBR;10293;Paleteira locacao mensal;MES;Locação de Equipamentos Leves;72972OBR.N;04/02/2025; 138,00 ; 1,28 ; 176,72 ;Código 31;Fornecedor 31;Geral;-;529OBR.C
OBR;01050100102OBR;10293;Paleteira locacao mensal;MES;Locação de Equipamentos Leves;72972OBR.N;04/02/2025; 207,01 ; 1,67 ; 345,00 ;Código 31;Fornecedor 31;Geral;-;529OBR.C
OBR;01050100102OBR;10293;Paleteira locacao mensal;MES;Locação de Equipamentos Leves;72359OBR.N;08/01/2025; 138,00 ; 1,57 ; 216,58 ;Código 31;Fornecedor 31;Geral;-;529OBR.C
OBR;01050100102OBR;10293;Paleteira locacao mensal;MES;Locação de Equipamentos Leves;72359OBR.N;08/01/2025; 207,00 ; 1,67 ; 345,00 ;Código 31;Fornecedor 31;Geral;-;529OBR.C
OBR;01050100102OBR;10280;Furadeira de impacto SDS Plus locacao mensal;MES;Locação de Equipamentos Leves;72359OBR.N;08/01/2025; 169,62 ; 1,30 ; 220,42 ;Código 31;Fornecedor 31;Geral;-;529OBR.C
OBR;01050100102OBR;10286;Martelete locacao mensal 10 kg;MES;Locação de Equipamentos Leves;935OBR.N;07/01/2025; 212,75 ; 1,62 ; 345,00 ;Código 30;Fornecedor 30;Geral;-;528OBR.C
OBR;01050100102OBR;10293;Paleteira locacao mensal;MES;Locação de Equipamentos Leves;935OBR.N;07/01/2025; 172,50 ; 4,00 ; 690,00 ;Código 30;Fornecedor 30;Geral;-;528OBR.C
OBR;01050100102OBR;10292;Martelete locacao mensal 5 kg;MES;Locação de Equipamentos Leves;935OBR.N;07/01/2025; 155,25 ; 3,54 ; 549,70 ;Código 30;Fornecedor 30;Geral;-;528OBR.C
OBR;01050100102OBR;10292;Martelete locacao mensal 5 kg;MES;Locação de Equipamentos Leves;935OBR.N;07/01/2025; 304,76 ; 0,55 ; 169,05 ;Código 30;Fornecedor 30;Geral;-;528OBR.C
OBR;01050100102OBR;10267;"Serra marmore locacao mensal 4""";MES;Locação de Equipamentos Leves;935OBR.N;07/01/2025; 92,00 ; 4,38 ; 402,50 ;Código 30;Fornecedor 30;Geral;-;528OBR.C
OBR;01050100102OBR;10260;Caminhao munck ate 12 ton locacao horaria;H;Locação de Equipamentos Pesados;628OBR.N;18/12/2024; 379,50 ; 16,97 ; 6.440,00 ;Código 33;Fornecedor 33;Geral;-;429OBR.C
OBR;01050100102OBR;10289;Mangueira para lavadora de pressao - locacao mensal;MES;Locação de Equipamentos Leves;910OBR.N;09/12/2024; 2,88 ; 8,00 ; 23,00 ;Código 30;Fornecedor 30;Geral;-;528OBR.C
OBR;01050100102OBR;10289;Mangueira para lavadora de pressao - locacao mensal;MES;Locação de Equipamentos Leves;910OBR.N;09/12/2024; 2,88 ; 12,00 ; 34,50 ;Código 30;Fornecedor 30;Geral;-;528OBR.C
OBR;01050100102OBR;10286;Martelete locacao mensal 10 kg;MES;Locação de Equipamentos Leves;910OBR.N;09/12/2024; 212,74 ; 1,14 ; 241,50 ;Código 30;Fornecedor 30;Geral;-;528OBR.C
OBR;01050100102OBR;10289;Mangueira para lavadora de pressao - locacao mensal;MES;Locação de Equipamentos Leves;910OBR.N;09/12/2024; 5,75 ; 3,00 ; 17,25 ;Código 30;Fornecedor 30;Geral;-;528OBR.C
OBR;01050100102OBR;10289;Mangueira para lavadora de pressao - locacao mensal;MES;Locação de Equipamentos Leves;910OBR.N;09/12/2024; 5,75 ; 8,00 ; 46,00 ;Código 30;Fornecedor 30;Geral;-;528OBR.C
OBR;01050100102OBR;10279;"Esmerilhadeira locacao mensal 7""";MES;Locação de Equipamentos Leves;910OBR.N;09/12/2024; 86,25 ; 4,00 ; 345,00 ;Código 30;Fornecedor 30;Geral;-;528OBR.C
OBR;01050100102OBR;10276;"Esmerilhadeira locacao mensal 4""";MES;Locação de Equipamentos Leves;910OBR.N;09/12/2024; 69,00 ; 0,83 ; 57,50 ;Código 30;Fornecedor 30;Geral;-;528OBR.C
OBR;01050100102OBR;10293;Paleteira locacao mensal;MES;Locação de Equipamentos Leves;910OBR.N;09/12/2024; 327,75 ; 1,00 ; 327,75 ;Código 30;Fornecedor 30;Geral;-;528OBR.C
OBR;01050100102OBR;10292;Martelete locacao mensal 5 kg;MES;Locação de Equipamentos Leves;910OBR.N;09/12/2024; 304,75 ; 3,49 ; 1.064,32 ;Código 30;Fornecedor 30;Geral;-;528OBR.C
OBR;01050100102OBR;10293;Paleteira locacao mensal;MES;Locação de Equipamentos Leves;71723OBR.N;03/12/2024; 207,00 ; 1,00 ; 207,00 ;Código 31;Fornecedor 31;Geral;-;529OBR.C
OBR;01050100102OBR;10293;Paleteira locacao mensal;MES;Locação de Equipamentos Leves;71723OBR.N;03/12/2024; 207,00 ; 1,67 ; 345,00 ;Código 31;Fornecedor 31;Geral;-;529OBR.C
OBR;01050100102OBR;10280;Furadeira de impacto SDS Plus locacao mensal;MES;Locação de Equipamentos Leves;71723OBR.N;03/12/2024; 169,63 ; 1,36 ; 230,00 ;Código 31;Fornecedor 31;Geral;-;529OBR.C
OBR;01050100102OBR;10286;Martelete locacao mensal 10 kg;MES;Locação de Equipamentos Leves;880OBR.N;05/11/2024; 212,76 ; 1,54 ; 327,75 ;Código 30;Fornecedor 30;Geral;-;528OBR.C
OBR;01050100102OBR;10295;"Serra circular manual locacao diária 7.1/4""";DIA;Locação de Equipamentos Leves;880OBR.N;05/11/2024; 69,00 ; 3,00 ; 207,00 ;Código 30;Fornecedor 30;Geral;-;528OBR.C
OBR;01050100102OBR;10292;Martelete locacao mensal 5 kg;MES;Locação de Equipamentos Leves;880OBR.N;05/11/2024; 155,25 ; 1,09 ; 169,63 ;Código 30;Fornecedor 30;Geral;-;528OBR.C
OBR;01050100102OBR;10295;"Serra circular manual locacao diária 7.1/4""";DIA;Locação de Equipamentos Leves;880OBR.N;05/11/2024; 201,26 ; 0,66 ; 132,25 ;Código 30;Fornecedor 30;Geral;-;528OBR.C
OBR;01050100102OBR;10293;Paleteira locacao mensal;MES;Locação de Equipamentos Leves;880OBR.N;05/11/2024; 327,75 ; 1,00 ; 327,75 ;Código 30;Fornecedor 30;Geral;-;528OBR.C
OBR;01050100102OBR;10292;Martelete locacao mensal 5 kg;MES;Locação de Equipamentos Leves;880OBR.N;05/11/2024; 304,74 ; 1,08 ; 327,75 ;Código 30;Fornecedor 30;Geral;-;528OBR.C
OBR;01050100102OBR;10293;Paleteira locacao mensal;MES;Locação de Equipamentos Leves;71101OBR.N;05/11/2024; 207,00 ; 1,00 ; 207,00 ;Código 31;Fornecedor 31;Geral;-;529OBR.C
OBR;01050100102OBR;10269;Carro girica para minigrua locacao diaria;DIA;Locação de Equipamentos Leves;71101OBR.N;05/11/2024; 172,50 ; 2,00 ; 345,00 ;Código 31;Fornecedor 31;Geral;-;529OBR.C
OBR;01050100102OBR;10280;Furadeira de impacto SDS Plus locacao mensal;MES;Locação de Equipamentos Leves;71101OBR.N;05/11/2024; 169,63 ; 1,36 ; 230,00 ;Código 31;Fornecedor 31;Geral;-;529OBR.C
OBR;01050100102OBR;10260;Caminhao munck ate 12 ton locacao horaria;H;Locação de Equipamentos Pesados;508OBR.N;14/10/2024; 2.300,00 ; 0,18 ; 402,50 ;Código 33;Fornecedor 33;Geral;-;164OBR.C
OBR;01050100102OBR;10260;Caminhao munck ate 12 ton locacao horaria;H;Locação de Equipamentos Pesados;503OBR.N;14/10/2024; 230,00 ; 5,00 ; 1.150,00 ;Código 33;Fornecedor 33;Geral;-;116OBR.C
OBR;01050100102OBR;10260;Caminhao munck ate 12 ton locacao horaria;H;Locação de Equipamentos Pesados;503OBR.N;14/10/2024; 2.300,00 ; 0,09 ; 207,00 ;Código 33;Fornecedor 33;Geral;-;116OBR.C
OBR;01050100102OBR;10286;Martelete locacao mensal 10 kg;MES;Locação de Equipamentos Leves;854OBR.N;08/10/2024; 212,75 ; 2,70 ; 575,00 ;Código 30;Fornecedor 30;Geral;-;528OBR.C
OBR;01050100102OBR;10292;Martelete locacao mensal 5 kg;MES;Locação de Equipamentos Leves;854OBR.N;08/10/2024; 155,25 ; 1,11 ; 172,50 ;Código 30;Fornecedor 30;Geral;-;528OBR.C
OBR;01050100102OBR;10295;"Serra circular manual locacao diária 7.1/4""";DIA;Locação de Equipamentos Leves;854OBR.N;08/10/2024; 201,25 ; 2,00 ; 402,50 ;Código 30;Fornecedor 30;Geral;-;528OBR.C
OBR;01050100102OBR;10293;Paleteira locacao mensal;MES;Locação de Equipamentos Leves;854OBR.N;08/10/2024; 327,75 ; 1,00 ; 327,75 ;Código 30;Fornecedor 30;Geral;-;528OBR.C
OBR;01050100102OBR;10292;Martelete locacao mensal 5 kg;MES;Locação de Equipamentos Leves;854OBR.N;08/10/2024; 304,75 ; 0,56 ; 169,63 ;Código 30;Fornecedor 30;Geral;-;528OBR.C
OBR;01050100102OBR;10293;Paleteira locacao mensal;MES;Locação de Equipamentos Leves;70437OBR.N;07/10/2024; 138,00 ; 1,15 ; 158,70 ;Código 31;Fornecedor 31;Geral;-;529OBR.C
OBR;01050100102OBR;10293;Paleteira locacao mensal;MES;Locação de Equipamentos Leves;70437OBR.N;07/10/2024; 69,00 ; 0,63 ; 43,70 ;Código 31;Fornecedor 31;Geral;-;529OBR.C
OBR;01050100102OBR;10269;Carro girica para minigrua locacao diaria;DIA;Locação de Equipamentos Leves;70437OBR.N;07/10/2024; 172,50 ; 2,00 ; 345,00 ;Código 31;Fornecedor 31;Geral;-;529OBR.C
OBR;01050100102OBR;10278;Guincho de coluna locacao mensal;MES;Locação de Equipamentos Leves;70437OBR.N;07/10/2024; 184,00 ; 0,79 ; 145,67 ;Código 31;Fornecedor 31;Geral;-;529OBR.C
OBR;01050100102OBR;10280;Furadeira de impacto SDS Plus locacao mensal;MES;Locação de Equipamentos Leves;70437OBR.N;07/10/2024; 169,62 ; 1,02 ; 173,81 ;Código 31;Fornecedor 31;Geral;-;529OBR.C
OBR;01050100102OBR;10278;Guincho de coluna locacao mensal;MES;Locação de Equipamentos Leves;70437OBR.N;07/10/2024; 345,02 ; 0,63 ; 218,50 ;Código 31;Fornecedor 31;Geral;-;529OBR.C
OBR;01050100102OBR;10253;Minigrua locacao mensal;MES;Locação de Equipamentos Leves;69825OBR.N;05/09/2024; 920,00 ; 0,13 ; 115,00 ;Código 31;Fornecedor 31;Geral;-;529OBR.C
OBR;01050100102OBR;10253;Minigrua locacao mensal;MES;Locação de Equipamentos Leves;69828OBR.N;05/09/2024; 586,50 ; 1,00 ; 586,50 ;Código 31;Fornecedor 31;Geral;-;529OBR.C
OBR;01050100102OBR;10253;Minigrua locacao mensal;MES;Locação de Equipamentos Leves;69824OBR.N;05/09/2024; 115,00 ; 1,00 ; 115,00 ;Código 31;Fornecedor 31;Geral;-;529OBR.C
OBR;01050100102OBR;10295;"Serra circular manual locacao diária 7.1/4""";DIA;Locação de Equipamentos Leves;826OBR.N;04/09/2024; 201,24 ; 1,34 ; 270,25 ;Código 30;Fornecedor 30;Geral;-;528OBR.C
OBR;01050100102OBR;10280;Furadeira de impacto SDS Plus locacao mensal;MES;Locação de Equipamentos Leves;826OBR.N;04/09/2024; 146,63 ; 1,00 ; 146,63 ;Código 30;Fornecedor 30;Geral;-;528OBR.C
OBR;01050100102OBR;10293;Paleteira locacao mensal;MES;Locação de Equipamentos Leves;69823OBR.N;04/09/2024; 207,00 ; 1,00 ; 207,00 ;Código 31;Fornecedor 31;Geral;-;529OBR.C
OBR;01050100102OBR;10293;Paleteira locacao mensal;MES;Locação de Equipamentos Leves;69823OBR.N;04/09/2024; 69,00 ; 1,00 ; 69,00 ;Código 31;Fornecedor 31;Geral;-;529OBR.C
OBR;01050100102OBR;10269;Carro girica para minigrua locacao diaria;DIA;Locação de Equipamentos Leves;69823OBR.N;04/09/2024; 172,50 ; 2,00 ; 345,00 ;Código 31;Fornecedor 31;Geral;-;529OBR.C
OBR;01050100102OBR;10280;Furadeira de impacto SDS Plus locacao mensal;MES;Locação de Equipamentos Leves;69823OBR.N;04/09/2024; 169,63 ; 0,96 ; 163,52 ;Código 31;Fornecedor 31;Geral;-;529OBR.C
OBR;01050100102OBR;10278;Guincho de coluna locacao mensal;MES;Locação de Equipamentos Leves;69823OBR.N;04/09/2024; 345,00 ; 1,00 ; 345,00 ;Código 31;Fornecedor 31;Geral;-;529OBR.C
OBR;01050100102OBR;10253;Minigrua locacao mensal;MES;Locação de Equipamentos Leves;69823OBR.N;04/09/2024; 920,00 ; 0,75 ; 690,00 ;Código 31;Fornecedor 31;Geral;-;529OBR.C
OBR;01050100102OBR;10291;Nivel laser locacao mensal 50 metros;MES;Locação de Equipamentos Leves;239059OBR.N;03/09/2024; 920,00 ; 1,00 ; 920,00 ;Código 32;Fornecedor 32;Geral;-;565OBR.C
OBR;01050100102OBR;10293;Paleteira locacao mensal;MES;Locação de Equipamentos Leves;69112OBR.N;17/08/2024; 69,00 ; 1,00 ; 69,00 ;Código 31;Fornecedor 31;Geral;-;529OBR.C
OBR;01050100102OBR;10278;Guincho de coluna locacao mensal;MES;Locação de Equipamentos Leves;69112OBR.N;17/08/2024; 184,00 ; 1,00 ; 184,00 ;Código 31;Fornecedor 31;Geral;-;529OBR.C
OBR;01050100102OBR;10278;Guincho de coluna locacao mensal;MES;Locação de Equipamentos Leves;69112OBR.N;17/08/2024; 345,00 ; 1,00 ; 345,00 ;Código 31;Fornecedor 31;Geral;-;529OBR.C
OBR;01050100102OBR;10253;Minigrua locacao mensal;MES;Locação de Equipamentos Leves;69112OBR.N;17/08/2024; 919,99 ; 1,13 ; 1.036,92 ;Código 31;Fornecedor 31;Geral;-;529OBR.C
OBR;01050100102OBR;10295;"Serra circular manual locacao diária 7.1/4""";DIA;Locação de Equipamentos Leves;799OBR.N;09/08/2024; 201,25 ; 1,00 ; 201,25 ;Código 30;Fornecedor 30;Geral;-;528OBR.C
OBR;01050100102OBR;10280;Furadeira de impacto SDS Plus locacao mensal;MES;Locação de Equipamentos Leves;799OBR.N;09/08/2024; 146,63 ; 1,00 ; 146,63 ;Código 30;Fornecedor 30;Geral;-;528OBR.C
OBR;01050100102OBR;10295;"Serra circular manual locacao diária 7.1/4""";DIA;Locação de Equipamentos Leves;752OBR.N;07/08/2024; 201,25 ; 1,00 ; 201,25 ;Código 30;Fornecedor 30;Geral;-;528OBR.C
OBR;01050100102OBR;10280;Furadeira de impacto SDS Plus locacao mensal;MES;Locação de Equipamentos Leves;752OBR.N;07/08/2024; 146,63 ; 1,00 ; 146,63 ;Código 30;Fornecedor 30;Geral;-;528OBR.C
OBR;01050100102OBR;10291;Nivel laser locacao mensal 50 metros;MES;Locação de Equipamentos Leves;237121OBR.N;06/08/2024; 920,00 ; 1,00 ; 920,00 ;Código 32;Fornecedor 32;Geral;-;565OBR.C
OBR;01050100102OBR;10284;Martelete combinado locacao mensal 5 kg;MES;Locação de Equipamentos Leves;68416OBR.N;08/07/2024; 5,75 ; 4,00 ; 23,00 ;Código 31;Fornecedor 31;Geral;-;529OBR.C
OBR;01050100102OBR;10293;Paleteira locacao mensal;MES;Locação de Equipamentos Leves;68416OBR.N;08/07/2024; 69,00 ; 2,00 ; 138,00 ;Código 31;Fornecedor 31;Geral;-;529OBR.C
OBR;01050100102OBR;10269;Carro girica para minigrua locacao diaria;DIA;Locação de Equipamentos Leves;68416OBR.N;08/07/2024; 172,50 ; 2,00 ; 345,00 ;Código 31;Fornecedor 31;Geral;-;529OBR.C
OBR;01050100102OBR;10278;Guincho de coluna locacao mensal;MES;Locação de Equipamentos Leves;68416OBR.N;08/07/2024; 184,00 ; 1,00 ; 184,00 ;Código 31;Fornecedor 31;Geral;-;529OBR.C
OBR;01050100102OBR;10278;Guincho de coluna locacao mensal;MES;Locação de Equipamentos Leves;68416OBR.N;08/07/2024; 345,00 ; 1,00 ; 345,00 ;Código 31;Fornecedor 31;Geral;-;529OBR.C
OBR;01050100102OBR;10253;Minigrua locacao mensal;MES;Locação de Equipamentos Leves;68416OBR.N;08/07/2024; 920,00 ; 1,00 ; 920,00 ;Código 31;Fornecedor 31;Geral;-;529OBR.C
OBR;01050100102OBR;10291;Nivel laser locacao mensal 50 metros;MES;Locação de Equipamentos Leves;235066OBR.N;04/07/2024; 920,00 ; 1,00 ; 920,00 ;Código 32;Fornecedor 32;Geral;-;565OBR.C
OBR;01050100102OBR;10291;Nivel laser locacao mensal 50 metros;MES;Locação de Equipamentos Leves;233579OBR.N;01/07/2024; 920,00 ; 1,00 ; 920,00 ;Código 32;Fornecedor 32;Geral;-;565OBR.C
OBR;01050100102OBR;10284;Martelete combinado locacao mensal 5 kg;MES;Locação de Equipamentos Leves;250OBR.N;20/06/2024; 5,75 ; 20,00 ; 115,00 ;Código 31;Fornecedor 31;Geral;-;529OBR.C
OBR;01050100102OBR;10278;Guincho de coluna locacao mensal;MES;Locação de Equipamentos Leves;250OBR.N;20/06/2024; 345,00 ; 0,50 ; 172,50 ;Código 31;Fornecedor 31;Geral;-;529OBR.C
OBR;01050100102OBR;10260;Caminhao munck ate 12 ton locacao horaria;H;Locação de Equipamentos Pesados;180OBR.N;07/06/2024; 3.036,04 ; 2,83 ; 8.602,00 ;Código 33;Fornecedor 33;Geral;-;429OBR.C
OBR;01050100102OBR;10260;Caminhao munck ate 12 ton locacao horaria;H;Locação de Equipamentos Pesados;3191OBR.N;03/06/2024; 3.035,91 ; 1,17 ; 3.542,00 ;Código 33;Fornecedor 33;Geral;-;429OBR.C
OBR;01050100102OBR;10291;Nivel laser locacao mensal 50 metros;MES;Locação de Equipamentos Leves;229884OBR.N;05/04/2024; 920,00 ; 1,00 ; 920,00 ;Código 32;Fornecedor 32;Geral;61OBR.P;-
OBR;01050100102OBR;10260;Caminhao munck ate 12 ton locacao horaria;H;Locação de Equipamentos Pesados;3076OBR.N;16/02/2024; 2.300,00 ; 0,83 ; 1.897,50 ;Código 33;Fornecedor 33;Geral;-;164OBR.C
OBR;01050100102OBR;10260;Caminhao munck ate 12 ton locacao horaria;H;Locação de Equipamentos Pesados;3077OBR.N;16/02/2024; 2.300,00 ; 1,41 ; 3.243,00 ;Código 33;Fornecedor 33;Geral;-;116OBR.C
OBR;01050100102OBR;10291;Nivel laser locacao mensal 50 metros;MES;Locação de Equipamentos Leves;225270OBR.N;18/01/2024; 1.035,00 ; 1,00 ; 1.035,00 ;Código 32;Fornecedor 32;Geral;25OBR.P;-
OBR;01050200202OBR;8005;Papel higienico 60 m pacote 16 rolos;PCT;Materiais de Higiene e Limpeza;57697OBR.N;15/04/2025; 27,64 ; 3,00 ; 82,91 ;Código 17;Fornecedor 17;Geral;390OBR.P;-
OBR;01050200202OBR;7998;Papel toalha pacote com 1000 unidades;PCT;Materiais de Higiene e Limpeza;57697OBR.N;15/04/2025; 17,21 ; 6,00 ; 103,25 ;Código 17;Fornecedor 17;Geral;390OBR.P;-
OBR;01050200202OBR;9130;Rodo aluminio com cabo em madeira plastificado 1,2 m 40 cm;UN;Ferramentas;55546OBR.N;12/03/2025; 9,66 ; 1,00 ; 9,66 ;Código 17;Fornecedor 17;Geral;369OBR.P;-
OBR;01050200202OBR;9258;Vassourao com cabo e cerdas piacava 40 cm;UN;Materiais de Escritório e Informática;18734OBR.N;10/03/2025; 40,03 ; 1,00 ; 40,03 ;Código 38;Fornecedor 38;Geral;363OBR.P;-
OBR;01050200202OBR;9252;Vassoura com cabo e cerdas de nylon 30 cm;UN;Materiais de Escritório e Informática;18734OBR.N;10/03/2025; 8,48 ; 5,00 ; 42,38 ;Código 38;Fornecedor 38;Geral;363OBR.P;-
OBR;01050200202OBR;8031;Desinfetante 5 L;UN;Materiais de Higiene e Limpeza;18734OBR.N;10/03/2025; 10,68 ; 5,00 ; 53,42 ;Código 38;Fornecedor 38;Geral;363OBR.P;-
OBR;01050200202OBR;8030;Detergente 5 L;UN;Materiais de Higiene e Limpeza;18734OBR.N;10/03/2025; 11,49 ; 5,00 ; 57,44 ;Código 38;Fornecedor 38;Geral;363OBR.P;-
OBR;01050200202OBR;8007;Pano para limpeza;UN;Materiais de Higiene e Limpeza;18734OBR.N;10/03/2025; 3,57 ; 20,00 ; 71,30 ;Código 38;Fornecedor 38;Geral;363OBR.P;-
OBR;01050200202OBR;7998;Papel toalha pacote com 1000 unidades;PCT;Materiais de Higiene e Limpeza;18734OBR.N;10/03/2025; 15,53 ; 10,00 ; 155,25 ;Código 38;Fornecedor 38;Geral;363OBR.P;-
OBR;01050200202OBR;8032;Copo descartavel pacote 100 unidades;PCT;Materiais de Higiene e Limpeza;53556OBR.N;05/02/2025; 5,35 ; 120,00 ; 641,70 ;Código 17;Fornecedor 17;Geral;350OBR.P;-
OBR;01050200202OBR;9006;Esponja multiuso dupla face;UN;Ferramentas;948163OBR.N;12/12/2024; 0,56 ; 32,00 ; 18,03 ;Código 21;Fornecedor 21;Geral;290OBR.P;-
OBR;01050200202OBR;8030;Detergente 5 L;UN;Materiais de Higiene e Limpeza;948163OBR.N;12/12/2024; 15,59 ; 5,00 ; 77,97 ;Código 21;Fornecedor 21;Geral;290OBR.P;-
OBR;01050200202OBR;8007;Pano para limpeza;UN;Materiais de Higiene e Limpeza;948163OBR.N;12/12/2024; 3,48 ; 20,00 ; 69,69 ;Código 21;Fornecedor 21;Geral;290OBR.P;-
OBR;01050200202OBR;7998;Papel toalha pacote com 1000 unidades;PCT;Materiais de Higiene e Limpeza;948163OBR.N;12/12/2024; 13,89 ; 5,00 ; 69,46 ;Código 21;Fornecedor 21;Geral;290OBR.P;-
OBR;01050200202OBR;7985;Saco de lixo 0,05 Micras 100 L pacote com 100 unidades;PCT;Materiais de Higiene e Limpeza;948163OBR.N;12/12/2024; 25,15 ; 5,00 ; 125,75 ;Código 21;Fornecedor 21;Geral;290OBR.P;-
OBR;01050200202OBR;7976;Saco de lixo 0,08 Micras 200 L pacote com 100 unidades;PCT;Materiais de Higiene e Limpeza;948163OBR.N;12/12/2024; 76,48 ; 5,00 ; 382,38 ;Código 21;Fornecedor 21;Geral;290OBR.P;-
OBR;01050200202OBR;7972;Saco de lixo 0,05 Micras 50 L pacote com 100 unidades;PCT;Materiais de Higiene e Limpeza;948163OBR.N;12/12/2024; 24,08 ; 5,00 ; 120,41 ;Código 21;Fornecedor 21;Geral;290OBR.P;-
OBR;01050200202OBR;8032;Copo descartavel pacote 100 unidades;PCT;Materiais de Higiene e Limpeza;933183OBR.N;30/09/2024; 4,47 ; 24,00 ; 107,36 ;Código 21;Fornecedor 21;Geral;231OBR.P;-
OBR;01050200202OBR;8031;Desinfetante 5 L;UN;Materiais de Higiene e Limpeza;933183OBR.N;30/09/2024; 11,34 ; 10,00 ; 113,39 ;Código 21;Fornecedor 21;Geral;231OBR.P;-
OBR;01050200202OBR;8005;Papel higienico 60 m pacote 16 rolos;PCT;Materiais de Higiene e Limpeza;933183OBR.N;30/09/2024; 23,54 ; 20,00 ; 470,81 ;Código 21;Fornecedor 21;Geral;231OBR.P;-
OBR;01050200202OBR;8032;Copo descartavel pacote 100 unidades;PCT;Materiais de Higiene e Limpeza;48825OBR.N;30/09/2024; 5,87 ; 100,00 ; 586,50 ;Código 17;Fornecedor 17;Geral;211OBR.P;-
OBR;01050200202OBR;8005;Papel higienico 60 m pacote 16 rolos;PCT;Materiais de Higiene e Limpeza;47598OBR.N;17/08/2024; 28,75 ; 33,00 ; 948,75 ;Código 17;Fornecedor 17;Geral;183OBR.P;-
OBR;01050200202OBR;7985;Saco de lixo 0,05 Micras 100 L pacote com 100 unidades;PCT;Materiais de Higiene e Limpeza;47833OBR.N;07/08/2024; 49,34 ; 10,00 ; 493,35 ;Código 17;Fornecedor 17;Geral;187OBR.P;-
OBR;01050200202OBR;7972;Saco de lixo 0,05 Micras 50 L pacote com 100 unidades;PCT;Materiais de Higiene e Limpeza;47833OBR.N;07/08/2024; 20,93 ; 10,00 ; 209,30 ;Código 17;Fornecedor 17;Geral;187OBR.P;-
OBR;01050200202OBR;8007;Pano para limpeza;UN;Materiais de Higiene e Limpeza;47833OBR.N;07/08/2024; 3,57 ; 10,00 ; 35,65 ;Código 17;Fornecedor 17;Geral;187OBR.P;-
OBR;01050200202OBR;7988;Sabonete liquido 5L;UN;Materiais de Higiene e Limpeza;47833OBR.N;07/08/2024; 24,15 ; 5,00 ; 120,75 ;Código 17;Fornecedor 17;Geral;187OBR.P;-
OBR;01050200202OBR;8030;Detergente 5 L;UN;Materiais de Higiene e Limpeza;47833OBR.N;07/08/2024; 13,80 ; 5,00 ; 69,00 ;Código 17;Fornecedor 17;Geral;187OBR.P;-
OBR;01050200202OBR;8031;Desinfetante 5 L;UN;Materiais de Higiene e Limpeza;47833OBR.N;07/08/2024; 10,47 ; 10,00 ; 104,65 ;Código 17;Fornecedor 17;Geral;187OBR.P;-
OBR;01050200202OBR;7988;Sabonete liquido 5L;UN;Materiais de Higiene e Limpeza;47833OBR.N;07/08/2024; 10,01 ; 5,00 ; 50,03 ;Código 17;Fornecedor 17;Geral;187OBR.P;-
OBR;01050200202OBR;8032;Copo descartavel pacote 100 unidades;PCT;Materiais de Higiene e Limpeza;47305OBR.N;03/08/2024; 5,88 ; 50,00 ; 293,83 ;Código 17;Fornecedor 17;Geral;166OBR.P;-
OBR;01050200202OBR;9130;Rodo aluminio com cabo em madeira plastificado 1,2 m 40 cm;UN;Ferramentas;46225OBR.N;11/06/2024; 7,59 ; 1,00 ; 7,59 ;Código 17;Fornecedor 17;Geral;120OBR.P;-
OBR;01050200202OBR;8005;Papel higienico 60 m pacote 16 rolos;PCT;Materiais de Higiene e Limpeza;46225OBR.N;11/06/2024; 27,60 ; 0,38 ; 10,35 ;Código 17;Fornecedor 17;Geral;120OBR.P;-
OBR;01050200202OBR;9093;Pa de lixo plastica com cabo;UN;Ferramentas;46225OBR.N;11/06/2024; 6,90 ; 1,00 ; 6,90 ;Código 17;Fornecedor 17;Geral;120OBR.P;-
OBR;01050200202OBR;8031;Desinfetante 5 L;UN;Materiais de Higiene e Limpeza;46225OBR.N;11/06/2024; 11,04 ; 5,00 ; 55,20 ;Código 17;Fornecedor 17;Geral;120OBR.P;-
OBR;01050200202OBR;8039;Alcool em gel 5 L;UN;Materiais de Higiene e Limpeza;46225OBR.N;11/06/2024; 51,75 ; 3,00 ; 155,25 ;Código 17;Fornecedor 17;Geral;120OBR.P;-
OBR;01050200202OBR;9258;Vassourao com cabo e cerdas piacava 40 cm;UN;Materiais de Escritório e Informática;41990OBR.N;22/05/2024; 25,76 ; 2,00 ; 51,52 ;Código 39;Fornecedor 39;Geral;121OBR.P;-
OBR;01050200202OBR;9252;Vassoura com cabo e cerdas de nylon 30 cm;UN;Materiais de Escritório e Informática;41990OBR.N;22/05/2024; 7,13 ; 2,00 ; 14,26 ;Código 39;Fornecedor 39;Geral;121OBR.P;-
OBR;01050200202OBR;9006;Esponja multiuso dupla face;UN;Ferramentas;41990OBR.N;22/05/2024; 1,01 ; 6,00 ; 6,07 ;Código 39;Fornecedor 39;Geral;121OBR.P;-
OBR;01050200202OBR;8032;Copo descartavel pacote 100 unidades;PCT;Materiais de Higiene e Limpeza;41990OBR.N;22/05/2024; 5,26 ; 10,00 ; 52,56 ;Código 39;Fornecedor 39;Geral;121OBR.P;-
OBR;01050200202OBR;7998;Papel toalha pacote com 1000 unidades;PCT;Materiais de Higiene e Limpeza;41990OBR.N;22/05/2024; 13,57 ; 4,00 ; 54,28 ;Código 39;Fornecedor 39;Geral;121OBR.P;-
OBR;01050200202OBR;7976;Saco de lixo 0,08 Micras 200 L pacote com 100 unidades;PCT;Materiais de Higiene e Limpeza;41990OBR.N;22/05/2024; 67,74 ; 2,00 ; 135,47 ;Código 39;Fornecedor 39;Geral;121OBR.P;-
OBR;01050200202OBR;7972;Saco de lixo 0,05 Micras 50 L pacote com 100 unidades;PCT;Materiais de Higiene e Limpeza;33114OBR.N;28/03/2024; 47,15 ; 7,00 ; 330,05 ;Código 20;Fornecedor 20;Geral;-;-
OBR;01050200202OBR;7972;Saco de lixo 0,05 Micras 50 L pacote com 100 unidades;PCT;Materiais de Higiene e Limpeza;33114OBR.N;28/03/2024; 14,66 ; 5,00 ; 73,31 ;Código 20;Fornecedor 20;Geral;-;-
OBR;01050200202OBR;7988;Sabonete liquido 5L;UN;Materiais de Higiene e Limpeza;33114OBR.N;28/03/2024; 3,57 ; 27,00 ; 96,26 ;Código 20;Fornecedor 20;Geral;-;-
OBR;01050200202OBR;7988;Sabonete liquido 5L;UN;Materiais de Higiene e Limpeza;33114OBR.N;28/03/2024; 24,14 ; 5,00 ; 120,69 ;Código 20;Fornecedor 20;Geral;-;-
OBR;01050200202OBR;8005;Papel higienico 60 m pacote 16 rolos;PCT;Materiais de Higiene e Limpeza;33114OBR.N;28/03/2024; 25,72 ; 30,00 ; 771,64 ;Código 20;Fornecedor 20;Geral;-;-
OBR;01050200202OBR;8060;Dispenser para copo descartavel;UN;Materiais de Escritório e Informática;33114OBR.N;28/03/2024; 29,33 ; 4,00 ; 117,30 ;Código 20;Fornecedor 20;Geral;-;-
OBR;01050200202OBR;8030;Detergente 5 L;UN;Materiais de Higiene e Limpeza;33114OBR.N;28/03/2024; 13,79 ; 3,00 ; 41,37 ;Código 20;Fornecedor 20;Geral;-;-
OBR;01050200202OBR;8031;Desinfetante 5 L;UN;Materiais de Higiene e Limpeza;33114OBR.N;28/03/2024; 11,04 ; 10,00 ; 110,40 ;Código 20;Fornecedor 20;Geral;-;-
OBR;01050200202OBR;8039;Alcool em gel 5 L;UN;Materiais de Higiene e Limpeza;33114OBR.N;28/03/2024; 51,75 ; 1,00 ; 51,75 ;Código 20;Fornecedor 20;Geral;-;-
OBR;01050200202OBR;8031;Desinfetante 5 L;UN;Materiais de Higiene e Limpeza;33114OBR.N;28/03/2024; 10,12 ; 10,00 ; 101,20 ;Código 20;Fornecedor 20;Geral;-;-
OBR;01050200205OBR;4691;Cabo flexivel 750V preto PP 4 x 6,0 mm;M;Elétrica - Fios e Cabos;46648OBR.N;28/01/2025; 31,67 ; 40,00 ; 1.266,84 ;Código 41;Fornecedor 41;Geral;346OBR.P;-
OBR;01050200205OBR;4921;Cabo flexivel PVC 750V vermelho 2,5 mm²;M;Elétrica - Fios e Cabos;2567OBR.N;20/09/2024; 1,57 ; 25,77 ; 40,46 ;Código 42;Fornecedor 42;Geral;202OBR.P;-
OBR;01050200205OBR;4921;Cabo flexivel PVC 750V vermelho 2,5 mm²;M;Elétrica - Fios e Cabos;2567OBR.N;20/09/2024; 1,57 ; 18,05 ; 28,33 ;Código 42;Fornecedor 42;Geral;202OBR.P;-
OBR;01050200205OBR;4901;Cabo flexivel PVC 750V verde 2,5 mm²;M;Elétrica - Fios e Cabos;2567OBR.N;20/09/2024; 1,57 ; 71,98 ; 112,98 ;Código 42;Fornecedor 42;Geral;202OBR.P;-
OBR;01050200205OBR;4848;Cabo flexivel PVC 750V azul 2,5 mm²;M;Elétrica - Fios e Cabos;2567OBR.N;20/09/2024; 1,57 ; 70,82 ; 111,17 ;Código 42;Fornecedor 42;Geral;202OBR.P;-
OBR;01050200205OBR;4691;Cabo flexivel 750V preto PP 4 x 6,0 mm;M;Elétrica - Fios e Cabos;71562OBR.N;11/09/2024; 85,92 ; 20,00 ; 1.718,43 ;Código 43;Fornecedor 43;Geral;216OBR.P;-
OBR;01050200205OBR;4691;Cabo flexivel 750V preto PP 4 x 6,0 mm;M;Elétrica - Fios e Cabos;69308OBR.N;09/07/2024; 35,13 ; 100,00 ; 3.513,25 ;Código 43;Fornecedor 43;Geral;164OBR.P;-
OBR;01050200205OBR;2878;"Ripa de pinus 1"" x 3"" x 2,5 m";UN;Madeira;333OBR.N;09/07/2024; 4,39 ; 23,04 ; 101,07 ;Código 19;Fornecedor 19;Geral;152OBR.P;-
OBR;01050200205OBR;2878;"Ripa de pinus 1"" x 3"" x 2,5 m";UN;Madeira;33114OBR.N;28/03/2024; 29,79 ; 1,00 ; 29,79 ;Código 20;Fornecedor 20;Geral;-;-
OBR;01050200205OBR;2878;"Ripa de pinus 1"" x 3"" x 2,5 m";UN;Madeira;33114OBR.N;28/03/2024; 29,33 ; 2,00 ; 58,65 ;Código 20;Fornecedor 20;Geral;-;-
OBR;01050200205OBR;2878;"Ripa de pinus 1"" x 3"" x 2,5 m";UN;Madeira;33114OBR.N;28/03/2024; 22,43 ; 3,00 ; 67,28 ;Código 20;Fornecedor 20;Geral;-;-
OBR;01050200205OBR;2878;"Ripa de pinus 1"" x 3"" x 2,5 m";UN;Madeira;33114OBR.N;28/03/2024; 3,80 ; 6,00 ; 22,77 ;Código 20;Fornecedor 20;Geral;-;-
OBR;01050200210OBR;4926;Cabo flexivel PVC 750V vermelho 6,0 mm²;M;Elétrica - Fios e Cabos;2567OBR.N;20/09/2024; 3,73 ; 82,07 ; 306,23 ;Código 42;Fornecedor 42;Geral;202OBR.P;-
OBR;01050200210OBR;4906;Cabo flexivel PVC 750V verde 6,0 mm²;M;Elétrica - Fios e Cabos;2567OBR.N;20/09/2024; 3,73 ; 61,69 ; 230,18 ;Código 42;Fornecedor 42;Geral;202OBR.P;-
OBR;01050200210OBR;2878;"Ripa de pinus 1"" x 3"" x 2,5 m";UN;Madeira;333OBR.N;09/07/2024; 4,39 ; 24,96 ; 109,49 ;Código 19;Fornecedor 19;Geral;152OBR.P;-
OBR;01050200210OBR;2603;Madeirite chapa compensada plastificada 1,10 x 2,20 m 14 mm;UN;Madeira;4150OBR.N;17/04/2024; 110,98 ; 100,00 ; 11.097,50 ;Código 48;Fornecedor 48;Geral;-;-
OBR;01050200210OBR;2890;"Caibro pinus 2"" x 4"" 3,0 m";UN;Madeira;175OBR.N;17/04/2024; 9,16 ; 200,00 ; 1.831,74 ;Código 19;Fornecedor 19;Geral;-;-
OBR;01050200210OBR;2878;"Ripa de pinus 1"" x 3"" x 2,5 m";UN;Madeira;175OBR.N;17/04/2024; 2,95 ; 500,00 ; 1.476,83 ;Código 19;Fornecedor 19;Geral;-;-
OBR;01050200210OBR;3702;Saboneteira barra plastica de sobrepor;UN;Louças, Metais e Acessórios;33114OBR.N;28/03/2024; 22,43 ; 4,00 ; 89,70 ;Código 20;Fornecedor 20;Geral;-;-
OBR;01050200210OBR;2878;"Ripa de pinus 1"" x 3"" x 2,5 m";UN;Madeira;33114OBR.N;28/03/2024; 7,67 ; 10,00 ; 76,71 ;Código 20;Fornecedor 20;Geral;-;-
OBR;01050200215OBR;4921;Cabo flexivel PVC 750V vermelho 2,5 mm²;M;Elétrica - Fios e Cabos;2567OBR.N;20/09/2024; 1,57 ; 30,07 ; 47,20 ;Código 42;Fornecedor 42;Geral;202OBR.P;-
OBR;01050200215OBR;4901;Cabo flexivel PVC 750V verde 2,5 mm²;M;Elétrica - Fios e Cabos;2567OBR.N;20/09/2024; 1,57 ; 83,97 ; 131,82 ;Código 42;Fornecedor 42;Geral;202OBR.P;-
OBR;01050200215OBR;4921;Cabo flexivel PVC 750V vermelho 2,5 mm²;M;Elétrica - Fios e Cabos;2567OBR.N;20/09/2024; 1,57 ; 21,05 ; 33,04 ;Código 42;Fornecedor 42;Geral;202OBR.P;-
OBR;01050200215OBR;4848;Cabo flexivel PVC 750V azul 2,5 mm²;M;Elétrica - Fios e Cabos;2567OBR.N;20/09/2024; 1,57 ; 82,63 ; 129,70 ;Código 42;Fornecedor 42;Geral;202OBR.P;-
OBR;01050200216OBR;8849;Cadeado com segredo 40 mm;UN;Ferramentas;57697OBR.N;15/04/2025; 37,48 ; 1,00 ; 37,48 ;Código 17;Fornecedor 17;Geral;390OBR.P;-
OBR;01050200216OBR;4921;Cabo flexivel PVC 750V vermelho 2,5 mm²;M;Elétrica - Fios e Cabos;2567OBR.N;20/09/2024; 1,57 ; 51,55 ; 80,91 ;Código 42;Fornecedor 42;Geral;202OBR.P;-
OBR;01050200216OBR;4921;Cabo flexivel PVC 750V vermelho 2,5 mm²;M;Elétrica - Fios e Cabos;2567OBR.N;20/09/2024; 1,57 ; 36,08 ; 56,64 ;Código 42;Fornecedor 42;Geral;202OBR.P;-
OBR;01050200216OBR;4901;Cabo flexivel PVC 750V verde 2,5 mm²;M;Elétrica - Fios e Cabos;2567OBR.N;20/09/2024; 1,57 ; 143,96 ; 225,97 ;Código 42;Fornecedor 42;Geral;202OBR.P;-
OBR;01050200216OBR;4848;Cabo flexivel PVC 750V azul 2,5 mm²;M;Elétrica - Fios e Cabos;2567OBR.N;20/09/2024; 1,57 ; 141,64 ; 222,34 ;Código 42;Fornecedor 42;Geral;202OBR.P;-
OBR;01050200216OBR;2878;"Ripa de pinus 1"" x 3"" x 2,5 m";UN;Madeira;33114OBR.N;28/03/2024; 15,53 ; 40,00 ; 621,00 ;Código 20;Fornecedor 20;Geral;-;-
OBR;01050200216OBR;2878;"Ripa de pinus 1"" x 3"" x 2,5 m";UN;Madeira;33114OBR.N;28/03/2024; 18,63 ; 1,00 ; 18,63 ;Código 20;Fornecedor 20;Geral;-;-
OBR;01050200216OBR;8927;"Corrente zincada com elos curtos soldada 5/16"" (8 mm)";M;Ferramentas;33114OBR.N;28/03/2024; 41,40 ; 2,00 ; 82,80 ;Código 20;Fornecedor 20;Geral;-;-
OBR;01050200216OBR;2878;"Ripa de pinus 1"" x 3"" x 2,5 m";UN;Madeira;33114OBR.N;28/03/2024; 5,69 ; 100,00 ; 569,25 ;Código 20;Fornecedor 20;Geral;-;-
OBR;01050200216OBR;2878;"Ripa de pinus 1"" x 3"" x 2,5 m";UN;Madeira;33114OBR.N;28/03/2024; 22,89 ; 10,00 ; 228,85 ;Código 20;Fornecedor 20;Geral;-;-
OBR;01050200217OBR;9267;Bebedouro coluna inox 02 torneiras;UN;Materiais de Escritório e Informática;245OBR.N;18/04/2024; 2.650,75 ; 1,00 ; 2.650,75 ;Código 50;Fornecedor 50;Geral;-;-
OBR;01050200220OBR;7920;Cadeira para escritorio giratoria;UN;Materiais de Escritório e Informática;3308OBR.N;16/12/2024; 491,86 ; 5,00 ; 2.459,28 ;Código 51;Fornecedor 51;Geral;296OBR.P;-
OBR;01050200220OBR;7920;Cadeira para escritorio giratoria;UN;Materiais de Escritório e Informática;3693OBR.N;23/04/2024; 448,50 ; 3,00 ; 1.345,50 ;Código 52;Fornecedor 52;Geral;94OBR.P;-
OBR;01050200221OBR;7943;Arquivo metalico;UN;Materiais de Escritório e Informática;47305OBR.N;03/08/2024; 44,85 ; 5,00 ; 224,25 ;Código 17;Fornecedor 17;Geral;166OBR.P;-
OBR;01050200221OBR;7943;Arquivo metalico;UN;Materiais de Escritório e Informática;46225OBR.N;11/06/2024; 120,75 ; 2,00 ; 241,50 ;Código 17;Fornecedor 17;Geral;120OBR.P;-
OBR;01050200221OBR;7943;Arquivo metalico;UN;Materiais de Escritório e Informática;46225OBR.N;11/06/2024; 42,32 ; 5,00 ; 211,60 ;Código 17;Fornecedor 17;Geral;120OBR.P;-
OBR;01050200221OBR;7943;Arquivo metalico;UN;Materiais de Escritório e Informática;3148OBR.N;11/03/2024; 1.181,86 ; 1,00 ; 1.181,86 ;Código 51;Fornecedor 51;Geral;50OBR.P;-
OBR;01050200226OBR;10263;Conteiner locacao mensal;MES;Locação de Equipamentos Pesados;17760014OBR.N;26/11/2024; 517,51 ; 2,16 ; 1.115,39 ;Código 53;Fornecedor 53;Geral;-;126OBR.C
OBR;01050200226OBR;10263;Conteiner locacao mensal;MES;Locação de Equipamentos Pesados;17760013OBR.N;25/10/2024; 517,48 ; 0,84 ; 437,11 ;Código 53;Fornecedor 53;Geral;-;126OBR.C
OBR;01050200226OBR;10263;Conteiner locacao mensal;MES;Locação de Equipamentos Pesados;17760013OBR.N;25/10/2024; 517,53 ; 0,56 ; 287,38 ;Código 53;Fornecedor 53;Geral;-;126OBR.C
OBR;01050200226OBR;10263;Conteiner locacao mensal;MES;Locação de Equipamentos Pesados;17760012OBR.N;01/10/2024; 517,49 ; 1,84 ; 954,62 ;Código 53;Fornecedor 53;Geral;-;126OBR.C
OBR;01050200226OBR;10263;Conteiner locacao mensal;MES;Locação de Equipamentos Pesados;17760011OBR.N;29/08/2024; 517,50 ; 1,40 ; 724,50 ;Código 53;Fornecedor 53;Geral;-;126OBR.C
OBR;01050200226OBR;10263;Conteiner locacao mensal;MES;Locação de Equipamentos Pesados;17760010OBR.N;09/08/2024; 517,50 ; 1,40 ; 724,50 ;Código 53;Fornecedor 53;Geral;-;126OBR.C
OBR;01050200226OBR;10263;Conteiner locacao mensal;MES;Locação de Equipamentos Pesados;17760009OBR.N;08/07/2024; 517,50 ; 1,40 ; 724,50 ;Código 53;Fornecedor 53;Geral;-;126OBR.C
OBR;01050200226OBR;10263;Conteiner locacao mensal;MES;Locação de Equipamentos Pesados;17760008OBR.N;18/06/2024; 517,50 ; 1,40 ; 724,50 ;Código 53;Fornecedor 53;Geral;-;126OBR.C
OBR;01050200226OBR;10263;Conteiner locacao mensal;MES;Locação de Equipamentos Pesados;17760007OBR.N;02/05/2024; 517,50 ; 2,84 ; 1.471,88 ;Código 53;Fornecedor 53;Geral;-;126OBR.C
OBR;01050200226OBR;10263;Conteiner locacao mensal;MES;Locação de Equipamentos Pesados;17760006OBR.N;01/05/2024; 517,50 ; 3,29 ; 1.702,00 ;Código 53;Fornecedor 53;Geral;-;126OBR.C
OBR;01050200226OBR;10263;Conteiner locacao mensal;MES;Locação de Equipamentos Pesados;17760004OBR.N;24/01/2024; 517,50 ; 3,29 ; 1.702,06 ;Código 53;Fornecedor 53;Geral;-;126OBR.C
OBR;01050200226OBR;10263;Conteiner locacao mensal;MES;Locação de Equipamentos Pesados;17760003OBR.N;18/01/2024; 517,50 ; 3,29 ; 1.702,06 ;Código 53;Fornecedor 53;Geral;-;126OBR.C
OBR;01050200227OBR;10377;Conteiner hidrossanitario locacao mensal;MES;Locação de Equipamentos Pesados;17760022OBR.N;16/07/2025; 2.300,00 ; 1,00 ; 2.300,00 ;Código 53;Fornecedor 53;Geral;-;126OBR.C
OBR;01050200227OBR;10377;Conteiner hidrossanitario locacao mensal;MES;Locação de Equipamentos Pesados;17760021OBR.N;20/06/2025; 2.300,00 ; 1,00 ; 2.300,00 ;Código 53;Fornecedor 53;Geral;-;126OBR.C
OBR;01050200227OBR;10377;Conteiner hidrossanitario locacao mensal;MES;Locação de Equipamentos Pesados;17760020OBR.N;23/05/2025; 2.300,00 ; 1,00 ; 2.300,00 ;Código 53;Fornecedor 53;Geral;-;126OBR.C
OBR;01050200227OBR;10377;Conteiner hidrossanitario locacao mensal;MES;Locação de Equipamentos Pesados;17760019OBR.N;17/04/2025; 2.300,00 ; 1,00 ; 2.300,00 ;Código 53;Fornecedor 53;Geral;-;126OBR.C
OBR;01050200227OBR;10377;Conteiner hidrossanitario locacao mensal;MES;Locação de Equipamentos Pesados;17760018OBR.N;25/03/2025; 2.300,00 ; 1,00 ; 2.300,00 ;Código 53;Fornecedor 53;Geral;-;126OBR.C
OBR;01050200227OBR;10377;Conteiner hidrossanitario locacao mensal;MES;Locação de Equipamentos Pesados;17760017OBR.N;19/02/2025; 2.300,00 ; 1,00 ; 2.300,00 ;Código 53;Fornecedor 53;Geral;-;126OBR.C
OBR;01050200227OBR;10377;Conteiner hidrossanitario locacao mensal;MES;Locação de Equipamentos Pesados;17760016OBR.N;21/01/2025; 2.300,00 ; 1,00 ; 2.300,00 ;Código 53;Fornecedor 53;Geral;-;126OBR.C
OBR;01050200227OBR;10377;Conteiner hidrossanitario locacao mensal;MES;Locação de Equipamentos Pesados;17760015OBR.N;12/12/2024; 2.300,00 ; 1,00 ; 2.300,00 ;Código 53;Fornecedor 53;Geral;-;126OBR.C
OBR;01050200227OBR;10377;Conteiner hidrossanitario locacao mensal;MES;Locação de Equipamentos Pesados;17760014OBR.N;26/11/2024; 2.299,78 ; 0,52 ; 1.184,62 ;Código 53;Fornecedor 53;Geral;-;126OBR.C
OBR;01050200227OBR;10377;Conteiner hidrossanitario locacao mensal;MES;Locação de Equipamentos Pesados;17760013OBR.N;25/10/2024; 2.300,00 ; 1,00 ; 2.300,00 ;Código 53;Fornecedor 53;Geral;-;126OBR.C
OBR;01050200227OBR;10377;Conteiner hidrossanitario locacao mensal;MES;Locação de Equipamentos Pesados;17760012OBR.N;01/10/2024; 2.299,87 ; 0,90 ; 2.069,89 ;Código 53;Fornecedor 53;Geral;-;126OBR.C
OBR;01050200227OBR;10377;Conteiner hidrossanitario locacao mensal;MES;Locação de Equipamentos Pesados;17760011OBR.N;29/08/2024; 2.300,00 ; 1,00 ; 2.300,00 ;Código 53;Fornecedor 53;Geral;-;126OBR.C
OBR;01050200227OBR;10377;Conteiner hidrossanitario locacao mensal;MES;Locação de Equipamentos Pesados;17760010OBR.N;09/08/2024; 2.300,00 ; 1,00 ; 2.300,00 ;Código 53;Fornecedor 53;Geral;-;126OBR.C
OBR;01050200227OBR;10377;Conteiner hidrossanitario locacao mensal;MES;Locação de Equipamentos Pesados;17760009OBR.N;08/07/2024; 2.300,00 ; 1,00 ; 2.300,00 ;Código 53;Fornecedor 53;Geral;-;126OBR.C
OBR;01050200227OBR;10377;Conteiner hidrossanitario locacao mensal;MES;Locação de Equipamentos Pesados;17760008OBR.N;18/06/2024; 2.300,00 ; 1,00 ; 2.300,00 ;Código 53;Fornecedor 53;Geral;-;126OBR.C
OBR;01050200227OBR;10377;Conteiner hidrossanitario locacao mensal;MES;Locação de Equipamentos Pesados;17760007OBR.N;02/05/2024; 2.300,10 ; 1,10 ; 2.530,11 ;Código 53;Fornecedor 53;Geral;-;126OBR.C
OBR;01050200227OBR;10377;Conteiner hidrossanitario locacao mensal;MES;Locação de Equipamentos Pesados;17760006OBR.N;01/05/2024; 2.300,00 ; 1,00 ; 2.300,00 ;Código 53;Fornecedor 53;Geral;-;126OBR.C
OBR;01050200227OBR;10377;Conteiner hidrossanitario locacao mensal;MES;Locação de Equipamentos Pesados;17760004OBR.N;24/01/2024; 2.300,00 ; 1,00 ; 2.300,00 ;Código 53;Fornecedor 53;Geral;-;126OBR.C
OBR;01050200227OBR;10377;Conteiner hidrossanitario locacao mensal;MES;Locação de Equipamentos Pesados;17760003OBR.N;18/01/2024; 2.300,00 ; 1,00 ; 2.300,00 ;Código 53;Fornecedor 53;Geral;-;126OBR.C
OBR;01050200234OBR;8052;Cartucho compativel HP CARTRIDGE 667 preto;UN;Materiais de Escritório e Informática;60634OBR.N;18/03/2025; 87,40 ; 6,67 ; 582,70 ;Código 01;Fornecedor 01;Geral;373OBR.P;-
OBR;01050200234OBR;8050;Cartucho compativel HP CARTRIDGE 667 colorido;UN;Materiais de Escritório e Informática;60634OBR.N;18/03/2025; 87,40 ; 10,00 ; 874,00 ;Código 01;Fornecedor 01;Geral;373OBR.P;-
OBR;01050200234OBR;8052;Cartucho compativel HP CARTRIDGE 667 preto;UN;Materiais de Escritório e Informática;60634OBR.N;18/03/2025; 92,00 ; 3,33 ; 306,64 ;Código 01;Fornecedor 01;Geral;373OBR.P;-
OBR;01050200234OBR;8050;Cartucho compativel HP CARTRIDGE 667 colorido;UN;Materiais de Escritório e Informática;60634OBR.N;18/03/2025; 92,00 ; 5,00 ; 460,00 ;Código 01;Fornecedor 01;Geral;373OBR.P;-
OBR;01050200234OBR;8072;Pacote de cafe - 500g;UN;Materiais de Copa;18734OBR.N;10/03/2025; 33,91 ; 15,00 ; 508,70 ;Código 38;Fornecedor 38;Geral;363OBR.P;-
OBR;01050200234OBR;8071;Pacote de acucar;KG;Materiais de Copa;18734OBR.N;10/03/2025; 5,73 ; 10,00 ; 57,27 ;Código 38;Fornecedor 38;Geral;363OBR.P;-
OBR;01050200234OBR;8063;Filtro para cafe;PCT;Materiais de Copa;18734OBR.N;10/03/2025; 5,18 ; 5,00 ; 25,88 ;Código 38;Fornecedor 38;Geral;363OBR.P;-
OBR;01050200234OBR;10023;Grampo para grampeador caixa;UN;Materiais de Escritório e Informática;42909OBR.N;26/11/2024; 18,54 ; 5,00 ; 92,69 ;Código 39;Fornecedor 39;Geral;270OBR.P;-
OBR;01050200234OBR;8052;Cartucho compativel HP CARTRIDGE 667 preto;UN;Materiais de Escritório e Informática;57638OBR.N;21/10/2024; 87,40 ; 10,00 ; 874,00 ;Código 01;Fornecedor 01;Geral;244OBR.P;-
OBR;01050200234OBR;8050;Cartucho compativel HP CARTRIDGE 667 colorido;UN;Materiais de Escritório e Informática;57638OBR.N;21/10/2024; 87,40 ; 10,00 ; 874,00 ;Código 01;Fornecedor 01;Geral;244OBR.P;-
OBR;01050200234OBR;10022;Prancheta A4;UN;Materiais de Escritório e Informática;933183OBR.N;30/09/2024; 24,75 ; 5,00 ; 123,74 ;Código 21;Fornecedor 21;Geral;231OBR.P;-
OBR;01050200234OBR;8072;Pacote de cafe - 500g;UN;Materiais de Copa;933183OBR.N;30/09/2024; 22,08 ; 20,00 ; 441,60 ;Código 21;Fornecedor 21;Geral;231OBR.P;-
OBR;01050200234OBR;8071;Pacote de acucar;KG;Materiais de Copa;933183OBR.N;30/09/2024; 4,74 ; 20,00 ; 94,76 ;Código 21;Fornecedor 21;Geral;231OBR.P;-
OBR;01050200234OBR;8063;Filtro para cafe;PCT;Materiais de Copa;933183OBR.N;30/09/2024; 4,61 ; 10,00 ; 46,12 ;Código 21;Fornecedor 21;Geral;231OBR.P;-
OBR;01050200234OBR;10022;Prancheta A4;UN;Materiais de Escritório e Informática;933183OBR.N;30/09/2024; 106,26 ; 10,00 ; 1.062,60 ;Código 21;Fornecedor 21;Geral;231OBR.P;-
OBR;01050200234OBR;10022;Prancheta A4;UN;Materiais de Escritório e Informática;57208OBR.N;30/09/2024; 87,40 ; 5,00 ; 437,00 ;Código 01;Fornecedor 01;Geral;232OBR.P;-
OBR;01050200234OBR;10022;Prancheta A4;UN;Materiais de Escritório e Informática;57208OBR.N;30/09/2024; 87,40 ; 5,00 ; 437,00 ;Código 01;Fornecedor 01;Geral;232OBR.P;-
OBR;01050200234OBR;7951;Grampeador;UN;Materiais de Escritório e Informática;47833OBR.N;07/08/2024; 120,75 ; 2,00 ; 241,50 ;Código 17;Fornecedor 17;Geral;187OBR.P;-
OBR;01050200234OBR;8072;Pacote de cafe - 500g;UN;Materiais de Copa;47305OBR.N;03/08/2024; 26,11 ; 20,00 ; 522,10 ;Código 17;Fornecedor 17;Geral;166OBR.P;-
OBR;01050200234OBR;8071;Pacote de acucar;KG;Materiais de Copa;47305OBR.N;03/08/2024; 7,94 ; 10,00 ; 79,35 ;Código 17;Fornecedor 17;Geral;166OBR.P;-
OBR;01050200234OBR;10162;Escalimetro;UN;Materiais de Escritório e Informática;46225OBR.N;11/06/2024; 59,80 ; 1,00 ; 59,80 ;Código 17;Fornecedor 17;Geral;120OBR.P;-
OBR;01050200234OBR;8072;Pacote de cafe - 500g;UN;Materiais de Copa;46225OBR.N;11/06/2024; 26,34 ; 10,00 ; 263,35 ;Código 17;Fornecedor 17;Geral;120OBR.P;-
OBR;01050200234OBR;10022;Prancheta A4;UN;Materiais de Escritório e Informática;41990OBR.N;22/05/2024; 11,73 ; 6,00 ; 70,38 ;Código 39;Fornecedor 39;Geral;121OBR.P;-
OBR;01050200234OBR;8071;Pacote de acucar;KG;Materiais de Copa;41990OBR.N;22/05/2024; 7,25 ; 10,00 ; 72,45 ;Código 39;Fornecedor 39;Geral;121OBR.P;-
OBR;01050200234OBR;8063;Filtro para cafe;PCT;Materiais de Copa;33114OBR.N;28/03/2024; 7,02 ; 10,00 ; 70,15 ;Código 20;Fornecedor 20;Geral;-;-
OBR;01050300101OBR;9130;Rodo aluminio com cabo em madeira plastificado 1,2 m 40 cm;UN;Ferramentas;55546OBR.N;12/03/2025; 9,66 ; 2,00 ; 19,32 ;Código 17;Fornecedor 17;Geral;369OBR.P;-
OBR;01050300101OBR;9258;Vassourao com cabo e cerdas piacava 40 cm;UN;Materiais de Escritório e Informática;18734OBR.N;10/03/2025; 40,03 ; 3,00 ; 120,09 ;Código 38;Fornecedor 38;Geral;363OBR.P;-
OBR;01050300101OBR;9087;Pa concha quadrada com cabo;UN;Ferramentas;52074OBR.N;10/01/2025; 40,19 ; 2,00 ; 80,39 ;Código 17;Fornecedor 17;Geral;303OBR.P;-
OBR;01050300101OBR;8859;Carrinho de mao com pneu e camara metalico;UN;Ferramentas;52074OBR.N;10/01/2025; 343,85 ; 2,00 ; 687,70 ;Código 17;Fornecedor 17;Geral;303OBR.P;-
OBR;01050300101OBR;9098;Picareta ponta e pa larga com cabo;UN;Ferramentas;46225OBR.N;11/06/2024; 26,85 ; 2,00 ; 53,71 ;Código 17;Fornecedor 17;Geral;120OBR.P;-
OBR;01050300101OBR;9098;Picareta ponta e pa larga com cabo;UN;Ferramentas;46225OBR.N;11/06/2024; 6,33 ; 4,00 ; 25,30 ;Código 17;Fornecedor 17;Geral;120OBR.P;-
OBR;01050300101OBR;9087;Pa concha quadrada com cabo;UN;Ferramentas;46225OBR.N;11/06/2024; 17,14 ; 1,00 ; 17,14 ;Código 17;Fornecedor 17;Geral;120OBR.P;-
OBR;01050300101OBR;9072;Martelo com cabo de fibra 27 mm;UN;Ferramentas;41990OBR.N;22/05/2024; 12,08 ; 1,00 ; 12,08 ;Código 39;Fornecedor 39;Geral;121OBR.P;-
OBR;01050300101OBR;9091;Pa cortadeira quadrada com cabo;UN;Ferramentas;41990OBR.N;22/05/2024; 37,38 ; 1,00 ; 37,38 ;Código 39;Fornecedor 39;Geral;121OBR.P;-
OBR;01050300101OBR;9085;Pa concha bico com cabo;UN;Ferramentas;41990OBR.N;22/05/2024; 37,38 ; 1,00 ; 37,38 ;Código 39;Fornecedor 39;Geral;121OBR.P;-
OBR;01050300101OBR;9072;Martelo com cabo de fibra 27 mm;UN;Ferramentas;41990OBR.N;22/05/2024; 38,41 ; 1,00 ; 38,41 ;Código 39;Fornecedor 39;Geral;121OBR.P;-
OBR;01050300101OBR;8991;Enxada com cabo de madeira larga;UN;Ferramentas;41990OBR.N;22/05/2024; 37,38 ; 1,00 ; 37,38 ;Código 39;Fornecedor 39;Geral;121OBR.P;-
OBR;01050300101OBR;9098;Picareta ponta e pa larga com cabo;UN;Ferramentas;41990OBR.N;22/05/2024; 5,58 ; 2,00 ; 11,16 ;Código 39;Fornecedor 39;Geral;121OBR.P;-
OBR;01050300101OBR;9087;Pa concha quadrada com cabo;UN;Ferramentas;41990OBR.N;22/05/2024; 16,33 ; 2,00 ; 32,66 ;Código 39;Fornecedor 39;Geral;121OBR.P;-
OBR;01050300103OBR;13637;Vareta de inspecao para ceramica;UN;Ferramentas;57697OBR.N;15/04/2025; 163,88 ; 1,00 ; 163,88 ;Código 17;Fornecedor 17;Geral;390OBR.P;-
OBR;01050400103OBR;10260;Caminhao munck ate 12 ton locacao horaria;H;Locação de Equipamentos Pesados;508OBR.N;14/10/2024; 287,50 ; 2,54 ; 731,40 ;Código 33;Fornecedor 33;Geral;-;164OBR.C
OBR;01050400103OBR;10260;Caminhao munck ate 12 ton locacao horaria;H;Locação de Equipamentos Pesados;504OBR.N;14/10/2024; 287,50 ; 3,28 ; 943,00 ;Código 33;Fornecedor 33;Geral;-;164OBR.C
OBR;01050400103OBR;10260;Caminhao munck ate 12 ton locacao horaria;H;Locação de Equipamentos Pesados;420OBR.N;05/09/2024; 287,50 ; 1,40 ; 401,35 ;Código 33;Fornecedor 33;Geral;-;164OBR.C
OBR;01050400103OBR;10260;Caminhao munck ate 12 ton locacao horaria;H;Locação de Equipamentos Pesados;291OBR.N;15/08/2024; 287,50 ; 20,86 ; 5.997,25 ;Código 33;Fornecedor 33;Geral;-;164OBR.C
OBR;01050400105OBR;10258;Caminhao munck acima de 12 ton a 14,7 ton locacao horaria;H;Locação de Equipamentos Pesados;1047OBR.N;20/06/2025; 10.235,00 ; 1,00 ; 10.235,00 ;Código 33;Fornecedor 33;Geral;-;429OBR.C
OBR;01050400105OBR;10258;Caminhao munck acima de 12 ton a 14,7 ton locacao horaria;H;Locação de Equipamentos Pesados;1047OBR.N;20/06/2025; 287,50 ; 14,52 ; 4.174,50 ;Código 33;Fornecedor 33;Geral;-;429OBR.C
OBR;01050400105OBR;10258;Caminhao munck acima de 12 ton a 14,7 ton locacao horaria;H;Locação de Equipamentos Pesados;1047OBR.N;20/06/2025; 253,00 ; 11,50 ; 2.909,50 ;Código 33;Fornecedor 33;Geral;-;429OBR.C
OBR;01050400105OBR;10258;Caminhao munck acima de 12 ton a 14,7 ton locacao horaria;H;Locação de Equipamentos Pesados;562OBR.N;06/11/2024; 287,50 ; 22,40 ; 6.440,00 ;Código 33;Fornecedor 33;Geral;-;429OBR.C
OBR;01050400105OBR;10258;Caminhao munck acima de 12 ton a 14,7 ton locacao horaria;H;Locação de Equipamentos Pesados;505OBR.N;21/10/2024; 10.235,00 ; 1,00 ; 10.235,00 ;Código 33;Fornecedor 33;Geral;-;429OBR.C
OBR;01050400105OBR;10258;Caminhao munck acima de 12 ton a 14,7 ton locacao horaria;H;Locação de Equipamentos Pesados;508OBR.N;14/10/2024; 379,50 ; 6,00 ; 2.277,00 ;Código 33;Fornecedor 33;Geral;-;164OBR.C
OBR;01050400105OBR;10258;Caminhao munck acima de 12 ton a 14,7 ton locacao horaria;H;Locação de Equipamentos Pesados;420OBR.N;05/09/2024; 575,00 ; 9,10 ; 5.233,65 ;Código 33;Fornecedor 33;Geral;-;164OBR.C
OBR;01050400105OBR;10258;Caminhao munck acima de 12 ton a 14,7 ton locacao horaria;H;Locação de Equipamentos Pesados;291OBR.N;15/08/2024; 575,00 ; 22,40 ; 12.878,85 ;Código 33;Fornecedor 33;Geral;-;164OBR.C
OBR;01050400105OBR;10258;Caminhao munck acima de 12 ton a 14,7 ton locacao horaria;H;Locação de Equipamentos Pesados;291OBR.N;15/08/2024; 253,00 ; 7,77 ; 1.966,50 ;Código 33;Fornecedor 33;Geral;-;164OBR.C
OBR;01050400105OBR;10258;Caminhao munck acima de 12 ton a 14,7 ton locacao horaria;H;Locação de Equipamentos Pesados;345OBR.N;14/08/2024; 575,00 ; 21,00 ; 12.075,00 ;Código 33;Fornecedor 33;Geral;-;164OBR.C
OBR;01050400105OBR;10258;Caminhao munck acima de 12 ton a 14,7 ton locacao horaria;H;Locação de Equipamentos Pesados;345OBR.N;14/08/2024; 253,00 ; 29,23 ; 7.394,50 ;Código 33;Fornecedor 33;Geral;-;164OBR.C
OBR;01050400105OBR;10258;Caminhao munck acima de 12 ton a 14,7 ton locacao horaria;H;Locação de Equipamentos Pesados;240OBR.N;16/07/2024; 4.140,11 ; 0,82 ; 3.404,00 ;Código 33;Fornecedor 33;Geral;-;429OBR.C
OBR;01050400105OBR;10258;Caminhao munck acima de 12 ton a 14,7 ton locacao horaria;H;Locação de Equipamentos Pesados;240OBR.N;16/07/2024; 287,50 ; 10,55 ; 3.033,70 ;Código 33;Fornecedor 33;Geral;-;429OBR.C
OBR;01050400105OBR;10258;Caminhao munck acima de 12 ton a 14,7 ton locacao horaria;H;Locação de Equipamentos Pesados;240OBR.N;16/07/2024; 402,50 ; 36,00 ; 14.490,00 ;Código 33;Fornecedor 33;Geral;-;429OBR.C
OBR;01050400105OBR;10258;Caminhao munck acima de 12 ton a 14,7 ton locacao horaria;H;Locação de Equipamentos Pesados;180OBR.N;07/06/2024; 4.139,48 ; 0,18 ; 736,00 ;Código 33;Fornecedor 33;Geral;-;429OBR.C
OBR;01050500101OBR;10273;Cacamba capacidade 5 m³ locacao e transporte;UN;Locação de Equipamentos Leves;844OBR.N;14/07/2025; 287,50 ; 7,00 ; 2.012,50 ;Código 15;Fornecedor 15;Geral;-;826OBR.C
OBR;01050500101OBR;10273;Cacamba capacidade 5 m³ locacao e transporte;UN;Locação de Equipamentos Leves;683OBR.N;10/01/2025; 287,50 ; 21,00 ; 6.037,50 ;Código 15;Fornecedor 15;Geral;-;826OBR.C
OBR;01050500101OBR;10273;Cacamba capacidade 5 m³ locacao e transporte;UN;Locação de Equipamentos Leves;663OBR.N;04/12/2024; 287,50 ; 21,00 ; 6.037,50 ;Código 15;Fornecedor 15;Geral;-;826OBR.C
OBR;01050500101OBR;10273;Cacamba capacidade 5 m³ locacao e transporte;UN;Locação de Equipamentos Leves;17962OBR.N;08/11/2024; 225,46 ; 16,22 ; 3.657,01 ;Código 62;Fornecedor 62;Geral;-;-
OBR;01050500101OBR;10273;Cacamba capacidade 5 m³ locacao e transporte;UN;Locação de Equipamentos Leves;17614OBR.N;08/11/2024; 225,46 ; 13,52 ; 3.047,51 ;Código 62;Fornecedor 62;Geral;-;-
OBR;01050500101OBR;10273;Cacamba capacidade 5 m³ locacao e transporte;UN;Locação de Equipamentos Leves;17130OBR.N;08/11/2024; 225,46 ; 8,11 ; 1.828,50 ;Código 62;Fornecedor 62;Geral;-;-
OBR;01050500101OBR;10273;Cacamba capacidade 5 m³ locacao e transporte;UN;Locação de Equipamentos Leves;17130OBR.N;08/11/2024; 225,46 ; 2,57 ; 579,38 ;Código 62;Fornecedor 62;Geral;-;-
OBR;01050500101OBR;10273;Cacamba capacidade 5 m³ locacao e transporte;UN;Locação de Equipamentos Leves;638OBR.N;05/11/2024; 287,50 ; 17,00 ; 4.887,50 ;Código 15;Fornecedor 15;Geral;-;826OBR.C
OBR;01050500101OBR;10273;Cacamba capacidade 5 m³ locacao e transporte;UN;Locação de Equipamentos Leves;622OBR.N;03/10/2024; 287,50 ; 17,00 ; 4.887,50 ;Código 15;Fornecedor 15;Geral;-;826OBR.C
OBR;01050500101OBR;10273;Cacamba capacidade 5 m³ locacao e transporte;UN;Locação de Equipamentos Leves;601OBR.N;03/09/2024; 287,50 ; 2,00 ; 575,00 ;Código 15;Fornecedor 15;Geral;-;826OBR.C
OBR;01050500101OBR;10273;Cacamba capacidade 5 m³ locacao e transporte;UN;Locação de Equipamentos Leves;18295OBR.N;02/09/2024; 304,75 ; 20,00 ; 6.095,00 ;Código 62;Fornecedor 62;Geral;104OBR.P;-
OBR;01050500101OBR;10273;Cacamba capacidade 5 m³ locacao e transporte;UN;Locação de Equipamentos Leves;18230OBR.N;10/08/2024; 304,75 ; 14,00 ; 4.266,50 ;Código 62;Fornecedor 62;Geral;104OBR.P;-
OBR;01060100104OBR;2884;"Caibro pinus 3"" x 3"" 3,0 m";UN;Madeira;349OBR.N;09/07/2024; 14,18 ; 0,04 ; 0,53 ;Código 18;Fornecedor 18;Geral;152OBR.P;-
OBR;01060100104OBR;2877;"Ripa de pinus 1"" x 3"" x 3,0 m";UN;Madeira;333OBR.N;09/07/2024; 4,39 ; 15,50 ; 68,01 ;Código 19;Fornecedor 19;Geral;152OBR.P;-
OBR;01060100105OBR;963;Aco CA50 8 mm;KG;Aço e Acessórios;46515OBR.N;10/08/2024; 6,26 ; 135,63 ; 849,09 ;Código 65;Fornecedor 65;Geral;191OBR.P;-
OBR;01060100105OBR;963;Aco CA50 8 mm;KG;Aço e Acessórios;46320OBR.N;01/08/2024; 6,26 ; 364,38 ; 2.281,21 ;Código 65;Fornecedor 65;Geral;191OBR.P;-
OBR;01060100105OBR;2884;"Caibro pinus 3"" x 3"" 3,0 m";UN;Madeira;349OBR.N;09/07/2024; 14,18 ; 0,32 ; 4,47 ;Código 18;Fornecedor 18;Geral;152OBR.P;-
OBR;01060100105OBR;2877;"Ripa de pinus 1"" x 3"" x 3,0 m";UN;Madeira;333OBR.N;09/07/2024; 4,39 ; 188,27 ; 825,89 ;Código 19;Fornecedor 19;Geral;152OBR.P;-
OBR;01060100106OBR;2884;"Caibro pinus 3"" x 3"" 3,0 m";UN;Madeira;349OBR.N;09/07/2024; 14,18 ; 0,07 ; 0,95 ;Código 18;Fornecedor 18;Geral;152OBR.P;-
OBR;01060100106OBR;2877;"Ripa de pinus 1"" x 3"" x 3,0 m";UN;Madeira;333OBR.N;09/07/2024; 4,39 ; 40,25 ; 176,57 ;Código 19;Fornecedor 19;Geral;152OBR.P;-
OBR;01060100106OBR;9808;"Tabua pinus bruto 1"" x 8"" x 3,0 m";UN;Madeira;181OBR.N;08/05/2024; 12,92 ; 65,50 ; 846,28 ;Código 19;Fornecedor 19;Geral;114OBR.P;-
OBR;01060100107OBR;2877;"Ripa de pinus 1"" x 3"" x 3,0 m";UN;Madeira;333OBR.N;09/07/2024; 4,39 ; 4,47 ; 19,61 ;Código 19;Fornecedor 19;Geral;152OBR.P;-
OBR;01060100107OBR;2884;"Caibro pinus 3"" x 3"" 3,0 m";UN;Madeira;182OBR.N;08/05/2024; 14,17 ; 17,00 ; 240,86 ;Código 19;Fornecedor 19;Geral;114OBR.P;-
OBR;01060100108OBR;2885;"Caibro pinus 3"" x 3"" 2,5 m";UN;Madeira;879OBR.N;10/03/2025; 9,16 ; 2,02 ; 18,55 ;Código 18;Fornecedor 18;Geral;152OBR.P;-
OBR;01060100108OBR;2885;"Caibro pinus 3"" x 3"" 2,5 m";UN;Madeira;426OBR.N;07/08/2024; 9,15 ; 1,00 ; 9,15 ;Código 18;Fornecedor 18;Geral;152OBR.P;-
OBR;01060100108OBR;2885;"Caibro pinus 3"" x 3"" 2,5 m";UN;Madeira;390OBR.N;23/07/2024; 13,09 ; 4,00 ; 52,35 ;Código 18;Fornecedor 18;Geral;152OBR.P;-
OBR;01060100108OBR;2885;"Caibro pinus 3"" x 3"" 2,5 m";UN;Madeira;349OBR.N;09/07/2024; 9,17 ; 3,74 ; 34,28 ;Código 18;Fornecedor 18;Geral;152OBR.P;-
OBR;01060100108OBR;2885;"Caibro pinus 3"" x 3"" 2,5 m";UN;Madeira;251OBR.N;22/05/2024; 9,16 ; 4,04 ; 37,01 ;Código 19;Fornecedor 19;Geral;131OBR.P;-
OBR;01060100108OBR;2885;"Caibro pinus 3"" x 3"" 2,5 m";UN;Madeira;251OBR.N;22/05/2024; 9,16 ; 10,00 ; 91,61 ;Código 19;Fornecedor 19;Geral;131OBR.P;-
OBR;01060100109OBR;2877;"Ripa de pinus 1"" x 3"" x 3,0 m";UN;Madeira;333OBR.N;09/07/2024; 4,39 ; 4,47 ; 19,61 ;Código 19;Fornecedor 19;Geral;152OBR.P;-
OBR;01060100109OBR;2884;"Caibro pinus 3"" x 3"" 3,0 m";UN;Madeira;182OBR.N;08/05/2024; 14,17 ; 17,00 ; 240,86 ;Código 19;Fornecedor 19;Geral;114OBR.P;-
OBR;01060100110OBR;2884;"Caibro pinus 3"" x 3"" 3,0 m";UN;Madeira;349OBR.N;09/07/2024; 14,18 ; 0,01 ; 0,09 ;Código 18;Fornecedor 18;Geral;152OBR.P;-
OBR;01060100110OBR;2877;"Ripa de pinus 1"" x 3"" x 3,0 m";UN;Madeira;333OBR.N;09/07/2024; 4,39 ; 4,47 ; 19,61 ;Código 19;Fornecedor 19;Geral;152OBR.P;-
OBR;01060100110OBR;2884;"Caibro pinus 3"" x 3"" 3,0 m";UN;Madeira;182OBR.N;08/05/2024; 14,17 ; 2,00 ; 28,34 ;Código 19;Fornecedor 19;Geral;114OBR.P;-
OBR;01060100112OBR;2884;"Caibro pinus 3"" x 3"" 3,0 m";UN;Madeira;349OBR.N;09/07/2024; 14,18 ; 0,04 ; 0,51 ;Código 18;Fornecedor 18;Geral;152OBR.P;-
OBR;01060100112OBR;2877;"Ripa de pinus 1"" x 3"" x 3,0 m";UN;Madeira;333OBR.N;09/07/2024; 4,39 ; 21,44 ; 94,05 ;Código 19;Fornecedor 19;Geral;152OBR.P;-
OBR;01060100113OBR;2884;"Caibro pinus 3"" x 3"" 3,0 m";UN;Madeira;349OBR.N;09/07/2024; 14,18 ; 0,04 ; 0,51 ;Código 18;Fornecedor 18;Geral;152OBR.P;-
OBR;01060100113OBR;2877;"Ripa de pinus 1"" x 3"" x 3,0 m";UN;Madeira;333OBR.N;09/07/2024; 4,39 ; 21,44 ; 94,05 ;Código 19;Fornecedor 19;Geral;152OBR.P;-
OBR;01060100114OBR;2877;"Ripa de pinus 1"" x 3"" x 3,0 m";UN;Madeira;333OBR.N;09/07/2024; 4,39 ; 61,01 ; 267,62 ;Código 19;Fornecedor 19;Geral;152OBR.P;-
OBR;01060100114OBR;9808;"Tabua pinus bruto 1"" x 8"" x 3,0 m";UN;Madeira;181OBR.N;08/05/2024; 12,92 ; 99,20 ; 1.281,69 ;Código 19;Fornecedor 19;Geral;114OBR.P;-
OBR;01060100201OBR;2612;Madeirite chapa compensada fenolica 1,10 x 2,20 m 14 mm;UN;Madeira;12386OBR.N;17/07/2024; 69,63 ; 20,20 ; 1.406,58 ;Código 71;Fornecedor 71;Geral;115OBR.P;-
OBR;01060100201OBR;2884;"Caibro pinus 3"" x 3"" 3,0 m";UN;Madeira;349OBR.N;09/07/2024; 14,18 ; 0,07 ; 0,99 ;Código 18;Fornecedor 18;Geral;152OBR.P;-
OBR;01060100201OBR;2877;"Ripa de pinus 1"" x 3"" x 3,0 m";UN;Madeira;333OBR.N;09/07/2024; 4,39 ; 46,09 ; 202,18 ;Código 19;Fornecedor 19;Geral;152OBR.P;-
OBR;01060100201OBR;2612;Madeirite chapa compensada fenolica 1,10 x 2,20 m 14 mm;UN;Madeira;4270OBR.N;22/05/2024; 69,63 ; 250,00 ; 17.408,13 ;Código 48;Fornecedor 48;Geral;115OBR.P;-
OBR;01060100201OBR;1888;Tela aco 5mm malha 10 x 10 cm reforcado 2,0 x 3,0m;UN;Aço e Acessórios;9355OBR.N;22/05/2024; 93,84 ; 65,00 ; 6.099,52 ;Código 72;Fornecedor 72;Geral;111OBR.P;-
OBR;01060100201OBR;2884;"Caibro pinus 3"" x 3"" 3,0 m";UN;Madeira;138OBR.N;05/04/2024; 49,91 ; 40,00 ; 1.996,40 ;Código 19;Fornecedor 19;Geral;-;-
OBR;01060100202OBR;2612;Madeirite chapa compensada fenolica 1,10 x 2,20 m 14 mm;UN;Madeira;12386OBR.N;17/07/2024; 69,63 ; 79,80 ; 5.556,67 ;Código 71;Fornecedor 71;Geral;115OBR.P;-
OBR;01060100202OBR;2884;"Caibro pinus 3"" x 3"" 3,0 m";UN;Madeira;349OBR.N;09/07/2024; 14,18 ; 0,17 ; 2,38 ;Código 18;Fornecedor 18;Geral;152OBR.P;-
OBR;01060100202OBR;2877;"Ripa de pinus 1"" x 3"" x 3,0 m";UN;Madeira;333OBR.N;09/07/2024; 4,39 ; 41,90 ; 183,80 ;Código 19;Fornecedor 19;Geral;152OBR.P;-
OBR;01060100601OBR;2884;"Caibro pinus 3"" x 3"" 3,0 m";UN;Madeira;349OBR.N;09/07/2024; 14,18 ; 0,04 ; 0,55 ;Código 18;Fornecedor 18;Geral;152OBR.P;-
OBR;01060100601OBR;2877;"Ripa de pinus 1"" x 3"" x 3,0 m";UN;Madeira;333OBR.N;09/07/2024; 4,39 ; 13,83 ; 60,66 ;Código 19;Fornecedor 19;Geral;152OBR.P;-
OBR;01060100701OBR;1888;Tela aco 5mm malha 10 x 10 cm reforcado 2,0 x 3,0m;UN;Aço e Acessórios;9355OBR.N;22/05/2024; 93,84 ; -   ; -   ;Código 72;Fornecedor 72;Geral;111OBR.P;-
OBR;01060100702OBR;2877;"Ripa de pinus 1"" x 3"" x 3,0 m";UN;Madeira;333OBR.N;09/07/2024; 4,39 ; 14,80 ; 64,94 ;Código 19;Fornecedor 19;Geral;152OBR.P;-
OBR;01060100702OBR;2884;"Caibro pinus 3"" x 3"" 3,0 m";UN;Madeira;182OBR.N;08/05/2024; 14,17 ; 60,00 ; 850,08 ;Código 19;Fornecedor 19;Geral;114OBR.P;-
OBR;01060100702OBR;9808;"Tabua pinus bruto 1"" x 8"" x 3,0 m";UN;Madeira;181OBR.N;08/05/2024; 12,92 ; 24,20 ; 312,67 ;Código 19;Fornecedor 19;Geral;114OBR.P;-
OBR;01060100703OBR;2877;"Ripa de pinus 1"" x 3"" x 3,0 m";UN;Madeira;333OBR.N;09/07/2024; 4,39 ; 8,66 ; 37,99 ;Código 19;Fornecedor 19;Geral;152OBR.P;-
OBR;01060100703OBR;2884;"Caibro pinus 3"" x 3"" 3,0 m";UN;Madeira;182OBR.N;08/05/2024; 14,17 ; 4,00 ; 56,67 ;Código 19;Fornecedor 19;Geral;114OBR.P;-
OBR;01060100703OBR;9808;"Tabua pinus bruto 1"" x 8"" x 3,0 m";UN;Madeira;181OBR.N;08/05/2024; 12,92 ; 11,10 ; 143,41 ;Código 19;Fornecedor 19;Geral;114OBR.P;-
OBR;01070100101OBR;183;Mobilizacao de perfuratriz leve para estaca helice continua;UN;Mão de Obra de Contenção e Fundação;1465OBR.N;08/03/2024; 575,00 ; 1,00 ; 575,00 ;Código 77;Fornecedor 77;Geral;-;-
OBR;01070100101OBR;183;Mobilizacao de perfuratriz leve para estaca helice continua;UN;Mão de Obra de Contenção e Fundação;3401OBR.N;20/02/2024; 6.900,00 ; 1,00 ; 6.900,00 ;Código 78;Fornecedor 78;Geral;-;98OBR.C
OBR;01070100201OBR;10032;Furacao de estaca helice continua DN20 cm;M;Mão de Obra de Contenção e Fundação;672OBR.N;12/12/2024; 2.300,00 ; 4,00 ; 9.200,00 ;Código 15;Fornecedor 15;Geral;-;68OBR.C
OBR;01070100201OBR;10032;Furacao de estaca helice continua DN20 cm;M;Mão de Obra de Contenção e Fundação;1465OBR.N;08/03/2024; 23,00 ; 177,00 ; 4.071,00 ;Código 77;Fornecedor 77;Geral;-;-
OBR;01070100301OBR;175;Furacao de estaca helice continua DN30 cm;M;Mão de Obra de Contenção e Fundação;1465OBR.N;08/03/2024; 23,00 ; 678,00 ; 15.594,00 ;Código 77;Fornecedor 77;Geral;-;-
OBR;01070100601OBR;10033;Arrasamento de estacas DN 20 cm;UN;Mão de Obra de Contenção e Fundação;30OBR.N;09/02/2024; 63,25 ; 45,00 ; 2.846,25 ;Código 22;Fornecedor 22;Geral;-;99OBR.C
OBR;01070100603OBR;1162;Arrasamento de estacas DN 30 cm;UN;Mão de Obra de Contenção e Fundação;30OBR.N;09/02/2024; 74,75 ; 110,00 ; 8.222,50 ;Código 22;Fornecedor 22;Geral;-;99OBR.C
OBR;01070100701OBR;616;Concreto usinado Fck 30 MPa brita 0 slump 24+-2 C=400 kg/m³;M3;Concreto Usinado;19125OBR.N;09/12/2024; 492,66 ; 0,58 ; 286,09 ;Código 80;Fornecedor 80;Geral;-;139OBR.C
OBR;01070100701OBR;616;Concreto usinado Fck 30 MPa brita 0 slump 24+-2 C=400 kg/m³;M3;Concreto Usinado;19102OBR.N;04/12/2024; 479,05 ; 0,72 ; 345,30 ;Código 80;Fornecedor 80;Geral;-;139OBR.C
OBR;01070100701OBR;616;Concreto usinado Fck 30 MPa brita 0 slump 24+-2 C=400 kg/m³;M3;Concreto Usinado;19092OBR.N;26/11/2024; 479,05 ; 0,66 ; 315,70 ;Código 80;Fornecedor 80;Geral;-;139OBR.C
OBR;01070100701OBR;616;Concreto usinado Fck 30 MPa brita 0 slump 24+-2 C=400 kg/m³;M3;Concreto Usinado;19004OBR.N;21/10/2024; 479,05 ; 1,03 ; 493,19 ;Código 80;Fornecedor 80;Geral;-;139OBR.C
OBR;01070100701OBR;616;Concreto usinado Fck 30 MPa brita 0 slump 24+-2 C=400 kg/m³;M3;Concreto Usinado;18983OBR.N;17/10/2024; 479,05 ; 0,51 ; 246,62 ;Código 80;Fornecedor 80;Geral;-;139OBR.C
OBR;01070100701OBR;616;Concreto usinado Fck 30 MPa brita 0 slump 24+-2 C=400 kg/m³;M3;Concreto Usinado;18824OBR.N;10/08/2024; 479,06 ; 6,80 ; 3.255,56 ;Código 80;Fornecedor 80;Geral;-;139OBR.C
OBR;01070100701OBR;616;Concreto usinado Fck 30 MPa brita 0 slump 24+-2 C=400 kg/m³;M3;Concreto Usinado;10320OBR.N;06/08/2024; 479,04 ; 0,17 ; 83,78 ;Código 80;Fornecedor 80;Geral;-;139OBR.C
OBR;01070100701OBR;616;Concreto usinado Fck 30 MPa brita 0 slump 24+-2 C=400 kg/m³;M3;Concreto Usinado;18506OBR.N;25/01/2024; 479,06 ; 5,27 ; 2.525,58 ;Código 80;Fornecedor 80;Geral;-;139OBR.C
OBR;01070100701OBR;616;Concreto usinado Fck 30 MPa brita 0 slump 24+-2 C=400 kg/m³;M3;Concreto Usinado;18505OBR.N;25/01/2024; 479,06 ; 1,17 ; 561,26 ;Código 80;Fornecedor 80;Geral;-;139OBR.C
OBR;01070100701OBR;616;Concreto usinado Fck 30 MPa brita 0 slump 24+-2 C=400 kg/m³;M3;Concreto Usinado;18492OBR.N;16/01/2024; 479,06 ; 2,81 ; 1.346,96 ;Código 80;Fornecedor 80;Geral;-;139OBR.C
OBR;01070100701OBR;616;Concreto usinado Fck 30 MPa brita 0 slump 24+-2 C=400 kg/m³;M3;Concreto Usinado;18474OBR.N;16/01/2024; 479,06 ; 33,04 ; 15.826,94 ;Código 80;Fornecedor 80;Geral;-;139OBR.C
OBR;01070100702OBR;10302;Bomba lanca - comprimento 32 m;M3;Concreto Usinado;10320OBR.N;06/08/2024; 46,00 ; 3,24 ; 148,83 ;Código 80;Fornecedor 80;Geral;-;139OBR.C
OBR;01070100702OBR;10302;Bomba lanca - comprimento 32 m;M3;Concreto Usinado;18818OBR.N;03/08/2024; 46,00 ; 4,20 ; 193,28 ;Código 80;Fornecedor 80;Geral;-;139OBR.C
OBR;01070100702OBR;10302;Bomba lanca - comprimento 32 m;M3;Concreto Usinado;18791OBR.N;09/07/2024; 46,00 ; 5,46 ; 251,26 ;Código 80;Fornecedor 80;Geral;-;139OBR.C
OBR;01070100702OBR;10302;Bomba lanca - comprimento 32 m;M3;Concreto Usinado;18766OBR.N;04/07/2024; 46,00 ; 7,30 ; 335,82 ;Código 80;Fornecedor 80;Geral;-;139OBR.C
OBR;01070100702OBR;10302;Bomba lanca - comprimento 32 m;M3;Concreto Usinado;18735OBR.N;10/06/2024; 46,00 ; 5,46 ; 251,26 ;Código 80;Fornecedor 80;Geral;-;139OBR.C
OBR;01070100702OBR;10302;Bomba lanca - comprimento 32 m;M3;Concreto Usinado;18709OBR.N;29/05/2024; 46,00 ; 5,88 ; 270,60 ;Código 80;Fornecedor 80;Geral;-;139OBR.C
OBR;01070100702OBR;10302;Bomba lanca - comprimento 32 m;M3;Concreto Usinado;18701OBR.N;24/05/2024; 46,00 ; 3,78 ; 173,95 ;Código 80;Fornecedor 80;Geral;-;139OBR.C
OBR;01070100702OBR;10302;Bomba lanca - comprimento 32 m;M3;Concreto Usinado;18672OBR.N;10/05/2024; 46,00 ; 0,84 ; 38,47 ;Código 80;Fornecedor 80;Geral;-;139OBR.C
OBR;01070100702OBR;10302;Bomba lanca - comprimento 32 m;M3;Concreto Usinado;18647OBR.N;09/05/2024; 46,00 ; 9,47 ; 435,82 ;Código 80;Fornecedor 80;Geral;-;139OBR.C
OBR;01070100702OBR;10302;Bomba lanca - comprimento 32 m;M3;Concreto Usinado;18655OBR.N;08/05/2024; 46,00 ; 5,05 ; 232,12 ;Código 80;Fornecedor 80;Geral;-;139OBR.C
OBR;01070100702OBR;10302;Bomba lanca - comprimento 32 m;M3;Concreto Usinado;18604OBR.N;25/03/2024; 46,00 ; 2,32 ; 106,59 ;Código 80;Fornecedor 80;Geral;-;139OBR.C
OBR;01070100704OBR;598;Concreto usinado Adicional metro cubico faltante;M3;Concreto Usinado;18626OBR.N;16/04/2024; 207,00 ; 0,11 ; 22,02 ;Código 80;Fornecedor 80;Geral;-;139OBR.C
OBR;01070100704OBR;598;Concreto usinado Adicional metro cubico faltante;M3;Concreto Usinado;18547OBR.N;27/02/2024; 207,00 ; 0,11 ; 22,02 ;Código 80;Fornecedor 80;Geral;-;139OBR.C
OBR;01070100704OBR;598;Concreto usinado Adicional metro cubico faltante;M3;Concreto Usinado;18506OBR.N;25/01/2024; 207,00 ; 2,87 ; 594,57 ;Código 80;Fornecedor 80;Geral;-;139OBR.C
OBR;01070100704OBR;598;Concreto usinado Adicional metro cubico faltante;M3;Concreto Usinado;18505OBR.N;25/01/2024; 207,00 ; 1,49 ; 308,31 ;Código 80;Fornecedor 80;Geral;-;139OBR.C
OBR;01070100704OBR;598;Concreto usinado Adicional metro cubico faltante;M3;Concreto Usinado;18492OBR.N;16/01/2024; 207,00 ; 0,43 ; 88,08 ;Código 80;Fornecedor 80;Geral;-;139OBR.C
OBR;01070100705OBR;10301;Bomba lanca - adicional metro cubico;M3;Concreto Usinado;18824OBR.N;10/08/2024; 207,00 ; 1,56 ; 323,37 ;Código 80;Fornecedor 80;Geral;-;139OBR.C
OBR;01070100705OBR;10301;Bomba lanca - adicional metro cubico;M3;Concreto Usinado;10320OBR.N;06/08/2024; 207,00 ; 1,09 ; 224,70 ;Código 80;Fornecedor 80;Geral;-;139OBR.C
OBR;01070100801OBR;966;Barra de aco CA50 16 mm barra 12 m;BAR;Aço e Acessórios;1089522OBR.N;15/12/2023; 114,13 ; 261,39 ; 29.831,62 ;Código 82;Fornecedor 82;Geral;11OBR.P;-
OBR;01070100802OBR;969;Barra de aco CA50 6,3 mm barra 12 m;BAR;Aço e Acessórios;1089522OBR.N;15/12/2023; 18,36 ; 312,96 ; 5.745,96 ;Código 82;Fornecedor 82;Geral;11OBR.P;-
OBR;01070100901OBR;2878;"Ripa de pinus 1"" x 3"" x 2,5 m";UN;Madeira;878OBR.N;07/03/2025; 3,06 ; 1,34 ; 4,09 ;Código 18;Fornecedor 18;Geral;152OBR.P;-
OBR;01070100901OBR;2878;"Ripa de pinus 1"" x 3"" x 2,5 m";UN;Madeira;710OBR.N;17/02/2025; 3,06 ; 4,05 ; 12,39 ;Código 19;Fornecedor 19;Geral;152OBR.P;-
OBR;01070100901OBR;2878;"Ripa de pinus 1"" x 3"" x 2,5 m";UN;Madeira;817OBR.N;16/01/2025; 4,37 ; 2,49 ; 10,87 ;Código 18;Fornecedor 18;Geral;152OBR.P;-
OBR;01070100901OBR;2878;"Ripa de pinus 1"" x 3"" x 2,5 m";UN;Madeira;637OBR.N;12/11/2024; 3,40 ; 6,76 ; 22,98 ;Código 19;Fornecedor 19;Geral;152OBR.P;-
OBR;01070100901OBR;2878;"Ripa de pinus 1"" x 3"" x 2,5 m";UN;Madeira;573OBR.N;21/10/2024; 4,37 ; 5,48 ; 23,95 ;Código 19;Fornecedor 19;Geral;152OBR.P;-
OBR;01070100901OBR;2878;"Ripa de pinus 1"" x 3"" x 2,5 m";UN;Madeira;605OBR.N;07/10/2024; 3,89 ; 2,09 ; 8,13 ;Código 18;Fornecedor 18;Geral;152OBR.P;-
OBR;01070100901OBR;1154;Mao de obra de muro fundacao estacas e vigas baldrame;M;Mão de Obra de Contenção e Fundação;137OBR.N;02/10/2024; 103,26 ; 7,97 ; 822,84 ;Código 79;Fornecedor 79;Geral;-;665OBR.C
OBR;01070100901OBR;2878;"Ripa de pinus 1"" x 3"" x 2,5 m";UN;Madeira;544OBR.N;24/09/2024; 3,14 ; 22,56 ; 70,73 ;Código 18;Fornecedor 18;Geral;152OBR.P;-
OBR;01070100901OBR;1154;Mao de obra de muro fundacao estacas e vigas baldrame;M;Mão de Obra de Contenção e Fundação;135OBR.N;10/09/2024; 103,26 ; 80,37 ; 8.299,33 ;Código 79;Fornecedor 79;Geral;-;665OBR.C
OBR;01070100901OBR;2878;"Ripa de pinus 1"" x 3"" x 2,5 m";UN;Madeira;441OBR.N;20/08/2024; 3,34 ; 8,10 ; 27,01 ;Código 19;Fornecedor 19;Geral;152OBR.P;-
OBR;01070100901OBR;1154;Mao de obra de muro fundacao estacas e vigas baldrame;M;Mão de Obra de Contenção e Fundação;130OBR.N;19/08/2024; 103,26 ; 132,17 ; 13.647,83 ;Código 79;Fornecedor 79;Geral;-;665OBR.C
OBR;01070100901OBR;2878;"Ripa de pinus 1"" x 3"" x 2,5 m";UN;Madeira;464OBR.N;17/08/2024; 3,06 ; 5,21 ; 15,95 ;Código 19;Fornecedor 19;Geral;152OBR.P;-
OBR;01070100901OBR;2878;"Ripa de pinus 1"" x 3"" x 2,5 m";UN;Madeira;333OBR.N;09/07/2024; 3,06 ; 0,05 ; 0,17 ;Código 19;Fornecedor 19;Geral;152OBR.P;-
OBR;01070100901OBR;2878;"Ripa de pinus 1"" x 3"" x 2,5 m";UN;Madeira;345OBR.N;08/07/2024; 2,98 ; 13,50 ; 40,19 ;Código 19;Fornecedor 19;Geral;152OBR.P;-
OBR;01070100901OBR;964;Barra de aco CA50 10 mm barra 12 m;BAR;Aço e Acessórios;1089522OBR.N;15/12/2023; 47,56 ; 73,49 ; 3.495,24 ;Código 82;Fornecedor 82;Geral;11OBR.P;-
OBR;01070101301OBR;616;Concreto usinado Fck 30 MPa brita 0 slump 24+-2 C=400 kg/m³;M3;Concreto Usinado;19125OBR.N;09/12/2024; 492,66 ; 0,22 ; 109,57 ;Código 80;Fornecedor 80;Geral;-;139OBR.C
OBR;01070101301OBR;616;Concreto usinado Fck 30 MPa brita 0 slump 24+-2 C=400 kg/m³;M3;Concreto Usinado;19102OBR.N;04/12/2024; 479,05 ; 0,28 ; 132,27 ;Código 80;Fornecedor 80;Geral;-;139OBR.C
OBR;01070101301OBR;616;Concreto usinado Fck 30 MPa brita 0 slump 24+-2 C=400 kg/m³;M3;Concreto Usinado;19092OBR.N;26/11/2024; 479,05 ; 0,25 ; 120,91 ;Código 80;Fornecedor 80;Geral;-;139OBR.C
OBR;01070101301OBR;616;Concreto usinado Fck 30 MPa brita 0 slump 24+-2 C=400 kg/m³;M3;Concreto Usinado;19004OBR.N;21/10/2024; 479,05 ; 0,39 ; 188,89 ;Código 80;Fornecedor 80;Geral;-;139OBR.C
OBR;01070101301OBR;616;Concreto usinado Fck 30 MPa brita 0 slump 24+-2 C=400 kg/m³;M3;Concreto Usinado;18983OBR.N;17/10/2024; 479,05 ; 0,20 ; 94,47 ;Código 80;Fornecedor 80;Geral;-;139OBR.C
OBR;01070101301OBR;616;Concreto usinado Fck 30 MPa brita 0 slump 24+-2 C=400 kg/m³;M3;Concreto Usinado;18824OBR.N;10/08/2024; 479,06 ; 2,60 ; 1.246,93 ;Código 80;Fornecedor 80;Geral;-;139OBR.C
OBR;01070101301OBR;616;Concreto usinado Fck 30 MPa brita 0 slump 24+-2 C=400 kg/m³;M3;Concreto Usinado;10320OBR.N;06/08/2024; 479,04 ; 0,07 ; 32,10 ;Código 80;Fornecedor 80;Geral;-;139OBR.C
OBR;01070101301OBR;616;Concreto usinado Fck 30 MPa brita 0 slump 24+-2 C=400 kg/m³;M3;Concreto Usinado;18506OBR.N;25/01/2024; 479,06 ; 2,02 ; 967,36 ;Código 80;Fornecedor 80;Geral;-;139OBR.C
OBR;01070101301OBR;616;Concreto usinado Fck 30 MPa brita 0 slump 24+-2 C=400 kg/m³;M3;Concreto Usinado;18505OBR.N;25/01/2024; 479,06 ; 0,45 ; 214,95 ;Código 80;Fornecedor 80;Geral;-;139OBR.C
OBR;01070101301OBR;616;Concreto usinado Fck 30 MPa brita 0 slump 24+-2 C=400 kg/m³;M3;Concreto Usinado;18492OBR.N;16/01/2024; 479,06 ; 1,08 ; 515,89 ;Código 80;Fornecedor 80;Geral;-;139OBR.C
OBR;01070101301OBR;616;Concreto usinado Fck 30 MPa brita 0 slump 24+-2 C=400 kg/m³;M3;Concreto Usinado;18475OBR.N;16/01/2024; 230,00 ; 4,99 ; 1.147,70 ;Código 80;Fornecedor 80;Geral;-;139OBR.C
OBR;01070101301OBR;616;Concreto usinado Fck 30 MPa brita 0 slump 24+-2 C=400 kg/m³;M3;Concreto Usinado;18474OBR.N;16/01/2024; 479,06 ; 12,65 ; 6.062,02 ;Código 80;Fornecedor 80;Geral;-;139OBR.C
OBR;01070101302OBR;10302;Bomba lanca - comprimento 32 m;M3;Concreto Usinado;18824OBR.N;10/08/2024; 1.840,00 ; 1,00 ; 1.840,00 ;Código 80;Fornecedor 80;Geral;-;139OBR.C
OBR;01070101302OBR;10302;Bomba lanca - comprimento 32 m;M3;Concreto Usinado;10320OBR.N;06/08/2024; 1.840,00 ; 1,00 ; 1.840,00 ;Código 80;Fornecedor 80;Geral;-;139OBR.C
OBR;01070101302OBR;10302;Bomba lanca - comprimento 32 m;M3;Concreto Usinado;10320OBR.N;06/08/2024; 46,00 ; 1,24 ; 57,00 ;Código 80;Fornecedor 80;Geral;-;139OBR.C
OBR;01070101302OBR;10302;Bomba lanca - comprimento 32 m;M3;Concreto Usinado;18818OBR.N;03/08/2024; 1.840,00 ; 0,89 ; 1.642,20 ;Código 80;Fornecedor 80;Geral;-;139OBR.C
OBR;01070101302OBR;10302;Bomba lanca - comprimento 32 m;M3;Concreto Usinado;18818OBR.N;03/08/2024; 46,00 ; 1,61 ; 74,03 ;Código 80;Fornecedor 80;Geral;-;139OBR.C
OBR;01070101302OBR;10302;Bomba lanca - comprimento 32 m;M3;Concreto Usinado;18791OBR.N;09/07/2024; 46,00 ; 2,09 ; 96,24 ;Código 80;Fornecedor 80;Geral;-;139OBR.C
OBR;01070101302OBR;10302;Bomba lanca - comprimento 32 m;M3;Concreto Usinado;10274OBR.N;09/07/2024; 1.840,00 ; 1,00 ; 1.840,00 ;Código 80;Fornecedor 80;Geral;-;139OBR.C
OBR;01070101302OBR;10302;Bomba lanca - comprimento 32 m;M3;Concreto Usinado;18766OBR.N;04/07/2024; 46,00 ; 2,80 ; 128,63 ;Código 80;Fornecedor 80;Geral;-;139OBR.C
OBR;01070101302OBR;10302;Bomba lanca - comprimento 32 m;M3;Concreto Usinado;18735OBR.N;10/06/2024; 1.840,00 ; 0,89 ; 1.642,20 ;Código 80;Fornecedor 80;Geral;-;139OBR.C
OBR;01070101302OBR;10302;Bomba lanca - comprimento 32 m;M3;Concreto Usinado;18735OBR.N;10/06/2024; 46,00 ; 2,09 ; 96,24 ;Código 80;Fornecedor 80;Geral;-;139OBR.C
OBR;01070101302OBR;10302;Bomba lanca - comprimento 32 m;M3;Concreto Usinado;18709OBR.N;29/05/2024; 46,00 ; 2,25 ; 103,65 ;Código 80;Fornecedor 80;Geral;-;139OBR.C
OBR;01070101302OBR;10302;Bomba lanca - comprimento 32 m;M3;Concreto Usinado;18701OBR.N;24/05/2024; 46,00 ; 1,45 ; 66,63 ;Código 80;Fornecedor 80;Geral;-;139OBR.C
OBR;01070101302OBR;10302;Bomba lanca - comprimento 32 m;M3;Concreto Usinado;18672OBR.N;10/05/2024; 46,00 ; 0,32 ; 14,73 ;Código 80;Fornecedor 80;Geral;-;139OBR.C
OBR;01070101302OBR;10302;Bomba lanca - comprimento 32 m;M3;Concreto Usinado;18647OBR.N;09/05/2024; 46,00 ; 3,63 ; 166,93 ;Código 80;Fornecedor 80;Geral;-;139OBR.C
OBR;01070101302OBR;10302;Bomba lanca - comprimento 32 m;M3;Concreto Usinado;18655OBR.N;08/05/2024; 46,00 ; 1,93 ; 88,91 ;Código 80;Fornecedor 80;Geral;-;139OBR.C
OBR;01070101302OBR;10302;Bomba lanca - comprimento 32 m;M3;Concreto Usinado;18626OBR.N;16/04/2024; 1.840,00 ; 1,00 ; 1.840,00 ;Código 80;Fornecedor 80;Geral;-;139OBR.C
OBR;01070101302OBR;10302;Bomba lanca - comprimento 32 m;M3;Concreto Usinado;18604OBR.N;25/03/2024; 46,00 ; 0,89 ; 40,83 ;Código 80;Fornecedor 80;Geral;-;139OBR.C
OBR;01070101302OBR;10302;Bomba lanca - comprimento 32 m;M3;Concreto Usinado;18574OBR.N;07/03/2024; 1.840,00 ; 1,00 ; 1.840,00 ;Código 80;Fornecedor 80;Geral;-;139OBR.C
OBR;01070101302OBR;10302;Bomba lanca - comprimento 32 m;M3;Concreto Usinado;18547OBR.N;27/02/2024; 1.840,00 ; 1,00 ; 1.840,00 ;Código 80;Fornecedor 80;Geral;-;139OBR.C
OBR;01070101302OBR;10302;Bomba lanca - comprimento 32 m;M3;Concreto Usinado;18523OBR.N;14/02/2024; 1.840,00 ; 1,00 ; 1.840,00 ;Código 80;Fornecedor 80;Geral;-;139OBR.C
OBR;01070101401OBR;965;Barra de aco CA50 12,5 mm barra 12 m;BAR;Aço e Acessórios;1089522OBR.N;15/12/2023; 65,18 ; 129,00 ; 8.408,61 ;Código 82;Fornecedor 82;Geral;11OBR.P;-
OBR;01070101402OBR;964;Barra de aco CA50 10 mm barra 12 m;BAR;Aço e Acessórios;1089522OBR.N;15/12/2023; 47,56 ; 34,35 ; 1.633,65 ;Código 82;Fornecedor 82;Geral;11OBR.P;-
OBR;01070200101OBR;1142;Execucao muro de arrimo de flexao - blocos de concreto - contraforte;M2;Mão de Obra de Contenção e Fundação;130OBR.N;19/08/2024; 6,90 ; 189,08 ; 1.304,65 ;Código 79;Fornecedor 79;Geral;-;665OBR.C
OBR;01070200102OBR;1154;Mao de obra de muro fundacao estacas e vigas baldrame;M;Mão de Obra de Contenção e Fundação;137OBR.N;02/10/2024; 127,78 ; 36,00 ; 4.600,00 ;Código 79;Fornecedor 79;Geral;-;665OBR.C
OBR;01070200102OBR;1154;Mao de obra de muro fundacao estacas e vigas baldrame;M;Mão de Obra de Contenção e Fundação;135OBR.N;10/09/2024; 96,06 ; 236,53 ; 22.719,77 ;Código 79;Fornecedor 79;Geral;-;665OBR.C
OBR;01070200301OBR;1138;Execucao de drenagem em manta geocomposta para muro de arrimo;M2;Mão de Obra de Contenção e Fundação;137OBR.N;02/10/2024; 6,90 ; 189,08 ; 1.304,65 ;Código 79;Fornecedor 79;Geral;-;665OBR.C
OBR;01070300102OBR;183;Mobilizacao de perfuratriz leve para estaca helice continua;UN;Mão de Obra de Contenção e Fundação;3401OBR.N;20/02/2024; 6.900,00 ; 1,00 ; 6.900,00 ;Código 78;Fornecedor 78;Geral;-;98OBR.C
OBR;01070300103OBR;1126;Montagem de gabarito para locacao de estacas;M;Mão de Obra de Contenção e Fundação;28OBR.N;08/01/2024; 36,80 ; 117,80 ; 4.335,04 ;Código 22;Fornecedor 22;Geral;-;99OBR.C
OBR;01080100101OBR;176;Furacao de estaca helice continua DN40 cm;M;Mão de Obra de Contenção e Fundação;3401OBR.N;20/02/2024; 55,20 ; 90,00 ; 4.968,00 ;Código 78;Fornecedor 78;Geral;-;98OBR.C
OBR;01080100201OBR;177;Furacao de estaca helice continua DN50 cm;M;Mão de Obra de Contenção e Fundação;3401OBR.N;20/02/2024; 69,00 ; 725,00 ; 50.025,00 ;Código 78;Fornecedor 78;Geral;-;98OBR.C
OBR;01080100301OBR;178;Furacao de estaca helice continua DN60 cm;M;Mão de Obra de Contenção e Fundação;3401OBR.N;20/02/2024; 82,80 ; 540,00 ; 44.712,00 ;Código 78;Fornecedor 78;Geral;-;98OBR.C
OBR;01080100501OBR;1163;Arrasamento de estacas DN 40 cm;UN;Mão de Obra de Contenção e Fundação;76OBR.N;02/10/2024; 86,25 ; 10,00 ; 862,50 ;Código 22;Fornecedor 22;Geral;-;99OBR.C
OBR;01080100501OBR;1163;Arrasamento de estacas DN 40 cm;UN;Mão de Obra de Contenção e Fundação;30OBR.N;09/02/2024; 86,25 ; 4,00 ; 345,00 ;Código 22;Fornecedor 22;Geral;-;99OBR.C
OBR;01080100502OBR;1164;Arrasamento de estacas DN 50 cm;UN;Mão de Obra de Contenção e Fundação;42OBR.N;11/03/2024; 92,00 ; 11,00 ; 1.012,00 ;Código 22;Fornecedor 22;Geral;-;99OBR.C
OBR;01080100502OBR;1164;Arrasamento de estacas DN 50 cm;UN;Mão de Obra de Contenção e Fundação;30OBR.N;09/02/2024; 92,00 ; 36,00 ; 3.312,00 ;Código 22;Fornecedor 22;Geral;-;99OBR.C
OBR;01080100503OBR;1165;Arrasamento de estacas DN 60 cm;UN;Mão de Obra de Contenção e Fundação;42OBR.N;11/03/2024; 97,75 ; 13,00 ; 1.270,75 ;Código 22;Fornecedor 22;Geral;-;99OBR.C
OBR;01080100503OBR;1165;Arrasamento de estacas DN 60 cm;UN;Mão de Obra de Contenção e Fundação;30OBR.N;09/02/2024; 97,75 ; 23,00 ; 2.248,25 ;Código 22;Fornecedor 22;Geral;-;99OBR.C
OBR;01080100601OBR;616;Concreto usinado Fck 30 MPa brita 0 slump 24+-2 C=400 kg/m³;M3;Concreto Usinado;19125OBR.N;09/12/2024; 492,66 ; 4,15 ; 2.046,16 ;Código 80;Fornecedor 80;Geral;-;139OBR.C
OBR;01080100601OBR;616;Concreto usinado Fck 30 MPa brita 0 slump 24+-2 C=400 kg/m³;M3;Concreto Usinado;19102OBR.N;04/12/2024; 479,05 ; 5,16 ; 2.469,77 ;Código 80;Fornecedor 80;Geral;-;139OBR.C
OBR;01080100601OBR;616;Concreto usinado Fck 30 MPa brita 0 slump 24+-2 C=400 kg/m³;M3;Concreto Usinado;19092OBR.N;26/11/2024; 479,05 ; 4,71 ; 2.257,97 ;Código 80;Fornecedor 80;Geral;-;139OBR.C
OBR;01080100601OBR;616;Concreto usinado Fck 30 MPa brita 0 slump 24+-2 C=400 kg/m³;M3;Concreto Usinado;19004OBR.N;21/10/2024; 479,05 ; 7,36 ; 3.527,70 ;Código 80;Fornecedor 80;Geral;-;139OBR.C
OBR;01080100601OBR;616;Concreto usinado Fck 30 MPa brita 0 slump 24+-2 C=400 kg/m³;M3;Concreto Usinado;18983OBR.N;17/10/2024; 479,05 ; 3,68 ; 1.763,88 ;Código 80;Fornecedor 80;Geral;-;139OBR.C
OBR;01080100601OBR;616;Concreto usinado Fck 30 MPa brita 0 slump 24+-2 C=400 kg/m³;M3;Concreto Usinado;18879OBR.N;04/09/2024; 575,00 ; 0,04 ; 23,00 ;Código 80;Fornecedor 80;Geral;-;139OBR.C
OBR;01080100601OBR;616;Concreto usinado Fck 30 MPa brita 0 slump 24+-2 C=400 kg/m³;M3;Concreto Usinado;18824OBR.N;10/08/2024; 479,06 ; 48,61 ; 23.285,83 ;Código 80;Fornecedor 80;Geral;-;139OBR.C
OBR;01080100601OBR;616;Concreto usinado Fck 30 MPa brita 0 slump 24+-2 C=400 kg/m³;M3;Concreto Usinado;10320OBR.N;06/08/2024; 479,04 ; 1,25 ; 599,19 ;Código 80;Fornecedor 80;Geral;-;139OBR.C
OBR;01080100601OBR;616;Concreto usinado Fck 30 MPa brita 0 slump 24+-2 C=400 kg/m³;M3;Concreto Usinado;18506OBR.N;25/01/2024; 479,06 ; 37,71 ; 18.064,56 ;Código 80;Fornecedor 80;Geral;-;139OBR.C
OBR;01080100601OBR;616;Concreto usinado Fck 30 MPa brita 0 slump 24+-2 C=400 kg/m³;M3;Concreto Usinado;18505OBR.N;25/01/2024; 479,06 ; 8,38 ; 4.014,34 ;Código 80;Fornecedor 80;Geral;-;139OBR.C
OBR;01080100601OBR;616;Concreto usinado Fck 30 MPa brita 0 slump 24+-2 C=400 kg/m³;M3;Concreto Usinado;18492OBR.N;16/01/2024; 479,06 ; 20,11 ; 9.634,43 ;Código 80;Fornecedor 80;Geral;-;139OBR.C
OBR;01080100601OBR;616;Concreto usinado Fck 30 MPa brita 0 slump 24+-2 C=400 kg/m³;M3;Concreto Usinado;18474OBR.N;16/01/2024; 575,00 ; 0,02 ; 11,50 ;Código 80;Fornecedor 80;Geral;-;139OBR.C
OBR;01080100601OBR;616;Concreto usinado Fck 30 MPa brita 0 slump 24+-2 C=400 kg/m³;M3;Concreto Usinado;18474OBR.N;16/01/2024; 479,06 ; 236,31 ; 113.204,69 ;Código 80;Fornecedor 80;Geral;-;139OBR.C
OBR;01080100701OBR;966;Barra de aco CA50 16 mm barra 12 m;BAR;Aço e Acessórios;1089522OBR.N;15/12/2023; 114,13 ; 291,61 ; 33.281,52 ;Código 82;Fornecedor 82;Geral;11OBR.P;-
OBR;01080100702OBR;1881;Arame recozido 18 BWG;KG;Aço e Acessórios;1099OBR.N;15/01/2024; 10,15 ; 500,00 ; 5.077,25 ;Código 47;Fornecedor 47;Geral;1OBR.P;-
OBR;01080100702OBR;964;Barra de aco CA50 10 mm barra 12 m;BAR;Aço e Acessórios;1089522OBR.N;15/12/2023; 47,56 ; 27,16 ; 1.291,72 ;Código 82;Fornecedor 82;Geral;11OBR.P;-
OBR;01080100703OBR;969;Barra de aco CA50 6,3 mm barra 12 m;BAR;Aço e Acessórios;1089522OBR.N;15/12/2023; 18,36 ; 412,04 ; 7.565,03 ;Código 82;Fornecedor 82;Geral;11OBR.P;-
OBR;01080200101OBR;2885;"Caibro pinus 3"" x 3"" 2,5 m";UN;Madeira;92OBR.N;25/03/2024; 9,16 ; 500,00 ; 4.580,45 ;Código 19;Fornecedor 19;Geral;-;-
OBR;01080200101OBR;2878;"Ripa de pinus 1"" x 3"" x 2,5 m";UN;Madeira;2298OBR.N;14/03/2024; 4,30 ; 350,00 ; 1.503,34 ;Código 84;Fornecedor 84;Geral;36OBR.P;-
OBR;01080200101OBR;2878;"Ripa de pinus 1"" x 3"" x 2,5 m";UN;Madeira;2293OBR.N;29/02/2024; 4,30 ; 350,00 ; 1.503,34 ;Código 84;Fornecedor 84;Geral;36OBR.P;-
OBR;01080200102OBR;2878;"Ripa de pinus 1"" x 3"" x 2,5 m";UN;Madeira;2298OBR.N;14/03/2024; 4,30 ; 150,00 ; 644,29 ;Código 84;Fornecedor 84;Geral;36OBR.P;-
OBR;01080200102OBR;2878;"Ripa de pinus 1"" x 3"" x 2,5 m";UN;Madeira;2293OBR.N;29/02/2024; 4,30 ; 150,00 ; 644,29 ;Código 84;Fornecedor 84;Geral;36OBR.P;-
OBR;01080200201OBR;612;Concreto usinado Fck 30 MPa brita 0 slump 10+-2;M3;Concreto Usinado;10320OBR.N;06/08/2024; 414,00 ; 20,85 ; 8.633,02 ;Código 80;Fornecedor 80;Geral;-;139OBR.C
OBR;01080200201OBR;612;Concreto usinado Fck 30 MPa brita 0 slump 10+-2;M3;Concreto Usinado;18818OBR.N;03/08/2024; 414,00 ; 9,85 ; 4.079,72 ;Código 80;Fornecedor 80;Geral;-;139OBR.C
OBR;01080200201OBR;612;Concreto usinado Fck 30 MPa brita 0 slump 10+-2;M3;Concreto Usinado;10299OBR.N;29/07/2024; 414,00 ; 3,94 ; 1.631,90 ;Código 80;Fornecedor 80;Geral;-;139OBR.C
OBR;01080200201OBR;612;Concreto usinado Fck 30 MPa brita 0 slump 10+-2;M3;Concreto Usinado;18791OBR.N;09/07/2024; 414,00 ; 5,91 ; 2.447,86 ;Código 80;Fornecedor 80;Geral;-;139OBR.C
OBR;01080200201OBR;612;Concreto usinado Fck 30 MPa brita 0 slump 10+-2;M3;Concreto Usinado;10274OBR.N;09/07/2024; 414,00 ; 9,85 ; 4.079,72 ;Código 80;Fornecedor 80;Geral;-;139OBR.C
OBR;01080200201OBR;612;Concreto usinado Fck 30 MPa brita 0 slump 10+-2;M3;Concreto Usinado;18766OBR.N;04/07/2024; 414,00 ; 11,83 ; 4.895,67 ;Código 80;Fornecedor 80;Geral;-;139OBR.C
OBR;01080200201OBR;612;Concreto usinado Fck 30 MPa brita 0 slump 10+-2;M3;Concreto Usinado;10245OBR.N;27/06/2024; 414,00 ; 1,97 ; 815,95 ;Código 80;Fornecedor 80;Geral;-;139OBR.C
OBR;01080200201OBR;612;Concreto usinado Fck 30 MPa brita 0 slump 10+-2;M3;Concreto Usinado;10207OBR.N;27/06/2024; 414,00 ; 6,90 ; 2.855,81 ;Código 80;Fornecedor 80;Geral;-;139OBR.C
OBR;01080200201OBR;612;Concreto usinado Fck 30 MPa brita 0 slump 10+-2;M3;Concreto Usinado;18735OBR.N;10/06/2024; 414,00 ; 12,81 ; 5.303,67 ;Código 80;Fornecedor 80;Geral;-;139OBR.C
OBR;01080200201OBR;612;Concreto usinado Fck 30 MPa brita 0 slump 10+-2;M3;Concreto Usinado;18723OBR.N;10/06/2024; 414,00 ; 1,53 ; 635,24 ;Código 80;Fornecedor 80;Geral;-;139OBR.C
OBR;01080200201OBR;612;Concreto usinado Fck 30 MPa brita 0 slump 10+-2;M3;Concreto Usinado;10186OBR.N;03/06/2024; 414,00 ; 4,93 ; 2.039,86 ;Código 80;Fornecedor 80;Geral;-;139OBR.C
OBR;01080200201OBR;612;Concreto usinado Fck 30 MPa brita 0 slump 10+-2;M3;Concreto Usinado;18709OBR.N;29/05/2024; 414,00 ; 7,88 ; 3.263,77 ;Código 80;Fornecedor 80;Geral;-;139OBR.C
OBR;01080200201OBR;612;Concreto usinado Fck 30 MPa brita 0 slump 10+-2;M3;Concreto Usinado;18701OBR.N;24/05/2024; 414,00 ; 9,02 ; 3.732,96 ;Código 80;Fornecedor 80;Geral;-;139OBR.C
OBR;01080200201OBR;612;Concreto usinado Fck 30 MPa brita 0 slump 10+-2;M3;Concreto Usinado;10132OBR.N;10/05/2024; 414,00 ; 1,89 ; 780,80 ;Código 80;Fornecedor 80;Geral;-;139OBR.C
OBR;01080200201OBR;612;Concreto usinado Fck 30 MPa brita 0 slump 10+-2;M3;Concreto Usinado;18647OBR.N;09/05/2024; 414,00 ; 21,41 ; 8.862,33 ;Código 80;Fornecedor 80;Geral;-;139OBR.C
OBR;01080200201OBR;612;Concreto usinado Fck 30 MPa brita 0 slump 10+-2;M3;Concreto Usinado;18655OBR.N;08/05/2024; 414,00 ; 11,83 ; 4.895,67 ;Código 80;Fornecedor 80;Geral;-;139OBR.C
OBR;01080200201OBR;612;Concreto usinado Fck 30 MPa brita 0 slump 10+-2;M3;Concreto Usinado;10122OBR.N;08/05/2024; 414,00 ; 2,83 ; 1.171,25 ;Código 80;Fornecedor 80;Geral;-;139OBR.C
OBR;01080200201OBR;612;Concreto usinado Fck 30 MPa brita 0 slump 10+-2;M3;Concreto Usinado;18626OBR.N;16/04/2024; 414,00 ; 2,17 ; 900,20 ;Código 80;Fornecedor 80;Geral;-;139OBR.C
OBR;01080200201OBR;612;Concreto usinado Fck 30 MPa brita 0 slump 10+-2;M3;Concreto Usinado;18604OBR.N;25/03/2024; 414,00 ; 12,02 ; 4.974,91 ;Código 80;Fornecedor 80;Geral;-;139OBR.C
OBR;01080200201OBR;612;Concreto usinado Fck 30 MPa brita 0 slump 10+-2;M3;Concreto Usinado;18574OBR.N;07/03/2024; 414,00 ; 4,58 ; 1.895,21 ;Código 80;Fornecedor 80;Geral;-;139OBR.C
OBR;01080200201OBR;612;Concreto usinado Fck 30 MPa brita 0 slump 10+-2;M3;Concreto Usinado;18578OBR.N;07/03/2024; 414,00 ; 0,80 ; 331,66 ;Código 80;Fornecedor 80;Geral;-;139OBR.C
OBR;01080200201OBR;612;Concreto usinado Fck 30 MPa brita 0 slump 10+-2;M3;Concreto Usinado;18547OBR.N;27/02/2024; 414,00 ; 1,60 ; 663,31 ;Código 80;Fornecedor 80;Geral;-;139OBR.C
OBR;01080200201OBR;612;Concreto usinado Fck 30 MPa brita 0 slump 10+-2;M3;Concreto Usinado;18523OBR.N;14/02/2024; 414,00 ; 3,55 ; 1.468,79 ;Código 80;Fornecedor 80;Geral;-;139OBR.C
OBR;01080200202OBR;10302;Bomba lanca - comprimento 32 m;M3;Concreto Usinado;10320OBR.N;06/08/2024; 46,00 ; 9,43 ; 433,86 ;Código 80;Fornecedor 80;Geral;-;139OBR.C
OBR;01080200202OBR;10302;Bomba lanca - comprimento 32 m;M3;Concreto Usinado;18818OBR.N;03/08/2024; 46,00 ; 12,25 ; 563,42 ;Código 80;Fornecedor 80;Geral;-;139OBR.C
OBR;01080200202OBR;10302;Bomba lanca - comprimento 32 m;M3;Concreto Usinado;18791OBR.N;09/07/2024; 46,00 ; 15,92 ; 732,45 ;Código 80;Fornecedor 80;Geral;-;139OBR.C
OBR;01080200202OBR;10302;Bomba lanca - comprimento 32 m;M3;Concreto Usinado;18766OBR.N;04/07/2024; 46,00 ; 21,28 ; 978,95 ;Código 80;Fornecedor 80;Geral;-;139OBR.C
OBR;01080200202OBR;10302;Bomba lanca - comprimento 32 m;M3;Concreto Usinado;18735OBR.N;10/06/2024; 46,00 ; 15,92 ; 732,45 ;Código 80;Fornecedor 80;Geral;-;139OBR.C
OBR;01080200202OBR;10302;Bomba lanca - comprimento 32 m;M3;Concreto Usinado;18709OBR.N;29/05/2024; 46,00 ; 17,15 ; 788,83 ;Código 80;Fornecedor 80;Geral;-;139OBR.C
OBR;01080200202OBR;10302;Bomba lanca - comprimento 32 m;M3;Concreto Usinado;18701OBR.N;24/05/2024; 46,00 ; 11,02 ; 507,08 ;Código 80;Fornecedor 80;Geral;-;139OBR.C
OBR;01080200202OBR;10302;Bomba lanca - comprimento 32 m;M3;Concreto Usinado;18672OBR.N;10/05/2024; 46,00 ; 2,44 ; 112,13 ;Código 80;Fornecedor 80;Geral;-;139OBR.C
OBR;01080200202OBR;10302;Bomba lanca - comprimento 32 m;M3;Concreto Usinado;18647OBR.N;09/05/2024; 46,00 ; 27,62 ; 1.270,46 ;Código 80;Fornecedor 80;Geral;-;139OBR.C
OBR;01080200202OBR;10302;Bomba lanca - comprimento 32 m;M3;Concreto Usinado;18655OBR.N;08/05/2024; 46,00 ; 14,71 ; 676,66 ;Código 80;Fornecedor 80;Geral;-;139OBR.C
OBR;01080200202OBR;10302;Bomba lanca - comprimento 32 m;M3;Concreto Usinado;18604OBR.N;25/03/2024; 46,00 ; 6,75 ; 310,71 ;Código 80;Fornecedor 80;Geral;-;139OBR.C
OBR;01080200301OBR;1274;Servico de corte e dobra de aco industrializado;KG;Aço e Acessórios;11681OBR.N;08/11/2024; 0,80 ; 9.384,88 ; 7.523,53 ;Código 85;Fornecedor 85;Geral;-;-
OBR;01080200301OBR;1274;Servico de corte e dobra de aco industrializado;KG;Aço e Acessórios;11618OBR.N;08/11/2024; 0,80 ; 9.769,47 ; 7.831,84 ;Código 85;Fornecedor 85;Geral;-;-
OBR;01080200301OBR;1274;Servico de corte e dobra de aco industrializado;KG;Aço e Acessórios;11780OBR.N;08/07/2024; 0,81 ; 12,37 ; 9,96 ;Código 85;Fornecedor 85;Geral;42OBR.P;-
OBR;01080200301OBR;1274;Servico de corte e dobra de aco industrializado;KG;Aço e Acessórios;11747OBR.N;20/06/2024; 0,81 ; 12,30 ; 9,90 ;Código 85;Fornecedor 85;Geral;42OBR.P;-
OBR;01080200301OBR;1274;Servico de corte e dobra de aco industrializado;KG;Aço e Acessórios;11583OBR.N;17/04/2024; 0,81 ; 14,13 ; 11,37 ;Código 85;Fornecedor 85;Geral;42OBR.P;-
OBR;01080200301OBR;1274;Servico de corte e dobra de aco industrializado;KG;Aço e Acessórios;11552OBR.N;09/04/2024; 0,81 ; 7,20 ; 5,80 ;Código 85;Fornecedor 85;Geral;42OBR.P;-
OBR;01080200301OBR;1274;Servico de corte e dobra de aco industrializado;KG;Aço e Acessórios;11541OBR.N;08/04/2024; 0,81 ; 12,94 ; 10,42 ;Código 85;Fornecedor 85;Geral;42OBR.P;-
OBR;01080200301OBR;1274;Servico de corte e dobra de aco industrializado;KG;Aço e Acessórios;11536OBR.N;20/03/2024; 0,81 ; 12,92 ; 10,40 ;Código 85;Fornecedor 85;Geral;42OBR.P;-
OBR;01080200301OBR;1274;Servico de corte e dobra de aco industrializado;KG;Aço e Acessórios;11521OBR.N;14/03/2024; 0,81 ; 7,20 ; 5,79 ;Código 85;Fornecedor 85;Geral;42OBR.P;-
OBR;01080200301OBR;1274;Servico de corte e dobra de aco industrializado;KG;Aço e Acessórios;11481OBR.N;01/03/2024; 0,81 ; 15,20 ; 12,23 ;Código 85;Fornecedor 85;Geral;42OBR.P;-
OBR;01080200301OBR;1274;Servico de corte e dobra de aco industrializado;KG;Aço e Acessórios;11455OBR.N;01/03/2024; 0,81 ; 6,04 ; 4,86 ;Código 85;Fornecedor 85;Geral;42OBR.P;-
OBR;01080200301OBR;972;Aco CA60 5 mm;KG;Aço e Acessórios;44786OBR.N;01/03/2024; 6,87 ; 133,30 ; 916,35 ;Código 65;Fornecedor 65;Geral;32OBR.P;-
OBR;01080200301OBR;972;Aco CA60 5 mm;KG;Aço e Acessórios;44600OBR.N;26/02/2024; 6,87 ; 17,70 ; 121,68 ;Código 65;Fornecedor 65;Geral;32OBR.P;-
OBR;01080200302OBR;1274;Servico de corte e dobra de aco industrializado;KG;Aço e Acessórios;11780OBR.N;08/07/2024; 0,81 ; 13,35 ; 10,75 ;Código 85;Fornecedor 85;Geral;42OBR.P;-
OBR;01080200302OBR;1274;Servico de corte e dobra de aco industrializado;KG;Aço e Acessórios;11747OBR.N;20/06/2024; 0,81 ; 13,28 ; 10,69 ;Código 85;Fornecedor 85;Geral;42OBR.P;-
OBR;01080200302OBR;1274;Servico de corte e dobra de aco industrializado;KG;Aço e Acessórios;11583OBR.N;17/04/2024; 0,81 ; 15,25 ; 12,28 ;Código 85;Fornecedor 85;Geral;42OBR.P;-
OBR;01080200302OBR;1274;Servico de corte e dobra de aco industrializado;KG;Aço e Acessórios;11552OBR.N;09/04/2024; 0,81 ; 7,78 ; 6,26 ;Código 85;Fornecedor 85;Geral;42OBR.P;-
OBR;01080200302OBR;1274;Servico de corte e dobra de aco industrializado;KG;Aço e Acessórios;11541OBR.N;08/04/2024; 0,81 ; 13,97 ; 11,24 ;Código 85;Fornecedor 85;Geral;42OBR.P;-
OBR;01080200302OBR;1274;Servico de corte e dobra de aco industrializado;KG;Aço e Acessórios;11536OBR.N;20/03/2024; 0,81 ; 13,95 ; 11,23 ;Código 85;Fornecedor 85;Geral;42OBR.P;-
OBR;01080200302OBR;1274;Servico de corte e dobra de aco industrializado;KG;Aço e Acessórios;11521OBR.N;14/03/2024; 0,81 ; 7,77 ; 6,25 ;Código 85;Fornecedor 85;Geral;42OBR.P;-
OBR;01080200302OBR;1274;Servico de corte e dobra de aco industrializado;KG;Aço e Acessórios;11481OBR.N;01/03/2024; 0,81 ; 16,40 ; 13,21 ;Código 85;Fornecedor 85;Geral;42OBR.P;-
OBR;01080200302OBR;1274;Servico de corte e dobra de aco industrializado;KG;Aço e Acessórios;11455OBR.N;01/03/2024; 0,81 ; 6,52 ; 5,25 ;Código 85;Fornecedor 85;Geral;42OBR.P;-
OBR;01080200302OBR;962;Aco CA50 6,3 mm;KG;Aço e Acessórios;44786OBR.N;01/03/2024; 6,87 ; 158,00 ; 1.086,15 ;Código 65;Fornecedor 65;Geral;32OBR.P;-
OBR;01080200302OBR;962;Aco CA50 6,3 mm;KG;Aço e Acessórios;44600OBR.N;26/02/2024; 6,87 ; 5,00 ; 34,37 ;Código 65;Fornecedor 65;Geral;32OBR.P;-
OBR;01080200303OBR;1274;Servico de corte e dobra de aco industrializado;KG;Aço e Acessórios;11780OBR.N;08/07/2024; 0,81 ; 176,35 ; 141,96 ;Código 85;Fornecedor 85;Geral;42OBR.P;-
OBR;01080200303OBR;1274;Servico de corte e dobra de aco industrializado;KG;Aço e Acessórios;11747OBR.N;20/06/2024; 0,81 ; 175,41 ; 141,21 ;Código 85;Fornecedor 85;Geral;42OBR.P;-
OBR;01080200303OBR;1274;Servico de corte e dobra de aco industrializado;KG;Aço e Acessórios;11583OBR.N;17/04/2024; 0,81 ; 201,42 ; 162,15 ;Código 85;Fornecedor 85;Geral;42OBR.P;-
OBR;01080200303OBR;1274;Servico de corte e dobra de aco industrializado;KG;Aço e Acessórios;11552OBR.N;09/04/2024; 0,81 ; 102,72 ; 82,69 ;Código 85;Fornecedor 85;Geral;42OBR.P;-
OBR;01080200303OBR;1274;Servico de corte e dobra de aco industrializado;KG;Aço e Acessórios;11541OBR.N;08/04/2024; 0,81 ; 184,51 ; 148,53 ;Código 85;Fornecedor 85;Geral;42OBR.P;-
OBR;01080200303OBR;963;Aco CA50 8 mm;KG;Aço e Acessórios;45038OBR.N;05/04/2024; 6,87 ; 320,00 ; 2.199,79 ;Código 65;Fornecedor 65;Geral;32OBR.P;-
OBR;01080200303OBR;1274;Servico de corte e dobra de aco industrializado;KG;Aço e Acessórios;11536OBR.N;20/03/2024; 0,81 ; 184,27 ; 148,33 ;Código 85;Fornecedor 85;Geral;42OBR.P;-
OBR;01080200303OBR;963;Aco CA50 8 mm;KG;Aço e Acessórios;45003OBR.N;20/03/2024; 6,87 ; 1.004,00 ; 6.901,85 ;Código 65;Fornecedor 65;Geral;32OBR.P;-
OBR;01080200303OBR;1274;Servico de corte e dobra de aco industrializado;KG;Aço e Acessórios;11521OBR.N;14/03/2024; 0,81 ; 102,62 ; 82,61 ;Código 85;Fornecedor 85;Geral;42OBR.P;-
OBR;01080200303OBR;963;Aco CA50 8 mm;KG;Aço e Acessórios;44945OBR.N;14/03/2024; 6,87 ; 317,00 ; 2.179,17 ;Código 65;Fornecedor 65;Geral;32OBR.P;-
OBR;01080200303OBR;1274;Servico de corte e dobra de aco industrializado;KG;Aço e Acessórios;11481OBR.N;01/03/2024; 0,81 ; 216,69 ; 174,43 ;Código 85;Fornecedor 85;Geral;42OBR.P;-
OBR;01080200303OBR;1274;Servico de corte e dobra de aco industrializado;KG;Aço e Acessórios;11455OBR.N;01/03/2024; 0,81 ; 86,09 ; 69,30 ;Código 85;Fornecedor 85;Geral;42OBR.P;-
OBR;01080200303OBR;963;Aco CA50 8 mm;KG;Aço e Acessórios;44786OBR.N;01/03/2024; 6,87 ; 512,00 ; 3.519,67 ;Código 65;Fornecedor 65;Geral;32OBR.P;-
OBR;01080200304OBR;1274;Servico de corte e dobra de aco industrializado;KG;Aço e Acessórios;11648OBR.N;08/11/2024; 0,80 ; 319,32 ; 255,99 ;Código 85;Fornecedor 85;Geral;-;-
OBR;01080200304OBR;1274;Servico de corte e dobra de aco industrializado;KG;Aço e Acessórios;11780OBR.N;08/07/2024; 0,81 ; 116,56 ; 93,83 ;Código 85;Fornecedor 85;Geral;42OBR.P;-
OBR;01080200304OBR;1274;Servico de corte e dobra de aco industrializado;KG;Aço e Acessórios;11747OBR.N;20/06/2024; 0,81 ; 115,94 ; 93,33 ;Código 85;Fornecedor 85;Geral;42OBR.P;-
OBR;01080200304OBR;1274;Servico de corte e dobra de aco industrializado;KG;Aço e Acessórios;11583OBR.N;17/04/2024; 0,81 ; 133,13 ; 107,17 ;Código 85;Fornecedor 85;Geral;42OBR.P;-
OBR;01080200304OBR;1274;Servico de corte e dobra de aco industrializado;KG;Aço e Acessórios;11552OBR.N;09/04/2024; 0,81 ; 67,89 ; 54,65 ;Código 85;Fornecedor 85;Geral;42OBR.P;-
OBR;01080200304OBR;1274;Servico de corte e dobra de aco industrializado;KG;Aço e Acessórios;11541OBR.N;08/04/2024; 0,81 ; 121,95 ; 98,17 ;Código 85;Fornecedor 85;Geral;42OBR.P;-
OBR;01080200304OBR;1274;Servico de corte e dobra de aco industrializado;KG;Aço e Acessórios;11536OBR.N;20/03/2024; 0,81 ; 121,79 ; 98,04 ;Código 85;Fornecedor 85;Geral;42OBR.P;-
OBR;01080200304OBR;957;Aco CA50 10 mm;KG;Aço e Acessórios;45003OBR.N;20/03/2024; 6,56 ; 816,00 ; 5.354,51 ;Código 65;Fornecedor 65;Geral;32OBR.P;-
OBR;01080200304OBR;1274;Servico de corte e dobra de aco industrializado;KG;Aço e Acessórios;11521OBR.N;14/03/2024; 0,81 ; 67,83 ; 54,60 ;Código 85;Fornecedor 85;Geral;42OBR.P;-
OBR;01080200304OBR;1274;Servico de corte e dobra de aco industrializado;KG;Aço e Acessórios;11481OBR.N;01/03/2024; 0,81 ; 143,22 ; 115,29 ;Código 85;Fornecedor 85;Geral;42OBR.P;-
OBR;01080200304OBR;1274;Servico de corte e dobra de aco industrializado;KG;Aço e Acessórios;11455OBR.N;01/03/2024; 0,81 ; 56,90 ; 45,80 ;Código 85;Fornecedor 85;Geral;42OBR.P;-
OBR;01080200304OBR;957;Aco CA50 10 mm;KG;Aço e Acessórios;44786OBR.N;01/03/2024; 6,56 ; 440,00 ; 2.887,24 ;Código 65;Fornecedor 65;Geral;32OBR.P;-
OBR;01080200304OBR;957;Aco CA50 10 mm;KG;Aço e Acessórios;44600OBR.N;26/02/2024; 6,56 ; 167,00 ; 1.095,84 ;Código 65;Fornecedor 65;Geral;32OBR.P;-
OBR;01080200305OBR;1274;Servico de corte e dobra de aco industrializado;KG;Aço e Acessórios;11780OBR.N;08/07/2024; 0,81 ; 412,25 ; 331,86 ;Código 85;Fornecedor 85;Geral;42OBR.P;-
OBR;01080200305OBR;1274;Servico de corte e dobra de aco industrializado;KG;Aço e Acessórios;11747OBR.N;20/06/2024; 0,81 ; 410,06 ; 330,10 ;Código 85;Fornecedor 85;Geral;42OBR.P;-
OBR;01080200305OBR;1274;Servico de corte e dobra de aco industrializado;KG;Aço e Acessórios;11583OBR.N;17/04/2024; 0,81 ; 470,86 ; 379,04 ;Código 85;Fornecedor 85;Geral;42OBR.P;-
OBR;01080200305OBR;1274;Servico de corte e dobra de aco industrializado;KG;Aço e Acessórios;11552OBR.N;09/04/2024; 0,81 ; 240,12 ; 193,30 ;Código 85;Fornecedor 85;Geral;42OBR.P;-
OBR;01080200305OBR;1274;Servico de corte e dobra de aco industrializado;KG;Aço e Acessórios;11541OBR.N;08/04/2024; 0,81 ; 431,32 ; 347,21 ;Código 85;Fornecedor 85;Geral;42OBR.P;-
OBR;01080200305OBR;1274;Servico de corte e dobra de aco industrializado;KG;Aço e Acessórios;11536OBR.N;20/03/2024; 0,81 ; 430,75 ; 346,75 ;Código 85;Fornecedor 85;Geral;42OBR.P;-
OBR;01080200305OBR;1274;Servico de corte e dobra de aco industrializado;KG;Aço e Acessórios;11521OBR.N;14/03/2024; 0,81 ; 239,90 ; 193,12 ;Código 85;Fornecedor 85;Geral;42OBR.P;-
OBR;01080200305OBR;1274;Servico de corte e dobra de aco industrializado;KG;Aço e Acessórios;11481OBR.N;01/03/2024; 0,81 ; 506,54 ; 407,76 ;Código 85;Fornecedor 85;Geral;42OBR.P;-
OBR;01080200305OBR;1274;Servico de corte e dobra de aco industrializado;KG;Aço e Acessórios;11455OBR.N;01/03/2024; 0,81 ; 201,24 ; 162,00 ;Código 85;Fornecedor 85;Geral;42OBR.P;-
OBR;01080200305OBR;958;Aco CA50 12,5 mm;KG;Aço e Acessórios;44786OBR.N;01/03/2024; 6,25 ; 3.452,00 ; 21.573,08 ;Código 65;Fornecedor 65;Geral;32OBR.P;-
OBR;01080200305OBR;958;Aco CA50 12,5 mm;KG;Aço e Acessórios;44600OBR.N;26/02/2024; 6,25 ; 1.581,00 ; 9.880,37 ;Código 65;Fornecedor 65;Geral;32OBR.P;-
OBR;01080200306OBR;1274;Servico de corte e dobra de aco industrializado;KG;Aço e Acessórios;11780OBR.N;08/07/2024; 0,81 ; 53,98 ; 43,45 ;Código 85;Fornecedor 85;Geral;42OBR.P;-
OBR;01080200306OBR;1274;Servico de corte e dobra de aco industrializado;KG;Aço e Acessórios;11747OBR.N;20/06/2024; 0,81 ; 53,69 ; 43,22 ;Código 85;Fornecedor 85;Geral;42OBR.P;-
OBR;01080200306OBR;1274;Servico de corte e dobra de aco industrializado;KG;Aço e Acessórios;11583OBR.N;17/04/2024; 0,81 ; 61,65 ; 49,63 ;Código 85;Fornecedor 85;Geral;42OBR.P;-
OBR;01080200306OBR;1274;Servico de corte e dobra de aco industrializado;KG;Aço e Acessórios;11552OBR.N;09/04/2024; 0,81 ; 31,44 ; 25,31 ;Código 85;Fornecedor 85;Geral;42OBR.P;-
OBR;01080200306OBR;1274;Servico de corte e dobra de aco industrializado;KG;Aço e Acessórios;11541OBR.N;08/04/2024; 0,81 ; 56,48 ; 45,46 ;Código 85;Fornecedor 85;Geral;42OBR.P;-
OBR;01080200306OBR;1274;Servico de corte e dobra de aco industrializado;KG;Aço e Acessórios;11536OBR.N;20/03/2024; 0,81 ; 56,40 ; 45,40 ;Código 85;Fornecedor 85;Geral;42OBR.P;-
OBR;01080200306OBR;959;Aco CA50 16 mm;KG;Aço e Acessórios;45003OBR.N;20/03/2024; 6,25 ; 55,00 ; 343,71 ;Código 65;Fornecedor 65;Geral;32OBR.P;-
OBR;01080200306OBR;1274;Servico de corte e dobra de aco industrializado;KG;Aço e Acessórios;11521OBR.N;14/03/2024; 0,81 ; 31,41 ; 25,29 ;Código 85;Fornecedor 85;Geral;42OBR.P;-
OBR;01080200306OBR;959;Aco CA50 16 mm;KG;Aço e Acessórios;44945OBR.N;14/03/2024; 6,25 ; 270,00 ; 1.687,35 ;Código 65;Fornecedor 65;Geral;32OBR.P;-
OBR;01080200306OBR;1274;Servico de corte e dobra de aco industrializado;KG;Aço e Acessórios;11481OBR.N;01/03/2024; 0,81 ; 66,32 ; 53,39 ;Código 85;Fornecedor 85;Geral;42OBR.P;-
OBR;01080200306OBR;1274;Servico de corte e dobra de aco industrializado;KG;Aço e Acessórios;11455OBR.N;01/03/2024; 0,81 ; 26,35 ; 21,21 ;Código 85;Fornecedor 85;Geral;42OBR.P;-
OBR;01080200306OBR;959;Aco CA50 16 mm;KG;Aço e Acessórios;44786OBR.N;01/03/2024; 6,25 ; 303,00 ; 1.893,58 ;Código 65;Fornecedor 65;Geral;32OBR.P;-
OBR;01080200306OBR;959;Aco CA50 16 mm;KG;Aço e Acessórios;44600OBR.N;26/02/2024; 6,25 ; 31,00 ; 193,73 ;Código 65;Fornecedor 65;Geral;32OBR.P;-
OBR;01080200307OBR;1274;Servico de corte e dobra de aco industrializado;KG;Aço e Acessórios;11780OBR.N;08/07/2024; 0,81 ; 316,17 ; 254,52 ;Código 85;Fornecedor 85;Geral;42OBR.P;-
OBR;01080200307OBR;1274;Servico de corte e dobra de aco industrializado;KG;Aço e Acessórios;11747OBR.N;20/06/2024; 0,81 ; 314,49 ; 253,17 ;Código 85;Fornecedor 85;Geral;42OBR.P;-
OBR;01080200307OBR;1274;Servico de corte e dobra de aco industrializado;KG;Aço e Acessórios;11583OBR.N;17/04/2024; 0,81 ; 361,12 ; 290,70 ;Código 85;Fornecedor 85;Geral;42OBR.P;-
OBR;01080200307OBR;1274;Servico de corte e dobra de aco industrializado;KG;Aço e Acessórios;11552OBR.N;09/04/2024; 0,81 ; 184,16 ; 148,25 ;Código 85;Fornecedor 85;Geral;42OBR.P;-
OBR;01080200307OBR;1274;Servico de corte e dobra de aco industrializado;KG;Aço e Acessórios;11541OBR.N;08/04/2024; 0,81 ; 330,80 ; 266,29 ;Código 85;Fornecedor 85;Geral;42OBR.P;-
OBR;01080200307OBR;1274;Servico de corte e dobra de aco industrializado;KG;Aço e Acessórios;11536OBR.N;20/03/2024; 0,81 ; 330,36 ; 265,94 ;Código 85;Fornecedor 85;Geral;42OBR.P;-
OBR;01080200307OBR;1274;Servico de corte e dobra de aco industrializado;KG;Aço e Acessórios;11521OBR.N;14/03/2024; 0,81 ; 183,99 ; 148,11 ;Código 85;Fornecedor 85;Geral;42OBR.P;-
OBR;01080200307OBR;1274;Servico de corte e dobra de aco industrializado;KG;Aço e Acessórios;11481OBR.N;01/03/2024; 0,81 ; 388,48 ; 312,73 ;Código 85;Fornecedor 85;Geral;42OBR.P;-
OBR;01080200307OBR;1274;Servico de corte e dobra de aco industrializado;KG;Aço e Acessórios;11455OBR.N;01/03/2024; 0,81 ; 154,34 ; 124,24 ;Código 85;Fornecedor 85;Geral;42OBR.P;-
OBR;01080200307OBR;960;Aco CA50 20 mm;KG;Aço e Acessórios;44786OBR.N;01/03/2024; 6,25 ; 2.792,00 ; 17.448,45 ;Código 65;Fornecedor 65;Geral;32OBR.P;-
OBR;01080200307OBR;960;Aco CA50 20 mm;KG;Aço e Acessórios;44600OBR.N;26/02/2024; 6,25 ; 1.068,00 ; 6.674,41 ;Código 65;Fornecedor 65;Geral;32OBR.P;-
OBR;01080200308OBR;1274;Servico de corte e dobra de aco industrializado;KG;Aço e Acessórios;11780OBR.N;08/07/2024; 0,81 ; 286,52 ; 230,65 ;Código 85;Fornecedor 85;Geral;42OBR.P;-
OBR;01080200308OBR;1274;Servico de corte e dobra de aco industrializado;KG;Aço e Acessórios;11747OBR.N;20/06/2024; 0,81 ; 285,00 ; 229,42 ;Código 85;Fornecedor 85;Geral;42OBR.P;-
OBR;01080200308OBR;1274;Servico de corte e dobra de aco industrializado;KG;Aço e Acessórios;11583OBR.N;17/04/2024; 0,81 ; 327,25 ; 263,44 ;Código 85;Fornecedor 85;Geral;42OBR.P;-
OBR;01080200308OBR;1274;Servico de corte e dobra de aco industrializado;KG;Aço e Acessórios;11552OBR.N;09/04/2024; 0,81 ; 166,89 ; 134,34 ;Código 85;Fornecedor 85;Geral;42OBR.P;-
OBR;01080200308OBR;1274;Servico de corte e dobra de aco industrializado;KG;Aço e Acessórios;11541OBR.N;08/04/2024; 0,81 ; 299,77 ; 241,32 ;Código 85;Fornecedor 85;Geral;42OBR.P;-
OBR;01080200308OBR;1274;Servico de corte e dobra de aco industrializado;KG;Aço e Acessórios;11536OBR.N;20/03/2024; 0,81 ; 299,38 ; 241,00 ;Código 85;Fornecedor 85;Geral;42OBR.P;-
OBR;01080200308OBR;1274;Servico de corte e dobra de aco industrializado;KG;Aço e Acessórios;11521OBR.N;14/03/2024; 0,81 ; 166,73 ; 134,22 ;Código 85;Fornecedor 85;Geral;42OBR.P;-
OBR;01080200308OBR;1274;Servico de corte e dobra de aco industrializado;KG;Aço e Acessórios;11481OBR.N;01/03/2024; 0,81 ; 352,05 ; 283,40 ;Código 85;Fornecedor 85;Geral;42OBR.P;-
OBR;01080200308OBR;1274;Servico de corte e dobra de aco industrializado;KG;Aço e Acessórios;11455OBR.N;01/03/2024; 0,81 ; 139,86 ; 112,59 ;Código 85;Fornecedor 85;Geral;42OBR.P;-
OBR;01080200308OBR;961;Aco CA50 25 mm;KG;Aço e Acessórios;44786OBR.N;01/03/2024; 6,25 ; 1.775,00 ; 11.092,76 ;Código 65;Fornecedor 65;Geral;32OBR.P;-
OBR;01080200308OBR;961;Aco CA50 25 mm;KG;Aço e Acessórios;44600OBR.N;26/02/2024; 6,25 ; 1.723,00 ; 10.767,79 ;Código 65;Fornecedor 65;Geral;32OBR.P;-
OBR;01080200309OBR;1881;Arame recozido 18 BWG;KG;Aço e Acessórios;7019OBR.N;12/04/2024; 10,81 ; 1.500,00 ; 16.207,76 ;Código 73;Fornecedor 73;Geral;-;-
OBR;01090100101OBR;1274;Servico de corte e dobra de aco industrializado;KG;Aço e Acessórios;11654OBR.N;08/11/2024; 0,80 ; 9.418,02 ; 7.550,09 ;Código 85;Fornecedor 85;Geral;-;-
OBR;01090100101OBR;972;Aco CA60 5 mm;KG;Aço e Acessórios;46515OBR.N;10/08/2024; 6,83 ; 677,00 ; 4.621,86 ;Código 65;Fornecedor 65;Geral;191OBR.P;-
OBR;01090100101OBR;972;Aco CA60 5 mm;KG;Aço e Acessórios;46320OBR.N;01/08/2024; 7,64 ; 79,80 ; 609,68 ;Código 65;Fornecedor 65;Geral;97OBR.P;-
OBR;01090100101OBR;972;Aco CA60 5 mm;KG;Aço e Acessórios;46320OBR.N;01/08/2024; 6,83 ; 1.323,00 ; 9.032,09 ;Código 65;Fornecedor 65;Geral;191OBR.P;-
OBR;01090100101OBR;972;Aco CA60 5 mm;KG;Aço e Acessórios;46117OBR.N;08/07/2024; 7,64 ; 868,00 ; 6.631,54 ;Código 65;Fornecedor 65;Geral;97OBR.P;-
OBR;01090100101OBR;1274;Servico de corte e dobra de aco industrializado;KG;Aço e Acessórios;11780OBR.N;08/07/2024; 0,81 ; 489,66 ; 394,18 ;Código 85;Fornecedor 85;Geral;42OBR.P;-
OBR;01090100101OBR;972;Aco CA60 5 mm;KG;Aço e Acessórios;45941OBR.N;28/06/2024; 7,64 ; 1.807,00 ; 13.805,53 ;Código 65;Fornecedor 65;Geral;97OBR.P;-
OBR;01090100101OBR;1274;Servico de corte e dobra de aco industrializado;KG;Aço e Acessórios;11747OBR.N;20/06/2024; 0,81 ; 487,06 ; 392,08 ;Código 85;Fornecedor 85;Geral;42OBR.P;-
OBR;01090100101OBR;972;Aco CA60 5 mm;KG;Aço e Acessórios;45802OBR.N;17/06/2024; 7,64 ; 1.430,20 ; 10.926,93 ;Código 65;Fornecedor 65;Geral;97OBR.P;-
OBR;01090100101OBR;972;Aco CA60 5 mm;KG;Aço e Acessórios;45659OBR.N;22/05/2024; 7,64 ; 592,00 ; 4.522,89 ;Código 65;Fornecedor 65;Geral;97OBR.P;-
OBR;01090100101OBR;972;Aco CA60 5 mm;KG;Aço e Acessórios;45546OBR.N;15/05/2024; 7,64 ; 597,00 ; 4.561,16 ;Código 65;Fornecedor 65;Geral;97OBR.P;-
OBR;01090100101OBR;972;Aco CA60 5 mm;KG;Aço e Acessórios;45381OBR.N;02/05/2024; 7,64 ; 604,00 ; 4.614,58 ;Código 65;Fornecedor 65;Geral;97OBR.P;-
OBR;01090100101OBR;1274;Servico de corte e dobra de aco industrializado;KG;Aço e Acessórios;11583OBR.N;17/04/2024; 0,81 ; 559,27 ; 450,21 ;Código 85;Fornecedor 85;Geral;42OBR.P;-
OBR;01090100101OBR;1274;Servico de corte e dobra de aco industrializado;KG;Aço e Acessórios;11552OBR.N;09/04/2024; 0,81 ; 285,20 ; 229,59 ;Código 85;Fornecedor 85;Geral;42OBR.P;-
OBR;01090100101OBR;1274;Servico de corte e dobra de aco industrializado;KG;Aço e Acessórios;11541OBR.N;08/04/2024; 0,81 ; 512,31 ; 412,41 ;Código 85;Fornecedor 85;Geral;42OBR.P;-
OBR;01090100101OBR;1274;Servico de corte e dobra de aco industrializado;KG;Aço e Acessórios;11536OBR.N;20/03/2024; 0,81 ; 511,63 ; 411,86 ;Código 85;Fornecedor 85;Geral;42OBR.P;-
OBR;01090100101OBR;1274;Servico de corte e dobra de aco industrializado;KG;Aço e Acessórios;11521OBR.N;14/03/2024; 0,81 ; 284,94 ; 229,38 ;Código 85;Fornecedor 85;Geral;42OBR.P;-
OBR;01090100101OBR;1274;Servico de corte e dobra de aco industrializado;KG;Aço e Acessórios;11481OBR.N;01/03/2024; 0,81 ; 601,65 ; 484,33 ;Código 85;Fornecedor 85;Geral;42OBR.P;-
OBR;01090100101OBR;1274;Servico de corte e dobra de aco industrializado;KG;Aço e Acessórios;11455OBR.N;01/03/2024; 0,81 ; 239,02 ; 192,41 ;Código 85;Fornecedor 85;Geral;42OBR.P;-
OBR;01090100102OBR;1274;Servico de corte e dobra de aco industrializado;KG;Aço e Acessórios;11715OBR.N;08/11/2024; 0,80 ; 9.384,88 ; 7.523,53 ;Código 85;Fornecedor 85;Geral;-;-
OBR;01090100102OBR;1274;Servico de corte e dobra de aco industrializado;KG;Aço e Acessórios;11780OBR.N;08/07/2024; 0,81 ; 858,09 ; 690,76 ;Código 85;Fornecedor 85;Geral;42OBR.P;-
OBR;01090100102OBR;1274;Servico de corte e dobra de aco industrializado;KG;Aço e Acessórios;11747OBR.N;20/06/2024; 0,81 ; 853,53 ; 687,09 ;Código 85;Fornecedor 85;Geral;42OBR.P;-
OBR;01090100102OBR;962;Aco CA50 6,3 mm;KG;Aço e Acessórios;45802OBR.N;17/06/2024; 6,87 ; 875,44 ; 6.018,07 ;Código 65;Fornecedor 65;Geral;41OBR.P;-
OBR;01090100102OBR;962;Aco CA50 6,3 mm;KG;Aço e Acessórios;45659OBR.N;22/05/2024; 6,87 ; 1.807,00 ; 12.421,96 ;Código 65;Fornecedor 65;Geral;41OBR.P;-
OBR;01090100102OBR;962;Aco CA50 6,3 mm;KG;Aço e Acessórios;45546OBR.N;15/05/2024; 6,87 ; 1.807,00 ; 12.421,96 ;Código 65;Fornecedor 65;Geral;41OBR.P;-
OBR;01090100102OBR;962;Aco CA50 6,3 mm;KG;Aço e Acessórios;45381OBR.N;02/05/2024; 6,87 ; 1.835,00 ; 12.614,44 ;Código 65;Fornecedor 65;Geral;41OBR.P;-
OBR;01090100102OBR;1274;Servico de corte e dobra de aco industrializado;KG;Aço e Acessórios;11583OBR.N;17/04/2024; 0,81 ; 980,08 ; 788,96 ;Código 85;Fornecedor 85;Geral;42OBR.P;-
OBR;01090100102OBR;962;Aco CA50 6,3 mm;KG;Aço e Acessórios;45231OBR.N;09/04/2024; 6,87 ; 2.019,00 ; 13.879,32 ;Código 65;Fornecedor 65;Geral;41OBR.P;-
OBR;01090100102OBR;1274;Servico de corte e dobra de aco industrializado;KG;Aço e Acessórios;11552OBR.N;09/04/2024; 0,81 ; 499,80 ; 402,34 ;Código 85;Fornecedor 85;Geral;42OBR.P;-
OBR;01090100102OBR;962;Aco CA50 6,3 mm;KG;Aço e Acessórios;45101OBR.N;09/04/2024; 6,87 ; 397,00 ; 2.729,12 ;Código 65;Fornecedor 65;Geral;41OBR.P;-
OBR;01090100102OBR;1274;Servico de corte e dobra de aco industrializado;KG;Aço e Acessórios;11541OBR.N;08/04/2024; 0,81 ; 897,78 ; 722,71 ;Código 85;Fornecedor 85;Geral;42OBR.P;-
OBR;01090100102OBR;962;Aco CA50 6,3 mm;KG;Aço e Acessórios;45038OBR.N;05/04/2024; 6,87 ; 1.179,00 ; 8.104,86 ;Código 65;Fornecedor 65;Geral;41OBR.P;-
OBR;01090100102OBR;1274;Servico de corte e dobra de aco industrializado;KG;Aço e Acessórios;11536OBR.N;20/03/2024; 0,81 ; 896,59 ; 721,76 ;Código 85;Fornecedor 85;Geral;42OBR.P;-
OBR;01090100102OBR;962;Aco CA50 6,3 mm;KG;Aço e Acessórios;45003OBR.N;20/03/2024; 6,87 ; 279,00 ; 1.917,95 ;Código 65;Fornecedor 65;Geral;41OBR.P;-
OBR;01090100102OBR;1274;Servico de corte e dobra de aco industrializado;KG;Aço e Acessórios;11521OBR.N;14/03/2024; 0,81 ; 499,34 ; 401,97 ;Código 85;Fornecedor 85;Geral;42OBR.P;-
OBR;01090100102OBR;962;Aco CA50 6,3 mm;KG;Aço e Acessórios;44945OBR.N;14/03/2024; 6,87 ; 250,00 ; 1.718,59 ;Código 65;Fornecedor 65;Geral;41OBR.P;-
OBR;01090100102OBR;1274;Servico de corte e dobra de aco industrializado;KG;Aço e Acessórios;11481OBR.N;01/03/2024; 0,81 ; 1.054,34 ; 848,75 ;Código 85;Fornecedor 85;Geral;42OBR.P;-
OBR;01090100102OBR;1274;Servico de corte e dobra de aco industrializado;KG;Aço e Acessórios;11455OBR.N;01/03/2024; 0,81 ; 418,87 ; 337,19 ;Código 85;Fornecedor 85;Geral;42OBR.P;-
OBR;01090100102OBR;962;Aco CA50 6,3 mm;KG;Aço e Acessórios;44786OBR.N;01/03/2024; 6,87 ; 27,56 ; 189,47 ;Código 65;Fornecedor 65;Geral;41OBR.P;-
OBR;01090100103OBR;963;Aco CA50 8 mm;KG;Aço e Acessórios;46515OBR.N;10/08/2024; 6,26 ; 949,38 ; 5.943,66 ;Código 65;Fornecedor 65;Geral;191OBR.P;-
OBR;01090100103OBR;963;Aco CA50 8 mm;KG;Aço e Acessórios;46320OBR.N;01/08/2024; 6,26 ; 2.550,63 ; 15.968,44 ;Código 65;Fornecedor 65;Geral;191OBR.P;-
OBR;01090100103OBR;963;Aco CA50 8 mm;KG;Aço e Acessórios;46117OBR.N;08/07/2024; 6,87 ; 2.525,00 ; 17.357,75 ;Código 65;Fornecedor 65;Geral;41OBR.P;-
OBR;01090100103OBR;1274;Servico de corte e dobra de aco industrializado;KG;Aço e Acessórios;11780OBR.N;08/07/2024; 0,81 ; 1.135,60 ; 914,16 ;Código 85;Fornecedor 85;Geral;42OBR.P;-
OBR;01090100103OBR;963;Aco CA50 8 mm;KG;Aço e Acessórios;45941OBR.N;28/06/2024; 6,87 ; 1.003,00 ; 6.894,98 ;Código 65;Fornecedor 65;Geral;41OBR.P;-
OBR;01090100103OBR;1274;Servico de corte e dobra de aco industrializado;KG;Aço e Acessórios;11747OBR.N;20/06/2024; 0,81 ; 1.129,56 ; 909,30 ;Código 85;Fornecedor 85;Geral;42OBR.P;-
OBR;01090100103OBR;963;Aco CA50 8 mm;KG;Aço e Acessórios;45802OBR.N;17/06/2024; 6,87 ; 1.003,00 ; 6.894,98 ;Código 65;Fornecedor 65;Geral;41OBR.P;-
OBR;01090100103OBR;963;Aco CA50 8 mm;KG;Aço e Acessórios;45659OBR.N;22/05/2024; 6,87 ; 1.003,00 ; 6.894,98 ;Código 65;Fornecedor 65;Geral;41OBR.P;-
OBR;01090100103OBR;963;Aco CA50 8 mm;KG;Aço e Acessórios;45546OBR.N;15/05/2024; 6,87 ; 1.003,00 ; 6.894,98 ;Código 65;Fornecedor 65;Geral;41OBR.P;-
OBR;01090100103OBR;963;Aco CA50 8 mm;KG;Aço e Acessórios;45381OBR.N;02/05/2024; 6,87 ; 868,00 ; 5.966,94 ;Código 65;Fornecedor 65;Geral;41OBR.P;-
OBR;01090100103OBR;1274;Servico de corte e dobra de aco industrializado;KG;Aço e Acessórios;11583OBR.N;17/04/2024; 0,81 ; 1.297,04 ; 1.044,11 ;Código 85;Fornecedor 85;Geral;42OBR.P;-
OBR;01090100103OBR;963;Aco CA50 8 mm;KG;Aço e Acessórios;45231OBR.N;09/04/2024; 6,87 ; 2.417,00 ; 16.615,32 ;Código 65;Fornecedor 65;Geral;41OBR.P;-
OBR;01090100103OBR;963;Aco CA50 8 mm;KG;Aço e Acessórios;45101OBR.N;09/04/2024; 6,87 ; 1.342,00 ; 9.225,38 ;Código 65;Fornecedor 65;Geral;41OBR.P;-
OBR;01090100103OBR;1274;Servico de corte e dobra de aco industrializado;KG;Aço e Acessórios;11552OBR.N;09/04/2024; 0,81 ; 661,44 ; 532,46 ;Código 85;Fornecedor 85;Geral;42OBR.P;-
OBR;01090100103OBR;1274;Servico de corte e dobra de aco industrializado;KG;Aço e Acessórios;11541OBR.N;08/04/2024; 0,81 ; 1.188,13 ; 956,44 ;Código 85;Fornecedor 85;Geral;42OBR.P;-
OBR;01090100103OBR;963;Aco CA50 8 mm;KG;Aço e Acessórios;45038OBR.N;05/04/2024; 6,87 ; 2.700,00 ; 18.560,76 ;Código 65;Fornecedor 65;Geral;41OBR.P;-
OBR;01090100103OBR;1274;Servico de corte e dobra de aco industrializado;KG;Aço e Acessórios;11536OBR.N;20/03/2024; 0,81 ; 1.186,56 ; 955,18 ;Código 85;Fornecedor 85;Geral;42OBR.P;-
OBR;01090100103OBR;1274;Servico de corte e dobra de aco industrializado;KG;Aço e Acessórios;11521OBR.N;14/03/2024; 0,81 ; 660,83 ; 531,97 ;Código 85;Fornecedor 85;Geral;42OBR.P;-
OBR;01090100103OBR;1274;Servico de corte e dobra de aco industrializado;KG;Aço e Acessórios;11481OBR.N;01/03/2024; 0,81 ; 1.395,32 ; 1.123,24 ;Código 85;Fornecedor 85;Geral;42OBR.P;-
OBR;01090100103OBR;1274;Servico de corte e dobra de aco industrializado;KG;Aço e Acessórios;11455OBR.N;01/03/2024; 0,81 ; 554,34 ; 446,24 ;Código 85;Fornecedor 85;Geral;42OBR.P;-
OBR;01090100104OBR;1274;Servico de corte e dobra de aco industrializado;KG;Aço e Acessórios;11825OBR.N;08/11/2024; 0,80 ; 11.053,79 ; 8.861,44 ;Código 85;Fornecedor 85;Geral;-;-
OBR;01090100104OBR;957;Aco CA50 10 mm;KG;Aço e Acessórios;46320OBR.N;01/08/2024; 5,98 ; 1.000,00 ; 5.975,98 ;Código 65;Fornecedor 65;Geral;191OBR.P;-
OBR;01090100104OBR;1274;Servico de corte e dobra de aco industrializado;KG;Aço e Acessórios;11780OBR.N;08/07/2024; 0,81 ; 1.354,55 ; 1.090,41 ;Código 85;Fornecedor 85;Geral;42OBR.P;-
OBR;01090100104OBR;957;Aco CA50 10 mm;KG;Aço e Acessórios;45941OBR.N;28/06/2024; 6,56 ; 1.125,00 ; 7.382,14 ;Código 65;Fornecedor 65;Geral;41OBR.P;-
OBR;01090100104OBR;1274;Servico de corte e dobra de aco industrializado;KG;Aço e Acessórios;11747OBR.N;20/06/2024; 0,81 ; 1.347,35 ; 1.084,61 ;Código 85;Fornecedor 85;Geral;42OBR.P;-
OBR;01090100104OBR;957;Aco CA50 10 mm;KG;Aço e Acessórios;45802OBR.N;17/06/2024; 6,56 ; 2.502,00 ; 16.417,87 ;Código 65;Fornecedor 65;Geral;41OBR.P;-
OBR;01090100104OBR;957;Aco CA50 10 mm;KG;Aço e Acessórios;45659OBR.N;22/05/2024; 6,56 ; 2.502,00 ; 16.417,87 ;Código 65;Fornecedor 65;Geral;41OBR.P;-
OBR;01090100104OBR;957;Aco CA50 10 mm;KG;Aço e Acessórios;45546OBR.N;15/05/2024; 6,56 ; 2.502,00 ; 16.417,87 ;Código 65;Fornecedor 65;Geral;41OBR.P;-
OBR;01090100104OBR;957;Aco CA50 10 mm;KG;Aço e Acessórios;45381OBR.N;02/05/2024; 6,56 ; 2.729,00 ; 17.907,43 ;Código 65;Fornecedor 65;Geral;41OBR.P;-
OBR;01090100104OBR;1274;Servico de corte e dobra de aco industrializado;KG;Aço e Acessórios;11583OBR.N;17/04/2024; 0,81 ; 1.547,11 ; 1.245,42 ;Código 85;Fornecedor 85;Geral;42OBR.P;-
OBR;01090100104OBR;957;Aco CA50 10 mm;KG;Aço e Acessórios;45231OBR.N;09/04/2024; 6,56 ; 2.053,00 ; 13.471,58 ;Código 65;Fornecedor 65;Geral;41OBR.P;-
OBR;01090100104OBR;957;Aco CA50 10 mm;KG;Aço e Acessórios;45101OBR.N;09/04/2024; 6,56 ; 377,00 ; 2.473,84 ;Código 65;Fornecedor 65;Geral;41OBR.P;-
OBR;01090100104OBR;1274;Servico de corte e dobra de aco industrializado;KG;Aço e Acessórios;11552OBR.N;09/04/2024; 0,81 ; 788,96 ; 635,12 ;Código 85;Fornecedor 85;Geral;42OBR.P;-
OBR;01090100104OBR;1274;Servico de corte e dobra de aco industrializado;KG;Aço e Acessórios;11541OBR.N;08/04/2024; 0,81 ; 1.417,20 ; 1.140,84 ;Código 85;Fornecedor 85;Geral;42OBR.P;-
OBR;01090100104OBR;957;Aco CA50 10 mm;KG;Aço e Acessórios;45038OBR.N;05/04/2024; 6,56 ; 2.601,00 ; 17.067,50 ;Código 65;Fornecedor 65;Geral;41OBR.P;-
OBR;01090100104OBR;1274;Servico de corte e dobra de aco industrializado;KG;Aço e Acessórios;11536OBR.N;20/03/2024; 0,81 ; 1.415,33 ; 1.139,34 ;Código 85;Fornecedor 85;Geral;42OBR.P;-
OBR;01090100104OBR;957;Aco CA50 10 mm;KG;Aço e Acessórios;45003OBR.N;20/03/2024; 6,56 ; 146,00 ; 958,04 ;Código 65;Fornecedor 65;Geral;41OBR.P;-
OBR;01090100104OBR;1274;Servico de corte e dobra de aco industrializado;KG;Aço e Acessórios;11521OBR.N;14/03/2024; 0,81 ; 788,24 ; 634,54 ;Código 85;Fornecedor 85;Geral;42OBR.P;-
OBR;01090100104OBR;1274;Servico de corte e dobra de aco industrializado;KG;Aço e Acessórios;11481OBR.N;01/03/2024; 0,81 ; 1.664,34 ; 1.339,80 ;Código 85;Fornecedor 85;Geral;42OBR.P;-
OBR;01090100104OBR;1274;Servico de corte e dobra de aco industrializado;KG;Aço e Acessórios;11455OBR.N;01/03/2024; 0,81 ; 661,22 ; 532,28 ;Código 85;Fornecedor 85;Geral;42OBR.P;-
OBR;01090100105OBR;958;Aco CA50 12,5 mm;KG;Aço e Acessórios;368970OBR.N;13/03/2025; 5,80 ; 631,97 ; 3.667,35 ;Código 87;Fornecedor 87;Geral;191OBR.P;-
OBR;01090100105OBR;1274;Servico de corte e dobra de aco industrializado;KG;Aço e Acessórios;11875OBR.N;16/08/2024; 0,81 ; 4.676,00 ; 3.764,18 ;Código 85;Fornecedor 85;Geral;184OBR.P;-
OBR;01090100105OBR;958;Aco CA50 12,5 mm;KG;Aço e Acessórios;46515OBR.N;10/08/2024; 5,80 ; 797,00 ; 4.625,00 ;Código 65;Fornecedor 65;Geral;191OBR.P;-
OBR;01090100105OBR;958;Aco CA50 12,5 mm;KG;Aço e Acessórios;46320OBR.N;01/08/2024; 5,80 ; 1.975,00 ; 11.460,95 ;Código 65;Fornecedor 65;Geral;191OBR.P;-
OBR;01090100105OBR;958;Aco CA50 12,5 mm;KG;Aço e Acessórios;46117OBR.N;08/07/2024; 6,25 ; 3.271,00 ; 20.441,93 ;Código 65;Fornecedor 65;Geral;41OBR.P;-
OBR;01090100105OBR;1274;Servico de corte e dobra de aco industrializado;KG;Aço e Acessórios;11780OBR.N;08/07/2024; 0,81 ; 1.404,92 ; 1.130,96 ;Código 85;Fornecedor 85;Geral;42OBR.P;-
OBR;01090100105OBR;958;Aco CA50 12,5 mm;KG;Aço e Acessórios;45941OBR.N;28/06/2024; 6,25 ; 1.469,00 ; 9.180,43 ;Código 65;Fornecedor 65;Geral;41OBR.P;-
OBR;01090100105OBR;1274;Servico de corte e dobra de aco industrializado;KG;Aço e Acessórios;11747OBR.N;20/06/2024; 0,81 ; 1.397,45 ; 1.124,95 ;Código 85;Fornecedor 85;Geral;42OBR.P;-
OBR;01090100105OBR;958;Aco CA50 12,5 mm;KG;Aço e Acessórios;45802OBR.N;17/06/2024; 6,25 ; 1.460,00 ; 9.124,19 ;Código 65;Fornecedor 65;Geral;41OBR.P;-
OBR;01090100105OBR;958;Aco CA50 12,5 mm;KG;Aço e Acessórios;45659OBR.N;22/05/2024; 6,25 ; 1.460,00 ; 9.124,19 ;Código 65;Fornecedor 65;Geral;41OBR.P;-
OBR;01090100105OBR;958;Aco CA50 12,5 mm;KG;Aço e Acessórios;45546OBR.N;15/05/2024; 6,25 ; 1.488,00 ; 9.299,17 ;Código 65;Fornecedor 65;Geral;41OBR.P;-
OBR;01090100105OBR;958;Aco CA50 12,5 mm;KG;Aço e Acessórios;45519OBR.N;03/05/2024; 6,25 ; 318,00 ; 1.987,29 ;Código 65;Fornecedor 65;Geral;41OBR.P;-
OBR;01090100105OBR;958;Aco CA50 12,5 mm;KG;Aço e Acessórios;45381OBR.N;02/05/2024; 6,25 ; 1.248,00 ; 7.799,31 ;Código 65;Fornecedor 65;Geral;41OBR.P;-
OBR;01090100105OBR;1274;Servico de corte e dobra de aco industrializado;KG;Aço e Acessórios;11583OBR.N;17/04/2024; 0,81 ; 1.604,64 ; 1.291,74 ;Código 85;Fornecedor 85;Geral;42OBR.P;-
OBR;01090100105OBR;958;Aco CA50 12,5 mm;KG;Aço e Acessórios;45231OBR.N;09/04/2024; 6,25 ; 1.203,00 ; 7.518,08 ;Código 65;Fornecedor 65;Geral;41OBR.P;-
OBR;01090100105OBR;1274;Servico de corte e dobra de aco industrializado;KG;Aço e Acessórios;11552OBR.N;09/04/2024; 0,81 ; 818,31 ; 658,74 ;Código 85;Fornecedor 85;Geral;42OBR.P;-
OBR;01090100105OBR;958;Aco CA50 12,5 mm;KG;Aço e Acessórios;45101OBR.N;09/04/2024; 6,25 ; 462,00 ; 2.887,24 ;Código 65;Fornecedor 65;Geral;41OBR.P;-
OBR;01090100105OBR;1274;Servico de corte e dobra de aco industrializado;KG;Aço e Acessórios;11541OBR.N;08/04/2024; 0,81 ; 1.469,90 ; 1.183,27 ;Código 85;Fornecedor 85;Geral;42OBR.P;-
OBR;01090100105OBR;958;Aco CA50 12,5 mm;KG;Aço e Acessórios;45038OBR.N;05/04/2024; 6,25 ; 2.570,00 ; 16.061,07 ;Código 65;Fornecedor 65;Geral;41OBR.P;-
OBR;01090100105OBR;1274;Servico de corte e dobra de aco industrializado;KG;Aço e Acessórios;11536OBR.N;20/03/2024; 0,81 ; 1.467,96 ; 1.181,71 ;Código 85;Fornecedor 85;Geral;42OBR.P;-
OBR;01090100105OBR;958;Aco CA50 12,5 mm;KG;Aço e Acessórios;45003OBR.N;20/03/2024; 6,25 ; 1.595,00 ; 9.967,86 ;Código 65;Fornecedor 65;Geral;41OBR.P;-
OBR;01090100105OBR;1274;Servico de corte e dobra de aco industrializado;KG;Aço e Acessórios;11521OBR.N;14/03/2024; 0,81 ; 817,56 ; 658,13 ;Código 85;Fornecedor 85;Geral;42OBR.P;-
OBR;01090100105OBR;958;Aco CA50 12,5 mm;KG;Aço e Acessórios;44945OBR.N;14/03/2024; 6,25 ; 411,00 ; 2.568,52 ;Código 65;Fornecedor 65;Geral;41OBR.P;-
OBR;01090100105OBR;1274;Servico de corte e dobra de aco industrializado;KG;Aço e Acessórios;11481OBR.N;01/03/2024; 0,81 ; 1.726,24 ; 1.389,62 ;Código 85;Fornecedor 85;Geral;42OBR.P;-
OBR;01090100105OBR;1274;Servico de corte e dobra de aco industrializado;KG;Aço e Acessórios;11455OBR.N;01/03/2024; 0,81 ; 685,81 ; 552,07 ;Código 85;Fornecedor 85;Geral;42OBR.P;-
OBR;01090100105OBR;958;Aco CA50 12,5 mm;KG;Aço e Acessórios;44786OBR.N;01/03/2024; 6,25 ; 197,00 ; 1.231,14 ;Código 65;Fornecedor 65;Geral;41OBR.P;-
OBR;01090100106OBR;959;Aco CA50 16 mm;KG;Aço e Acessórios;46515OBR.N;10/08/2024; 5,78 ; 772,00 ; 4.462,70 ;Código 65;Fornecedor 65;Geral;191OBR.P;-
OBR;01090100106OBR;959;Aco CA50 16 mm;KG;Aço e Acessórios;46320OBR.N;01/08/2024; 6,25 ; 470,00 ; 2.937,24 ;Código 65;Fornecedor 65;Geral;41OBR.P;-
OBR;01090100106OBR;959;Aco CA50 16 mm;KG;Aço e Acessórios;46320OBR.N;01/08/2024; 5,78 ; 1.228,00 ; 7.098,71 ;Código 65;Fornecedor 65;Geral;191OBR.P;-
OBR;01090100106OBR;959;Aco CA50 16 mm;KG;Aço e Acessórios;46117OBR.N;08/07/2024; 6,25 ; 883,00 ; 5.518,26 ;Código 65;Fornecedor 65;Geral;41OBR.P;-
OBR;01090100106OBR;1274;Servico de corte e dobra de aco industrializado;KG;Aço e Acessórios;11780OBR.N;08/07/2024; 0,81 ; 886,27 ; 713,45 ;Código 85;Fornecedor 85;Geral;42OBR.P;-
OBR;01090100106OBR;959;Aco CA50 16 mm;KG;Aço e Acessórios;45941OBR.N;28/06/2024; 6,25 ; 1.976,00 ; 12.348,90 ;Código 65;Fornecedor 65;Geral;41OBR.P;-
OBR;01090100106OBR;1274;Servico de corte e dobra de aco industrializado;KG;Aço e Acessórios;11747OBR.N;20/06/2024; 0,81 ; 881,56 ; 709,65 ;Código 85;Fornecedor 85;Geral;42OBR.P;-
OBR;01090100106OBR;959;Aco CA50 16 mm;KG;Aço e Acessórios;45802OBR.N;17/06/2024; 6,25 ; 869,00 ; 5.430,77 ;Código 65;Fornecedor 65;Geral;41OBR.P;-
OBR;01090100106OBR;959;Aco CA50 16 mm;KG;Aço e Acessórios;45659OBR.N;22/05/2024; 6,25 ; 869,00 ; 5.430,77 ;Código 65;Fornecedor 65;Geral;41OBR.P;-
OBR;01090100106OBR;959;Aco CA50 16 mm;KG;Aço e Acessórios;45546OBR.N;15/05/2024; 6,25 ; 869,00 ; 5.430,77 ;Código 65;Fornecedor 65;Geral;41OBR.P;-
OBR;01090100106OBR;959;Aco CA50 16 mm;KG;Aço e Acessórios;45381OBR.N;02/05/2024; 6,25 ; 1.331,00 ; 8.318,01 ;Código 65;Fornecedor 65;Geral;41OBR.P;-
OBR;01090100106OBR;1274;Servico de corte e dobra de aco industrializado;KG;Aço e Acessórios;11583OBR.N;17/04/2024; 0,81 ; 1.012,26 ; 814,87 ;Código 85;Fornecedor 85;Geral;42OBR.P;-
OBR;01090100106OBR;959;Aco CA50 16 mm;KG;Aço e Acessórios;45231OBR.N;09/04/2024; 6,25 ; 1.074,00 ; 6.711,90 ;Código 65;Fornecedor 65;Geral;41OBR.P;-
OBR;01090100106OBR;1274;Servico de corte e dobra de aco industrializado;KG;Aço e Acessórios;11552OBR.N;09/04/2024; 0,81 ; 516,21 ; 415,55 ;Código 85;Fornecedor 85;Geral;42OBR.P;-
OBR;01090100106OBR;959;Aco CA50 16 mm;KG;Aço e Acessórios;45101OBR.N;09/04/2024; 6,25 ; 863,00 ; 5.393,27 ;Código 65;Fornecedor 65;Geral;41OBR.P;-
OBR;01090100106OBR;1274;Servico de corte e dobra de aco industrializado;KG;Aço e Acessórios;11541OBR.N;08/04/2024; 0,81 ; 927,26 ; 746,44 ;Código 85;Fornecedor 85;Geral;42OBR.P;-
OBR;01090100106OBR;959;Aco CA50 16 mm;KG;Aço e Acessórios;45038OBR.N;05/04/2024; 6,25 ; 470,00 ; 2.937,24 ;Código 65;Fornecedor 65;Geral;41OBR.P;-
OBR;01090100106OBR;1274;Servico de corte e dobra de aco industrializado;KG;Aço e Acessórios;11536OBR.N;20/03/2024; 0,81 ; 926,03 ; 745,46 ;Código 85;Fornecedor 85;Geral;42OBR.P;-
OBR;01090100106OBR;959;Aco CA50 16 mm;KG;Aço e Acessórios;45003OBR.N;20/03/2024; 6,25 ; 1.146,00 ; 7.161,86 ;Código 65;Fornecedor 65;Geral;41OBR.P;-
OBR;01090100106OBR;1274;Servico de corte e dobra de aco industrializado;KG;Aço e Acessórios;11521OBR.N;14/03/2024; 0,81 ; 515,74 ; 415,17 ;Código 85;Fornecedor 85;Geral;42OBR.P;-
OBR;01090100106OBR;1274;Servico de corte e dobra de aco industrializado;KG;Aço e Acessórios;11481OBR.N;01/03/2024; 0,81 ; 1.088,96 ; 876,62 ;Código 85;Fornecedor 85;Geral;42OBR.P;-
OBR;01090100106OBR;1274;Servico de corte e dobra de aco industrializado;KG;Aço e Acessórios;11455OBR.N;01/03/2024; 0,81 ; 432,63 ; 348,26 ;Código 85;Fornecedor 85;Geral;42OBR.P;-
OBR;01090100107OBR;960;Aco CA50 20 mm;KG;Aço e Acessórios;46515OBR.N;10/08/2024; 5,78 ; 769,00 ; 4.445,36 ;Código 65;Fornecedor 65;Geral;191OBR.P;-
OBR;01090100107OBR;960;Aco CA50 20 mm;KG;Aço e Acessórios;46320OBR.N;01/08/2024; 6,25 ; 767,00 ; 4.793,32 ;Código 65;Fornecedor 65;Geral;41OBR.P;-
OBR;01090100107OBR;960;Aco CA50 20 mm;KG;Aço e Acessórios;46117OBR.N;08/07/2024; 6,25 ; 571,00 ; 3.568,43 ;Código 65;Fornecedor 65;Geral;41OBR.P;-
OBR;01090100107OBR;1274;Servico de corte e dobra de aco industrializado;KG;Aço e Acessórios;11780OBR.N;08/07/2024; 0,81 ; 943,44 ; 759,47 ;Código 85;Fornecedor 85;Geral;42OBR.P;-
OBR;01090100107OBR;960;Aco CA50 20 mm;KG;Aço e Acessórios;45941OBR.N;28/06/2024; 6,25 ; 571,00 ; 3.568,43 ;Código 65;Fornecedor 65;Geral;41OBR.P;-
OBR;01090100107OBR;1274;Servico de corte e dobra de aco industrializado;KG;Aço e Acessórios;11747OBR.N;20/06/2024; 0,81 ; 938,42 ; 755,43 ;Código 85;Fornecedor 85;Geral;42OBR.P;-
OBR;01090100107OBR;960;Aco CA50 20 mm;KG;Aço e Acessórios;45802OBR.N;17/06/2024; 6,25 ; 571,00 ; 3.568,43 ;Código 65;Fornecedor 65;Geral;41OBR.P;-
OBR;01090100107OBR;960;Aco CA50 20 mm;KG;Aço e Acessórios;45659OBR.N;22/05/2024; 6,25 ; 571,00 ; 3.568,43 ;Código 65;Fornecedor 65;Geral;41OBR.P;-
OBR;01090100107OBR;960;Aco CA50 20 mm;KG;Aço e Acessórios;45546OBR.N;15/05/2024; 6,25 ; 571,00 ; 3.568,43 ;Código 65;Fornecedor 65;Geral;41OBR.P;-
OBR;01090100107OBR;960;Aco CA50 20 mm;KG;Aço e Acessórios;45381OBR.N;02/05/2024; 6,25 ; 572,00 ; 3.574,68 ;Código 65;Fornecedor 65;Geral;41OBR.P;-
OBR;01090100107OBR;1274;Servico de corte e dobra de aco industrializado;KG;Aço e Acessórios;11583OBR.N;17/04/2024; 0,81 ; 1.077,56 ; 867,43 ;Código 85;Fornecedor 85;Geral;42OBR.P;-
OBR;01090100107OBR;960;Aco CA50 20 mm;KG;Aço e Acessórios;45231OBR.N;09/04/2024; 6,25 ; 1.576,00 ; 9.849,13 ;Código 65;Fornecedor 65;Geral;41OBR.P;-
OBR;01090100107OBR;1274;Servico de corte e dobra de aco industrializado;KG;Aço e Acessórios;11552OBR.N;09/04/2024; 0,81 ; 549,51 ; 442,36 ;Código 85;Fornecedor 85;Geral;42OBR.P;-
OBR;01090100107OBR;960;Aco CA50 20 mm;KG;Aço e Acessórios;45101OBR.N;09/04/2024; 6,25 ; 1.141,00 ; 7.130,62 ;Código 65;Fornecedor 65;Geral;41OBR.P;-
OBR;01090100107OBR;1274;Servico de corte e dobra de aco industrializado;KG;Aço e Acessórios;11541OBR.N;08/04/2024; 0,81 ; 987,08 ; 794,60 ;Código 85;Fornecedor 85;Geral;42OBR.P;-
OBR;01090100107OBR;1274;Servico de corte e dobra de aco industrializado;KG;Aço e Acessórios;11536OBR.N;20/03/2024; 0,81 ; 985,77 ; 793,55 ;Código 85;Fornecedor 85;Geral;42OBR.P;-
OBR;01090100107OBR;960;Aco CA50 20 mm;KG;Aço e Acessórios;45003OBR.N;20/03/2024; 6,25 ; 1.124,00 ; 7.024,38 ;Código 65;Fornecedor 65;Geral;41OBR.P;-
OBR;01090100107OBR;1274;Servico de corte e dobra de aco industrializado;KG;Aço e Acessórios;11521OBR.N;14/03/2024; 0,81 ; 549,01 ; 441,95 ;Código 85;Fornecedor 85;Geral;42OBR.P;-
OBR;01090100107OBR;960;Aco CA50 20 mm;KG;Aço e Acessórios;44945OBR.N;14/03/2024; 6,25 ; 2.457,00 ; 15.354,89 ;Código 65;Fornecedor 65;Geral;41OBR.P;-
OBR;01090100107OBR;1274;Servico de corte e dobra de aco industrializado;KG;Aço e Acessórios;11481OBR.N;01/03/2024; 0,81 ; 1.159,21 ; 933,17 ;Código 85;Fornecedor 85;Geral;42OBR.P;-
OBR;01090100107OBR;1274;Servico de corte e dobra de aco industrializado;KG;Aço e Acessórios;11455OBR.N;01/03/2024; 0,81 ; 460,54 ; 370,73 ;Código 85;Fornecedor 85;Geral;42OBR.P;-
OBR;01090100107OBR;960;Aco CA50 20 mm;KG;Aço e Acessórios;44786OBR.N;01/03/2024; 6,25 ; 1.026,00 ; 6.411,93 ;Código 65;Fornecedor 65;Geral;41OBR.P;-
OBR;01090100108OBR;961;Aco CA50 25 mm;KG;Aço e Acessórios;46515OBR.N;10/08/2024; 6,25 ; 564,00 ; 3.524,69 ;Código 65;Fornecedor 65;Geral;41OBR.P;-
OBR;01090100108OBR;961;Aco CA50 25 mm;KG;Aço e Acessórios;46320OBR.N;01/08/2024; 5,78 ; 1.000,00 ; 5.780,71 ;Código 65;Fornecedor 65;Geral;191OBR.P;-
OBR;01090100108OBR;961;Aco CA50 25 mm;KG;Aço e Acessórios;46320OBR.N;01/08/2024; 6,25 ; 62,00 ; 387,46 ;Código 65;Fornecedor 65;Geral;41OBR.P;-
OBR;01090100108OBR;961;Aco CA50 25 mm;KG;Aço e Acessórios;46117OBR.N;08/07/2024; 6,25 ; 542,00 ; 3.387,20 ;Código 65;Fornecedor 65;Geral;41OBR.P;-
OBR;01090100108OBR;1274;Servico de corte e dobra de aco industrializado;KG;Aço e Acessórios;11780OBR.N;08/07/2024; 0,81 ; 944,92 ; 760,66 ;Código 85;Fornecedor 85;Geral;42OBR.P;-
OBR;01090100108OBR;961;Aco CA50 25 mm;KG;Aço e Acessórios;45941OBR.N;28/06/2024; 6,25 ; 542,00 ; 3.387,20 ;Código 65;Fornecedor 65;Geral;41OBR.P;-
OBR;01090100108OBR;1274;Servico de corte e dobra de aco industrializado;KG;Aço e Acessórios;11747OBR.N;20/06/2024; 0,81 ; 939,89 ; 756,61 ;Código 85;Fornecedor 85;Geral;42OBR.P;-
OBR;01090100108OBR;961;Aco CA50 25 mm;KG;Aço e Acessórios;45802OBR.N;17/06/2024; 6,25 ; 542,00 ; 3.387,20 ;Código 65;Fornecedor 65;Geral;41OBR.P;-
OBR;01090100108OBR;961;Aco CA50 25 mm;KG;Aço e Acessórios;45659OBR.N;22/05/2024; 6,25 ; 542,00 ; 3.387,20 ;Código 65;Fornecedor 65;Geral;41OBR.P;-
OBR;01090100108OBR;961;Aco CA50 25 mm;KG;Aço e Acessórios;45546OBR.N;15/05/2024; 6,25 ; 542,00 ; 3.387,20 ;Código 65;Fornecedor 65;Geral;41OBR.P;-
OBR;01090100108OBR;961;Aco CA50 25 mm;KG;Aço e Acessórios;45381OBR.N;02/05/2024; 6,25 ; 542,00 ; 3.387,20 ;Código 65;Fornecedor 65;Geral;41OBR.P;-
OBR;01090100108OBR;1274;Servico de corte e dobra de aco industrializado;KG;Aço e Acessórios;11583OBR.N;17/04/2024; 0,81 ; 1.079,24 ; 868,79 ;Código 85;Fornecedor 85;Geral;42OBR.P;-
OBR;01090100108OBR;961;Aco CA50 25 mm;KG;Aço e Acessórios;45231OBR.N;09/04/2024; 6,25 ; 468,00 ; 2.924,74 ;Código 65;Fornecedor 65;Geral;41OBR.P;-
OBR;01090100108OBR;1274;Servico de corte e dobra de aco industrializado;KG;Aço e Acessórios;11552OBR.N;09/04/2024; 0,81 ; 550,37 ; 443,05 ;Código 85;Fornecedor 85;Geral;42OBR.P;-
OBR;01090100108OBR;961;Aco CA50 25 mm;KG;Aço e Acessórios;45101OBR.N;09/04/2024; 6,25 ; 923,00 ; 5.768,24 ;Código 65;Fornecedor 65;Geral;41OBR.P;-
OBR;01090100108OBR;1274;Servico de corte e dobra de aco industrializado;KG;Aço e Acessórios;11541OBR.N;08/04/2024; 0,81 ; 988,62 ; 795,84 ;Código 85;Fornecedor 85;Geral;42OBR.P;-
OBR;01090100108OBR;1274;Servico de corte e dobra de aco industrializado;KG;Aço e Acessórios;11536OBR.N;20/03/2024; 0,81 ; 987,31 ; 794,79 ;Código 85;Fornecedor 85;Geral;42OBR.P;-
OBR;01090100108OBR;961;Aco CA50 25 mm;KG;Aço e Acessórios;45003OBR.N;20/03/2024; 6,25 ; 3.703,00 ; 23.141,69 ;Código 65;Fornecedor 65;Geral;41OBR.P;-
OBR;01090100108OBR;1274;Servico de corte e dobra de aco industrializado;KG;Aço e Acessórios;11521OBR.N;14/03/2024; 0,81 ; 549,87 ; 442,64 ;Código 85;Fornecedor 85;Geral;42OBR.P;-
OBR;01090100108OBR;961;Aco CA50 25 mm;KG;Aço e Acessórios;44945OBR.N;14/03/2024; 6,25 ; 1.799,00 ; 11.242,75 ;Código 65;Fornecedor 65;Geral;41OBR.P;-
OBR;01090100108OBR;1274;Servico de corte e dobra de aco industrializado;KG;Aço e Acessórios;11481OBR.N;01/03/2024; 0,81 ; 1.161,02 ; 934,62 ;Código 85;Fornecedor 85;Geral;42OBR.P;-
OBR;01090100108OBR;1274;Servico de corte e dobra de aco industrializado;KG;Aço e Acessórios;11455OBR.N;01/03/2024; 0,81 ; 461,26 ; 371,31 ;Código 85;Fornecedor 85;Geral;42OBR.P;-
OBR;01090100108OBR;961;Aco CA50 25 mm;KG;Aço e Acessórios;44786OBR.N;01/03/2024; 6,25 ; 765,00 ; 4.780,83 ;Código 65;Fornecedor 65;Geral;41OBR.P;-
OBR;01090100201OBR;1881;Arame recozido 18 BWG;KG;Aço e Acessórios;10311OBR.N;13/06/2024; 10,34 ; 600,00 ; 6.204,41 ;Código 72;Fornecedor 72;Geral;100OBR.P;-
OBR;01090100201OBR;1881;Arame recozido 18 BWG;KG;Aço e Acessórios;8138OBR.N;19/04/2024; 10,57 ; 500,00 ; 5.283,16 ;Código 72;Fornecedor 72;Geral;-;-
OBR;01090200101OBR;612;Concreto usinado Fck 30 MPa brita 0 slump 10+-2;M3;Concreto Usinado;19418OBR.N;14/07/2025; 515,79 ; 3,00 ; 1.547,36 ;Código 80;Fornecedor 80;Geral;-;139OBR.C
OBR;01090200101OBR;612;Concreto usinado Fck 30 MPa brita 0 slump 10+-2;M3;Concreto Usinado;18946OBR.N;01/10/2024; 457,10 ; 10,27 ; 4.695,91 ;Código 80;Fornecedor 80;Geral;-;139OBR.C
OBR;01090200101OBR;612;Concreto usinado Fck 30 MPa brita 0 slump 10+-2;M3;Concreto Usinado;18894OBR.N;05/09/2024; 457,10 ; 4,60 ; 2.104,91 ;Código 80;Fornecedor 80;Geral;-;139OBR.C
OBR;01090200101OBR;612;Concreto usinado Fck 30 MPa brita 0 slump 10+-2;M3;Concreto Usinado;10388OBR.N;04/09/2024; 457,10 ; 11,39 ; 5.205,47 ;Código 80;Fornecedor 80;Geral;-;139OBR.C
OBR;01090200101OBR;612;Concreto usinado Fck 30 MPa brita 0 slump 10+-2;M3;Concreto Usinado;18879OBR.N;04/09/2024; 457,10 ; 4,60 ; 2.104,91 ;Código 80;Fornecedor 80;Geral;-;139OBR.C
OBR;01090200101OBR;612;Concreto usinado Fck 30 MPa brita 0 slump 10+-2;M3;Concreto Usinado;18879OBR.N;04/09/2024; 575,00 ; 0,96 ; 552,00 ;Código 80;Fornecedor 80;Geral;-;139OBR.C
OBR;01090200101OBR;612;Concreto usinado Fck 30 MPa brita 0 slump 10+-2;M3;Concreto Usinado;18851OBR.N;30/08/2024; 457,10 ; 22,78 ; 10.410,95 ;Código 80;Fornecedor 80;Geral;-;139OBR.C
OBR;01090200101OBR;612;Concreto usinado Fck 30 MPa brita 0 slump 10+-2;M3;Concreto Usinado;10354OBR.N;30/08/2024; 457,10 ; 59,47 ; 27.184,53 ;Código 80;Fornecedor 80;Geral;-;139OBR.C
OBR;01090200101OBR;612;Concreto usinado Fck 30 MPa brita 0 slump 10+-2;M3;Concreto Usinado;10353OBR.N;30/08/2024; 457,10 ; 2,76 ; 1.263,07 ;Código 80;Fornecedor 80;Geral;-;139OBR.C
OBR;01090200101OBR;612;Concreto usinado Fck 30 MPa brita 0 slump 10+-2;M3;Concreto Usinado;10353OBR.N;30/08/2024; 458,59 ; 40,00 ; 18.343,42 ;Código 80;Fornecedor 80;Geral;-;139OBR.C
OBR;01090200101OBR;612;Concreto usinado Fck 30 MPa brita 0 slump 10+-2;M3;Concreto Usinado;10320OBR.N;06/08/2024; 414,00 ; 161,36 ; 66.801,05 ;Código 80;Fornecedor 80;Geral;-;139OBR.C
OBR;01090200101OBR;612;Concreto usinado Fck 30 MPa brita 0 slump 10+-2;M3;Concreto Usinado;18818OBR.N;03/08/2024; 414,00 ; 76,25 ; 31.568,44 ;Código 80;Fornecedor 80;Geral;-;139OBR.C
OBR;01090200101OBR;612;Concreto usinado Fck 30 MPa brita 0 slump 10+-2;M3;Concreto Usinado;10299OBR.N;29/07/2024; 414,00 ; 30,50 ; 12.627,36 ;Código 80;Fornecedor 80;Geral;-;139OBR.C
OBR;01090200101OBR;612;Concreto usinado Fck 30 MPa brita 0 slump 10+-2;M3;Concreto Usinado;18791OBR.N;09/07/2024; 414,00 ; 45,75 ; 18.941,04 ;Código 80;Fornecedor 80;Geral;-;139OBR.C
OBR;01090200101OBR;612;Concreto usinado Fck 30 MPa brita 0 slump 10+-2;M3;Concreto Usinado;10274OBR.N;09/07/2024; 414,00 ; 76,25 ; 31.568,44 ;Código 80;Fornecedor 80;Geral;-;139OBR.C
OBR;01090200101OBR;612;Concreto usinado Fck 30 MPa brita 0 slump 10+-2;M3;Concreto Usinado;18766OBR.N;04/07/2024; 414,00 ; 91,50 ; 37.882,12 ;Código 80;Fornecedor 80;Geral;-;139OBR.C
OBR;01090200101OBR;612;Concreto usinado Fck 30 MPa brita 0 slump 10+-2;M3;Concreto Usinado;10245OBR.N;27/06/2024; 414,00 ; 15,25 ; 6.313,68 ;Código 80;Fornecedor 80;Geral;-;139OBR.C
OBR;01090200101OBR;612;Concreto usinado Fck 30 MPa brita 0 slump 10+-2;M3;Concreto Usinado;10207OBR.N;27/06/2024; 414,00 ; 53,38 ; 22.097,90 ;Código 80;Fornecedor 80;Geral;-;139OBR.C
OBR;01090200101OBR;612;Concreto usinado Fck 30 MPa brita 0 slump 10+-2;M3;Concreto Usinado;18735OBR.N;10/06/2024; 414,00 ; 99,13 ; 41.038,94 ;Código 80;Fornecedor 80;Geral;-;139OBR.C
OBR;01090200101OBR;612;Concreto usinado Fck 30 MPa brita 0 slump 10+-2;M3;Concreto Usinado;18723OBR.N;10/06/2024; 414,00 ; 11,87 ; 4.915,33 ;Código 80;Fornecedor 80;Geral;-;139OBR.C
OBR;01090200101OBR;612;Concreto usinado Fck 30 MPa brita 0 slump 10+-2;M3;Concreto Usinado;10186OBR.N;03/06/2024; 414,00 ; 38,13 ; 15.784,22 ;Código 80;Fornecedor 80;Geral;-;139OBR.C
OBR;01090200101OBR;612;Concreto usinado Fck 30 MPa brita 0 slump 10+-2;M3;Concreto Usinado;18709OBR.N;29/05/2024; 414,00 ; 61,00 ; 25.254,76 ;Código 80;Fornecedor 80;Geral;-;139OBR.C
OBR;01090200101OBR;612;Concreto usinado Fck 30 MPa brita 0 slump 10+-2;M3;Concreto Usinado;18701OBR.N;24/05/2024; 414,00 ; 69,77 ; 28.885,12 ;Código 80;Fornecedor 80;Geral;-;139OBR.C
OBR;01090200101OBR;612;Concreto usinado Fck 30 MPa brita 0 slump 10+-2;M3;Concreto Usinado;10132OBR.N;10/05/2024; 414,00 ; 14,59 ; 6.041,92 ;Código 80;Fornecedor 80;Geral;-;139OBR.C
OBR;01090200101OBR;612;Concreto usinado Fck 30 MPa brita 0 slump 10+-2;M3;Concreto Usinado;18647OBR.N;09/05/2024; 414,00 ; 165,64 ; 68.575,54 ;Código 80;Fornecedor 80;Geral;-;139OBR.C
OBR;01090200101OBR;612;Concreto usinado Fck 30 MPa brita 0 slump 10+-2;M3;Concreto Usinado;18655OBR.N;08/05/2024; 414,00 ; 91,50 ; 37.882,12 ;Código 80;Fornecedor 80;Geral;-;139OBR.C
OBR;01090200101OBR;612;Concreto usinado Fck 30 MPa brita 0 slump 10+-2;M3;Concreto Usinado;10122OBR.N;08/05/2024; 414,00 ; 21,89 ; 9.062,83 ;Código 80;Fornecedor 80;Geral;-;139OBR.C
OBR;01090200101OBR;612;Concreto usinado Fck 30 MPa brita 0 slump 10+-2;M3;Concreto Usinado;18626OBR.N;16/04/2024; 414,00 ; 16,83 ; 6.965,80 ;Código 80;Fornecedor 80;Geral;-;139OBR.C
OBR;01090200101OBR;612;Concreto usinado Fck 30 MPa brita 0 slump 10+-2;M3;Concreto Usinado;18604OBR.N;25/03/2024; 414,00 ; 92,98 ; 38.495,09 ;Código 80;Fornecedor 80;Geral;-;139OBR.C
OBR;01090200101OBR;612;Concreto usinado Fck 30 MPa brita 0 slump 10+-2;M3;Concreto Usinado;18574OBR.N;07/03/2024; 414,00 ; 35,42 ; 14.664,79 ;Código 80;Fornecedor 80;Geral;-;139OBR.C
OBR;01090200101OBR;612;Concreto usinado Fck 30 MPa brita 0 slump 10+-2;M3;Concreto Usinado;18578OBR.N;07/03/2024; 414,00 ; 6,20 ; 2.566,34 ;Código 80;Fornecedor 80;Geral;-;139OBR.C
OBR;01090200101OBR;612;Concreto usinado Fck 30 MPa brita 0 slump 10+-2;M3;Concreto Usinado;18547OBR.N;27/02/2024; 414,00 ; 12,40 ; 5.132,69 ;Código 80;Fornecedor 80;Geral;-;139OBR.C
OBR;01090200101OBR;612;Concreto usinado Fck 30 MPa brita 0 slump 10+-2;M3;Concreto Usinado;18523OBR.N;14/02/2024; 414,00 ; 27,45 ; 11.365,21 ;Código 80;Fornecedor 80;Geral;-;139OBR.C
OBR;01090200101OBR;612;Concreto usinado Fck 30 MPa brita 0 slump 10+-2;M3;Concreto Usinado;18474OBR.N;16/01/2024; 575,00 ; 0,48 ; 276,00 ;Código 80;Fornecedor 80;Geral;-;139OBR.C
OBR;01090200102OBR;10302;Bomba lanca - comprimento 32 m;M3;Concreto Usinado;18851OBR.N;30/08/2024; 48,76 ; 35,77 ; 1.744,03 ;Código 80;Fornecedor 80;Geral;-;139OBR.C
OBR;01090200102OBR;10302;Bomba lanca - comprimento 32 m;M3;Concreto Usinado;10354OBR.N;30/08/2024; 48,76 ; 106,13 ; 5.175,00 ;Código 80;Fornecedor 80;Geral;-;139OBR.C
OBR;01090200102OBR;10302;Bomba lanca - comprimento 32 m;M3;Concreto Usinado;10320OBR.N;06/08/2024; 46,00 ; 48,93 ; 2.250,72 ;Código 80;Fornecedor 80;Geral;-;139OBR.C
OBR;01090200102OBR;10302;Bomba lanca - comprimento 32 m;M3;Concreto Usinado;18818OBR.N;03/08/2024; 46,00 ; 63,54 ; 2.922,87 ;Código 80;Fornecedor 80;Geral;-;139OBR.C
OBR;01090200102OBR;10302;Bomba lanca - comprimento 32 m;M3;Concreto Usinado;18791OBR.N;09/07/2024; 46,00 ; 82,60 ; 3.799,73 ;Código 80;Fornecedor 80;Geral;-;139OBR.C
OBR;01090200102OBR;10302;Bomba lanca - comprimento 32 m;M3;Concreto Usinado;18766OBR.N;04/07/2024; 46,00 ; 110,40 ; 5.078,49 ;Código 80;Fornecedor 80;Geral;-;139OBR.C
OBR;01090200102OBR;10302;Bomba lanca - comprimento 32 m;M3;Concreto Usinado;18735OBR.N;10/06/2024; 46,00 ; 82,60 ; 3.799,73 ;Código 80;Fornecedor 80;Geral;-;139OBR.C
OBR;01090200102OBR;10302;Bomba lanca - comprimento 32 m;M3;Concreto Usinado;18709OBR.N;29/05/2024; 46,00 ; 88,96 ; 4.092,20 ;Código 80;Fornecedor 80;Geral;-;139OBR.C
OBR;01090200102OBR;10302;Bomba lanca - comprimento 32 m;M3;Concreto Usinado;18701OBR.N;24/05/2024; 46,00 ; 57,19 ; 2.630,58 ;Código 80;Fornecedor 80;Geral;-;139OBR.C
OBR;01090200102OBR;10302;Bomba lanca - comprimento 32 m;M3;Concreto Usinado;18672OBR.N;10/05/2024; 46,00 ; 12,65 ; 581,71 ;Código 80;Fornecedor 80;Geral;-;139OBR.C
OBR;01090200102OBR;10302;Bomba lanca - comprimento 32 m;M3;Concreto Usinado;18647OBR.N;09/05/2024; 46,00 ; 143,28 ; 6.590,79 ;Código 80;Fornecedor 80;Geral;-;139OBR.C
OBR;01090200102OBR;10302;Bomba lanca - comprimento 32 m;M3;Concreto Usinado;18655OBR.N;08/05/2024; 46,00 ; 76,31 ; 3.510,31 ;Código 80;Fornecedor 80;Geral;-;139OBR.C
OBR;01090200102OBR;10302;Bomba lanca - comprimento 32 m;M3;Concreto Usinado;18604OBR.N;25/03/2024; 46,00 ; 35,04 ; 1.611,88 ;Código 80;Fornecedor 80;Geral;-;139OBR.C
OBR;01090200105OBR;598;Concreto usinado Adicional metro cubico faltante;M3;Concreto Usinado;19418OBR.N;14/07/2025; 238,46 ; 3,00 ; 715,39 ;Código 80;Fornecedor 80;Geral;-;139OBR.C
OBR;01090200105OBR;598;Concreto usinado Adicional metro cubico faltante;M3;Concreto Usinado;18626OBR.N;16/04/2024; 207,00 ; 0,89 ; 184,98 ;Código 80;Fornecedor 80;Geral;-;139OBR.C
OBR;01090200105OBR;598;Concreto usinado Adicional metro cubico faltante;M3;Concreto Usinado;18547OBR.N;27/02/2024; 207,00 ; 0,89 ; 184,98 ;Código 80;Fornecedor 80;Geral;-;139OBR.C
OBR;01090200105OBR;598;Concreto usinado Adicional metro cubico faltante;M3;Concreto Usinado;18506OBR.N;25/01/2024; 207,00 ; 24,13 ; 4.994,43 ;Código 80;Fornecedor 80;Geral;-;139OBR.C
OBR;01090200105OBR;598;Concreto usinado Adicional metro cubico faltante;M3;Concreto Usinado;18505OBR.N;25/01/2024; 207,00 ; 12,51 ; 2.589,69 ;Código 80;Fornecedor 80;Geral;-;139OBR.C
OBR;01090200105OBR;598;Concreto usinado Adicional metro cubico faltante;M3;Concreto Usinado;18492OBR.N;16/01/2024; 207,00 ; 3,57 ; 739,92 ;Código 80;Fornecedor 80;Geral;-;139OBR.C
OBR;01090200106OBR;10301;Bomba lanca - adicional metro cubico;M3;Concreto Usinado;18824OBR.N;10/08/2024; 207,00 ; 13,12 ; 2.716,31 ;Código 80;Fornecedor 80;Geral;-;139OBR.C
OBR;01090200106OBR;10301;Bomba lanca - adicional metro cubico;M3;Concreto Usinado;10320OBR.N;06/08/2024; 207,00 ; 9,12 ; 1.887,39 ;Código 80;Fornecedor 80;Geral;-;139OBR.C
OBR;01090400101OBR;2602;Madeirite chapa compensada plastificada 1,10 x 2,20 m 17 mm;UN;Madeira;15615OBR.N;11/03/2025; 110,97 ; 18,76 ; 2.081,71 ;Código 48;Fornecedor 48;Geral;66OBR.P;-
OBR;01090400101OBR;2885;"Caibro pinus 3"" x 3"" 2,5 m";UN;Madeira;879OBR.N;10/03/2025; 9,16 ; 99,21 ; 908,81 ;Código 18;Fornecedor 18;Geral;152OBR.P;-
OBR;01090400101OBR;2885;"Caibro pinus 3"" x 3"" 2,5 m";UN;Madeira;532OBR.N;11/09/2024; 73,60 ; 40,00 ; 2.944,00 ;Código 19;Fornecedor 19;Geral;64OBR.P;-
OBR;01090400101OBR;2602;Madeirite chapa compensada plastificada 1,10 x 2,20 m 17 mm;UN;Madeira;12934OBR.N;20/08/2024; 110,40 ; 18,12 ; 2.000,45 ;Código 71;Fornecedor 71;Geral;66OBR.P;-
OBR;01090400101OBR;2885;"Caibro pinus 3"" x 3"" 2,5 m";UN;Madeira;426OBR.N;07/08/2024; 9,15 ; 49,00 ; 448,55 ;Código 18;Fornecedor 18;Geral;152OBR.P;-
OBR;01090400101OBR;2602;Madeirite chapa compensada plastificada 1,10 x 2,20 m 17 mm;UN;Madeira;12770OBR.N;07/08/2024; 110,40 ; 45,30 ; 5.001,12 ;Código 71;Fornecedor 71;Geral;66OBR.P;-
OBR;01090400101OBR;2885;"Caibro pinus 3"" x 3"" 2,5 m";UN;Madeira;390OBR.N;23/07/2024; 13,09 ; 196,00 ; 2.565,05 ;Código 18;Fornecedor 18;Geral;152OBR.P;-
OBR;01090400101OBR;2885;"Caibro pinus 3"" x 3"" 2,5 m";UN;Madeira;349OBR.N;09/07/2024; 9,17 ; 183,26 ; 1.679,61 ;Código 18;Fornecedor 18;Geral;152OBR.P;-
OBR;01090400101OBR;2885;"Caibro pinus 3"" x 3"" 2,5 m";UN;Madeira;251OBR.N;22/05/2024; 9,16 ; 65,00 ; 595,46 ;Código 19;Fornecedor 19;Geral;131OBR.P;-
OBR;01090400101OBR;2885;"Caibro pinus 3"" x 3"" 2,5 m";UN;Madeira;251OBR.N;22/05/2024; 9,16 ; 170,00 ; 1.557,35 ;Código 19;Fornecedor 19;Geral;131OBR.P;-
OBR;01090400101OBR;2602;Madeirite chapa compensada plastificada 1,10 x 2,20 m 17 mm;UN;Madeira;4212OBR.N;22/05/2024; 110,98 ; 90,60 ; 10.054,34 ;Código 48;Fornecedor 48;Geral;66OBR.P;-
OBR;01090400101OBR;2602;Madeirite chapa compensada plastificada 1,10 x 2,20 m 17 mm;UN;Madeira;4168OBR.N;09/04/2024; 110,98 ; 181,20 ; 20.108,67 ;Código 48;Fornecedor 48;Geral;66OBR.P;-
OBR;01090400101OBR;2885;"Caibro pinus 3"" x 3"" 2,5 m";UN;Madeira;139OBR.N;09/04/2024; 9,16 ; 500,00 ; 4.580,45 ;Código 19;Fornecedor 19;Geral;-;-
OBR;01090400102OBR;2602;Madeirite chapa compensada plastificada 1,10 x 2,20 m 17 mm;UN;Madeira;15615OBR.N;11/03/2025; 110,97 ; 1,95 ; 215,99 ;Código 48;Fornecedor 48;Geral;66OBR.P;-
OBR;01090400102OBR;2878;"Ripa de pinus 1"" x 3"" x 2,5 m";UN;Madeira;878OBR.N;07/03/2025; 3,06 ; 48,14 ; 147,25 ;Código 18;Fornecedor 18;Geral;152OBR.P;-
OBR;01090400102OBR;2878;"Ripa de pinus 1"" x 3"" x 2,5 m";UN;Madeira;710OBR.N;17/02/2025; 3,06 ; 145,95 ; 446,46 ;Código 19;Fornecedor 19;Geral;152OBR.P;-
OBR;01090400102OBR;2878;"Ripa de pinus 1"" x 3"" x 2,5 m";UN;Madeira;817OBR.N;16/01/2025; 4,37 ; 89,62 ; 391,65 ;Código 18;Fornecedor 18;Geral;152OBR.P;-
OBR;01090400102OBR;2878;"Ripa de pinus 1"" x 3"" x 2,5 m";UN;Madeira;637OBR.N;12/11/2024; 3,40 ; 243,62 ; 828,29 ;Código 19;Fornecedor 19;Geral;152OBR.P;-
OBR;01090400102OBR;2878;"Ripa de pinus 1"" x 3"" x 2,5 m";UN;Madeira;573OBR.N;21/10/2024; 4,37 ; 197,52 ; 863,16 ;Código 19;Fornecedor 19;Geral;152OBR.P;-
OBR;01090400102OBR;2878;"Ripa de pinus 1"" x 3"" x 2,5 m";UN;Madeira;605OBR.N;07/10/2024; 3,89 ; 75,32 ; 293,05 ;Código 18;Fornecedor 18;Geral;152OBR.P;-
OBR;01090400102OBR;2878;"Ripa de pinus 1"" x 3"" x 2,5 m";UN;Madeira;544OBR.N;24/09/2024; 3,14 ; 812,97 ; 2.548,94 ;Código 18;Fornecedor 18;Geral;152OBR.P;-
OBR;01090400102OBR;2878;"Ripa de pinus 1"" x 3"" x 2,5 m";UN;Madeira;441OBR.N;20/08/2024; 3,34 ; 291,90 ; 973,49 ;Código 19;Fornecedor 19;Geral;152OBR.P;-
OBR;01090400102OBR;2602;Madeirite chapa compensada plastificada 1,10 x 2,20 m 17 mm;UN;Madeira;12934OBR.N;20/08/2024; 110,40 ; 1,88 ; 207,55 ;Código 71;Fornecedor 71;Geral;66OBR.P;-
OBR;01090400102OBR;2878;"Ripa de pinus 1"" x 3"" x 2,5 m";UN;Madeira;464OBR.N;17/08/2024; 3,06 ; 187,79 ; 574,92 ;Código 19;Fornecedor 19;Geral;152OBR.P;-
OBR;01090400102OBR;2602;Madeirite chapa compensada plastificada 1,10 x 2,20 m 17 mm;UN;Madeira;12770OBR.N;07/08/2024; 110,40 ; 4,70 ; 518,88 ;Código 71;Fornecedor 71;Geral;66OBR.P;-
OBR;01090400102OBR;2885;"Caibro pinus 3"" x 3"" 2,5 m";UN;Madeira;349OBR.N;09/07/2024; 14,18 ; 0,21 ; 2,95 ;Código 18;Fornecedor 18;Geral;152OBR.P;-
OBR;01090400102OBR;2878;"Ripa de pinus 1"" x 3"" x 2,5 m";UN;Madeira;333OBR.N;09/07/2024; 3,06 ; 1,95 ; 5,95 ;Código 19;Fornecedor 19;Geral;152OBR.P;-
OBR;01090400102OBR;2878;"Ripa de pinus 1"" x 3"" x 2,5 m";UN;Madeira;345OBR.N;08/07/2024; 2,98 ; 486,50 ; 1.448,48 ;Código 19;Fornecedor 19;Geral;152OBR.P;-
OBR;01090400102OBR;2885;"Caibro pinus 3"" x 3"" 2,5 m";UN;Madeira;252OBR.N;20/06/2024; 14,17 ; 500,00 ; 7.084,00 ;Código 19;Fornecedor 19;Geral;151OBR.P;-
OBR;01090400102OBR;2878;"Ripa de pinus 1"" x 3"" x 2,5 m";UN;Madeira;277OBR.N;17/06/2024; 2,85 ; 500,00 ; 1.426,46 ;Código 19;Fornecedor 19;Geral;151OBR.P;-
OBR;01090400102OBR;2885;"Caibro pinus 3"" x 3"" 2,5 m";UN;Madeira;251OBR.N;22/05/2024; 9,16 ; 70,00 ; 641,26 ;Código 19;Fornecedor 19;Geral;131OBR.P;-
OBR;01090400102OBR;2885;"Caibro pinus 3"" x 3"" 2,5 m";UN;Madeira;251OBR.N;22/05/2024; 9,16 ; 30,00 ; 274,83 ;Código 19;Fornecedor 19;Geral;131OBR.P;-
OBR;01090400102OBR;2878;"Ripa de pinus 1"" x 3"" x 2,5 m";UN;Madeira;237OBR.N;22/05/2024; 2,95 ; 500,00 ; 1.477,18 ;Código 19;Fornecedor 19;Geral;65OBR.P;-
OBR;01090400102OBR;2602;Madeirite chapa compensada plastificada 1,10 x 2,20 m 17 mm;UN;Madeira;4212OBR.N;22/05/2024; 110,98 ; 9,40 ; 1.043,17 ;Código 48;Fornecedor 48;Geral;66OBR.P;-
OBR;01090400102OBR;2878;"Ripa de pinus 1"" x 3"" x 2,5 m";UN;Madeira;183OBR.N;02/05/2024; 2,95 ; 500,00 ; 1.477,18 ;Código 19;Fornecedor 19;Geral;65OBR.P;-
OBR;01090400102OBR;2602;Madeirite chapa compensada plastificada 1,10 x 2,20 m 17 mm;UN;Madeira;4168OBR.N;09/04/2024; 110,98 ; 18,80 ; 2.086,33 ;Código 48;Fornecedor 48;Geral;66OBR.P;-
OBR;01090400102OBR;2878;"Ripa de pinus 1"" x 3"" x 2,5 m";UN;Madeira;168OBR.N;09/04/2024; 4,22 ; 500,00 ; 2.110,25 ;Código 19;Fornecedor 19;Geral;65OBR.P;-
OBR;01090400102OBR;2878;"Ripa de pinus 1"" x 3"" x 2,5 m";UN;Madeira;147OBR.N;09/04/2024; 4,22 ; 500,00 ; 2.110,25 ;Código 19;Fornecedor 19;Geral;65OBR.P;-
OBR;01090400102OBR;2602;Madeirite chapa compensada plastificada 1,10 x 2,20 m 17 mm;UN;Madeira;4113OBR.N;20/03/2024; 108,22 ; 200,00 ; 21.643,00 ;Código 48;Fornecedor 48;Geral;35OBR.P;-
OBR;01090400102OBR;2602;Madeirite chapa compensada plastificada 1,10 x 2,20 m 17 mm;UN;Madeira;4103OBR.N;20/03/2024; 108,22 ; 200,00 ; 21.643,00 ;Código 48;Fornecedor 48;Geral;35OBR.P;-
OBR;01090400102OBR;2878;"Ripa de pinus 1"" x 3"" x 2,5 m";UN;Madeira;2298OBR.N;14/03/2024; 4,30 ; 500,00 ; 2.147,63 ;Código 84;Fornecedor 84;Geral;36OBR.P;-
OBR;01090400102OBR;2878;"Ripa de pinus 1"" x 3"" x 2,5 m";UN;Madeira;2293OBR.N;29/02/2024; 4,30 ; 500,00 ; 2.147,63 ;Código 84;Fornecedor 84;Geral;36OBR.P;-
OBR;01090400102OBR;2602;Madeirite chapa compensada plastificada 1,10 x 2,20 m 17 mm;UN;Madeira;4035OBR.N;29/02/2024; 108,22 ; 300,00 ; 32.464,50 ;Código 48;Fornecedor 48;Geral;35OBR.P;-
OBR;01100100102OBR;970;Barra de aco CA50 8 mm barra 12 m;BAR;Aço e Acessórios;9854OBR.N;22/05/2024; 32,08 ; 3,00 ; 96,25 ;Código 72;Fornecedor 72;Geral;119OBR.P;-
OBR;01100100103OBR;1892;Tela para amarracao aco galvanizado malha 15 x 15 mm - 12 x 50 cm;PCT;Aço e Acessórios;105995OBR.N;19/06/2024; 128,05 ; -   ; -   ;Código 95;Fornecedor 95;Geral;144OBR.P;-
OBR;01100100103OBR;1892;Tela para amarracao aco galvanizado malha 15 x 15 mm - 12 x 50 cm;PCT;Aço e Acessórios;105995OBR.N;19/06/2024; 128,05 ; -   ; -   ;Código 95;Fornecedor 95;Geral;144OBR.P;-
OBR;01100100103OBR;1892;Tela para amarracao aco galvanizado malha 15 x 15 mm - 12 x 50 cm;PCT;Aço e Acessórios;105995OBR.N;19/06/2024; 128,05 ; -   ; -   ;Código 95;Fornecedor 95;Geral;144OBR.P;-
OBR;01100100103OBR;1892;Tela para amarracao aco galvanizado malha 15 x 15 mm - 12 x 50 cm;PCT;Aço e Acessórios;105995OBR.N;19/06/2024; 128,05 ; -   ; -   ;Código 95;Fornecedor 95;Geral;144OBR.P;-
OBR;01100100103OBR;1892;Tela para amarracao aco galvanizado malha 15 x 15 mm - 12 x 50 cm;PCT;Aço e Acessórios;105995OBR.N;19/06/2024; 128,05 ; -   ; -   ;Código 95;Fornecedor 95;Geral;144OBR.P;-
OBR;01100100103OBR;970;Barra de aco CA50 8 mm barra 12 m;BAR;Aço e Acessórios;9854OBR.N;22/05/2024; 32,08 ; 3,00 ; 96,25 ;Código 72;Fornecedor 72;Geral;119OBR.P;-
OBR;01100100201OBR;1895;Tela para amarracao aco galvanizado malha 15 x 15 mm - 7,5 x 50 cm;PCT;Aço e Acessórios;105995OBR.N;19/06/2024; 134,32 ; 8,00 ; 1.074,57 ;Código 95;Fornecedor 95;Geral;144OBR.P;-
OBR;01100100201OBR;1895;Tela para amarracao aco galvanizado malha 15 x 15 mm - 7,5 x 50 cm;PCT;Aço e Acessórios;105995OBR.N;19/06/2024; 134,32 ; 7,00 ; 940,26 ;Código 95;Fornecedor 95;Geral;144OBR.P;-
OBR;01100100201OBR;1895;Tela para amarracao aco galvanizado malha 15 x 15 mm - 7,5 x 50 cm;PCT;Aço e Acessórios;105995OBR.N;19/06/2024; 134,32 ; 9,00 ; 1.208,90 ;Código 95;Fornecedor 95;Geral;144OBR.P;-
OBR;01100100202OBR;970;Barra de aco CA50 8 mm barra 12 m;BAR;Aço e Acessórios;13138OBR.N;19/08/2024; 37,03 ; 4,85 ; 179,67 ;Código 72;Fornecedor 72;Geral;199OBR.P;-
OBR;01100100202OBR;1892;Tela para amarracao aco galvanizado malha 15 x 15 mm - 12 x 50 cm;PCT;Aço e Acessórios;105995OBR.N;19/06/2024; 134,58 ; 16,00 ; 2.153,33 ;Código 95;Fornecedor 95;Geral;144OBR.P;-
OBR;01100100202OBR;970;Barra de aco CA50 8 mm barra 12 m;BAR;Aço e Acessórios;9854OBR.N;22/05/2024; 32,08 ; 7,00 ; 224,59 ;Código 72;Fornecedor 72;Geral;119OBR.P;-
OBR;01100100203OBR;970;Barra de aco CA50 8 mm barra 12 m;BAR;Aço e Acessórios;13138OBR.N;19/08/2024; 37,03 ; 14,14 ; 523,40 ;Código 72;Fornecedor 72;Geral;199OBR.P;-
OBR;01100100203OBR;1892;Tela para amarracao aco galvanizado malha 15 x 15 mm - 12 x 50 cm;PCT;Aço e Acessórios;105995OBR.N;19/06/2024; 128,05 ; 1,00 ; 128,05 ;Código 95;Fornecedor 95;Geral;144OBR.P;-
OBR;01100100203OBR;1892;Tela para amarracao aco galvanizado malha 15 x 15 mm - 12 x 50 cm;PCT;Aço e Acessórios;105995OBR.N;19/06/2024; 128,05 ; 14,00 ; 1.792,70 ;Código 95;Fornecedor 95;Geral;144OBR.P;-
OBR;01100100203OBR;1892;Tela para amarracao aco galvanizado malha 15 x 15 mm - 12 x 50 cm;PCT;Aço e Acessórios;105995OBR.N;19/06/2024; 128,05 ; 14,00 ; 1.792,70 ;Código 95;Fornecedor 95;Geral;144OBR.P;-
OBR;01100100203OBR;1892;Tela para amarracao aco galvanizado malha 15 x 15 mm - 12 x 50 cm;PCT;Aço e Acessórios;105995OBR.N;19/06/2024; 128,05 ; 28,00 ; 3.585,40 ;Código 95;Fornecedor 95;Geral;144OBR.P;-
OBR;01100100203OBR;1892;Tela para amarracao aco galvanizado malha 15 x 15 mm - 12 x 50 cm;PCT;Aço e Acessórios;105995OBR.N;19/06/2024; 128,05 ; 6,00 ; 768,30 ;Código 95;Fornecedor 95;Geral;144OBR.P;-
OBR;01100100203OBR;970;Barra de aco CA50 8 mm barra 12 m;BAR;Aço e Acessórios;9854OBR.N;22/05/2024; 32,08 ; 21,00 ; 673,76 ;Código 72;Fornecedor 72;Geral;119OBR.P;-
OBR;01100100301OBR;1895;Tela para amarracao aco galvanizado malha 15 x 15 mm - 7,5 x 50 cm;PCT;Aço e Acessórios;105995OBR.N;19/06/2024; 134,32 ; 5,00 ; 671,61 ;Código 95;Fornecedor 95;Geral;144OBR.P;-
OBR;01100100301OBR;1895;Tela para amarracao aco galvanizado malha 15 x 15 mm - 7,5 x 50 cm;PCT;Aço e Acessórios;105995OBR.N;19/06/2024; 134,32 ; 4,00 ; 537,29 ;Código 95;Fornecedor 95;Geral;144OBR.P;-
OBR;01100100301OBR;1895;Tela para amarracao aco galvanizado malha 15 x 15 mm - 7,5 x 50 cm;PCT;Aço e Acessórios;105995OBR.N;19/06/2024; 134,32 ; 14,00 ; 1.880,51 ;Código 95;Fornecedor 95;Geral;144OBR.P;-
OBR;01100100302OBR;1892;Tela para amarracao aco galvanizado malha 15 x 15 mm - 12 x 50 cm;PCT;Aço e Acessórios;105995OBR.N;19/06/2024; 134,58 ; 10,00 ; 1.345,83 ;Código 95;Fornecedor 95;Geral;144OBR.P;-
OBR;01100100302OBR;970;Barra de aco CA50 8 mm barra 12 m;BAR;Aço e Acessórios;9854OBR.N;22/05/2024; 32,08 ; 5,00 ; 160,42 ;Código 72;Fornecedor 72;Geral;119OBR.P;-
OBR;01100100303OBR;1892;Tela para amarracao aco galvanizado malha 15 x 15 mm - 12 x 50 cm;PCT;Aço e Acessórios;105995OBR.N;19/06/2024; 128,05 ; -   ; -   ;Código 95;Fornecedor 95;Geral;144OBR.P;-
OBR;01100100303OBR;1892;Tela para amarracao aco galvanizado malha 15 x 15 mm - 12 x 50 cm;PCT;Aço e Acessórios;105995OBR.N;19/06/2024; 128,05 ; 8,00 ; 1.024,40 ;Código 95;Fornecedor 95;Geral;144OBR.P;-
OBR;01100100303OBR;1892;Tela para amarracao aco galvanizado malha 15 x 15 mm - 12 x 50 cm;PCT;Aço e Acessórios;105995OBR.N;19/06/2024; 128,05 ; 8,00 ; 1.024,40 ;Código 95;Fornecedor 95;Geral;144OBR.P;-
OBR;01100100303OBR;1892;Tela para amarracao aco galvanizado malha 15 x 15 mm - 12 x 50 cm;PCT;Aço e Acessórios;105995OBR.N;19/06/2024; 128,05 ; 16,00 ; 2.048,80 ;Código 95;Fornecedor 95;Geral;144OBR.P;-
OBR;01100100303OBR;1892;Tela para amarracao aco galvanizado malha 15 x 15 mm - 12 x 50 cm;PCT;Aço e Acessórios;105995OBR.N;19/06/2024; 128,05 ; 3,00 ; 384,15 ;Código 95;Fornecedor 95;Geral;144OBR.P;-
OBR;01100100303OBR;970;Barra de aco CA50 8 mm barra 12 m;BAR;Aço e Acessórios;9854OBR.N;22/05/2024; 32,08 ; 17,00 ; 545,42 ;Código 72;Fornecedor 72;Geral;119OBR.P;-
OBR;01100100401OBR;1895;Tela para amarracao aco galvanizado malha 15 x 15 mm - 7,5 x 50 cm;PCT;Aço e Acessórios;105995OBR.N;19/06/2024; 134,32 ; 5,00 ; 671,61 ;Código 95;Fornecedor 95;Geral;144OBR.P;-
OBR;01100100401OBR;1895;Tela para amarracao aco galvanizado malha 15 x 15 mm - 7,5 x 50 cm;PCT;Aço e Acessórios;105995OBR.N;19/06/2024; 134,32 ; 4,00 ; 537,29 ;Código 95;Fornecedor 95;Geral;144OBR.P;-
OBR;01100100401OBR;1895;Tela para amarracao aco galvanizado malha 15 x 15 mm - 7,5 x 50 cm;PCT;Aço e Acessórios;105995OBR.N;19/06/2024; 134,32 ; 9,00 ; 1.208,90 ;Código 95;Fornecedor 95;Geral;144OBR.P;-
OBR;01100100402OBR;1892;Tela para amarracao aco galvanizado malha 15 x 15 mm - 12 x 50 cm;PCT;Aço e Acessórios;105995OBR.N;19/06/2024; 134,58 ; 10,00 ; 1.345,83 ;Código 95;Fornecedor 95;Geral;144OBR.P;-
OBR;01100100402OBR;970;Barra de aco CA50 8 mm barra 12 m;BAR;Aço e Acessórios;9854OBR.N;22/05/2024; 32,08 ; 5,00 ; 160,42 ;Código 72;Fornecedor 72;Geral;119OBR.P;-
OBR;01100100403OBR;1892;Tela para amarracao aco galvanizado malha 15 x 15 mm - 12 x 50 cm;PCT;Aço e Acessórios;105995OBR.N;19/06/2024; 128,05 ; -   ; -   ;Código 95;Fornecedor 95;Geral;144OBR.P;-
OBR;01100100403OBR;1892;Tela para amarracao aco galvanizado malha 15 x 15 mm - 12 x 50 cm;PCT;Aço e Acessórios;105995OBR.N;19/06/2024; 128,05 ; 8,00 ; 1.024,40 ;Código 95;Fornecedor 95;Geral;144OBR.P;-
OBR;01100100403OBR;1892;Tela para amarracao aco galvanizado malha 15 x 15 mm - 12 x 50 cm;PCT;Aço e Acessórios;105995OBR.N;19/06/2024; 128,05 ; 8,00 ; 1.024,40 ;Código 95;Fornecedor 95;Geral;144OBR.P;-
OBR;01100100403OBR;1892;Tela para amarracao aco galvanizado malha 15 x 15 mm - 12 x 50 cm;PCT;Aço e Acessórios;105995OBR.N;19/06/2024; 128,05 ; 16,00 ; 2.048,80 ;Código 95;Fornecedor 95;Geral;144OBR.P;-
OBR;01100100403OBR;1892;Tela para amarracao aco galvanizado malha 15 x 15 mm - 12 x 50 cm;PCT;Aço e Acessórios;105995OBR.N;19/06/2024; 128,05 ; 3,00 ; 384,15 ;Código 95;Fornecedor 95;Geral;144OBR.P;-
OBR;01100100403OBR;970;Barra de aco CA50 8 mm barra 12 m;BAR;Aço e Acessórios;9854OBR.N;22/05/2024; 32,08 ; 17,00 ; 545,42 ;Código 72;Fornecedor 72;Geral;119OBR.P;-
OBR;01100100502OBR;970;Barra de aco CA50 8 mm barra 12 m;BAR;Aço e Acessórios;9854OBR.N;22/05/2024; 32,08 ; 5,00 ; 160,42 ;Código 72;Fornecedor 72;Geral;119OBR.P;-
OBR;01100100503OBR;1892;Tela para amarracao aco galvanizado malha 15 x 15 mm - 12 x 50 cm;PCT;Aço e Acessórios;105995OBR.N;19/06/2024; 128,05 ; -   ; -   ;Código 95;Fornecedor 95;Geral;144OBR.P;-
OBR;01100100503OBR;1892;Tela para amarracao aco galvanizado malha 15 x 15 mm - 12 x 50 cm;PCT;Aço e Acessórios;105995OBR.N;19/06/2024; 128,05 ; -   ; -   ;Código 95;Fornecedor 95;Geral;144OBR.P;-
OBR;01100100503OBR;1892;Tela para amarracao aco galvanizado malha 15 x 15 mm - 12 x 50 cm;PCT;Aço e Acessórios;105995OBR.N;19/06/2024; 128,05 ; -   ; -   ;Código 95;Fornecedor 95;Geral;144OBR.P;-
OBR;01100100503OBR;1892;Tela para amarracao aco galvanizado malha 15 x 15 mm - 12 x 50 cm;PCT;Aço e Acessórios;105995OBR.N;19/06/2024; 128,05 ; -   ; -   ;Código 95;Fornecedor 95;Geral;144OBR.P;-
OBR;01100100503OBR;1892;Tela para amarracao aco galvanizado malha 15 x 15 mm - 12 x 50 cm;PCT;Aço e Acessórios;105995OBR.N;19/06/2024; 128,05 ; -   ; -   ;Código 95;Fornecedor 95;Geral;144OBR.P;-
OBR;01100100503OBR;970;Barra de aco CA50 8 mm barra 12 m;BAR;Aço e Acessórios;9854OBR.N;22/05/2024; 32,08 ; 17,00 ; 545,42 ;Código 72;Fornecedor 72;Geral;119OBR.P;-
OBR;01100100602OBR;970;Barra de aco CA50 8 mm barra 12 m;BAR;Aço e Acessórios;9854OBR.N;22/05/2024; 32,08 ; 5,00 ; 160,42 ;Código 72;Fornecedor 72;Geral;119OBR.P;-
OBR;01100100603OBR;1892;Tela para amarracao aco galvanizado malha 15 x 15 mm - 12 x 50 cm;PCT;Aço e Acessórios;105995OBR.N;19/06/2024; 128,05 ; -   ; -   ;Código 95;Fornecedor 95;Geral;144OBR.P;-
OBR;01100100603OBR;1892;Tela para amarracao aco galvanizado malha 15 x 15 mm - 12 x 50 cm;PCT;Aço e Acessórios;105995OBR.N;19/06/2024; 128,05 ; -   ; -   ;Código 95;Fornecedor 95;Geral;144OBR.P;-
OBR;01100100603OBR;1892;Tela para amarracao aco galvanizado malha 15 x 15 mm - 12 x 50 cm;PCT;Aço e Acessórios;105995OBR.N;19/06/2024; 128,05 ; -   ; -   ;Código 95;Fornecedor 95;Geral;144OBR.P;-
OBR;01100100603OBR;1892;Tela para amarracao aco galvanizado malha 15 x 15 mm - 12 x 50 cm;PCT;Aço e Acessórios;105995OBR.N;19/06/2024; 128,05 ; -   ; -   ;Código 95;Fornecedor 95;Geral;144OBR.P;-
OBR;01100100603OBR;1892;Tela para amarracao aco galvanizado malha 15 x 15 mm - 12 x 50 cm;PCT;Aço e Acessórios;105995OBR.N;19/06/2024; 128,05 ; -   ; -   ;Código 95;Fornecedor 95;Geral;144OBR.P;-
OBR;01100100603OBR;970;Barra de aco CA50 8 mm barra 12 m;BAR;Aço e Acessórios;9854OBR.N;22/05/2024; 32,08 ; 21,00 ; 673,76 ;Código 72;Fornecedor 72;Geral;119OBR.P;-
OBR;01100100702OBR;970;Barra de aco CA50 8 mm barra 12 m;BAR;Aço e Acessórios;9854OBR.N;22/05/2024; 32,08 ; 5,00 ; 160,42 ;Código 72;Fornecedor 72;Geral;119OBR.P;-
OBR;01100100703OBR;1892;Tela para amarracao aco galvanizado malha 15 x 15 mm - 12 x 50 cm;PCT;Aço e Acessórios;105995OBR.N;19/06/2024; 128,05 ; -   ; -   ;Código 95;Fornecedor 95;Geral;144OBR.P;-
OBR;01100100703OBR;1892;Tela para amarracao aco galvanizado malha 15 x 15 mm - 12 x 50 cm;PCT;Aço e Acessórios;105995OBR.N;19/06/2024; 128,05 ; -   ; -   ;Código 95;Fornecedor 95;Geral;144OBR.P;-
OBR;01100100703OBR;1892;Tela para amarracao aco galvanizado malha 15 x 15 mm - 12 x 50 cm;PCT;Aço e Acessórios;105995OBR.N;19/06/2024; 128,05 ; -   ; -   ;Código 95;Fornecedor 95;Geral;144OBR.P;-
OBR;01100100703OBR;1892;Tela para amarracao aco galvanizado malha 15 x 15 mm - 12 x 50 cm;PCT;Aço e Acessórios;105995OBR.N;19/06/2024; 128,05 ; -   ; -   ;Código 95;Fornecedor 95;Geral;144OBR.P;-
OBR;01100100703OBR;1892;Tela para amarracao aco galvanizado malha 15 x 15 mm - 12 x 50 cm;PCT;Aço e Acessórios;105995OBR.N;19/06/2024; 128,05 ; -   ; -   ;Código 95;Fornecedor 95;Geral;144OBR.P;-
OBR;01100100703OBR;970;Barra de aco CA50 8 mm barra 12 m;BAR;Aço e Acessórios;9854OBR.N;22/05/2024; 32,08 ; 17,00 ; 545,42 ;Código 72;Fornecedor 72;Geral;119OBR.P;-
OBR;01100100802OBR;970;Barra de aco CA50 8 mm barra 12 m;BAR;Aço e Acessórios;9854OBR.N;22/05/2024; 32,08 ; 5,00 ; 160,42 ;Código 72;Fornecedor 72;Geral;119OBR.P;-
OBR;01100100803OBR;1892;Tela para amarracao aco galvanizado malha 15 x 15 mm - 12 x 50 cm;PCT;Aço e Acessórios;105995OBR.N;19/06/2024; 128,05 ; -   ; -   ;Código 95;Fornecedor 95;Geral;144OBR.P;-
OBR;01100100803OBR;1892;Tela para amarracao aco galvanizado malha 15 x 15 mm - 12 x 50 cm;PCT;Aço e Acessórios;105995OBR.N;19/06/2024; 128,05 ; -   ; -   ;Código 95;Fornecedor 95;Geral;144OBR.P;-
OBR;01100100803OBR;1892;Tela para amarracao aco galvanizado malha 15 x 15 mm - 12 x 50 cm;PCT;Aço e Acessórios;105995OBR.N;19/06/2024; 128,05 ; -   ; -   ;Código 95;Fornecedor 95;Geral;144OBR.P;-
OBR;01100100803OBR;1892;Tela para amarracao aco galvanizado malha 15 x 15 mm - 12 x 50 cm;PCT;Aço e Acessórios;105995OBR.N;19/06/2024; 128,05 ; -   ; -   ;Código 95;Fornecedor 95;Geral;144OBR.P;-
OBR;01100100803OBR;1892;Tela para amarracao aco galvanizado malha 15 x 15 mm - 12 x 50 cm;PCT;Aço e Acessórios;105995OBR.N;19/06/2024; 128,05 ; -   ; -   ;Código 95;Fornecedor 95;Geral;144OBR.P;-
OBR;01100100803OBR;970;Barra de aco CA50 8 mm barra 12 m;BAR;Aço e Acessórios;9854OBR.N;22/05/2024; 32,08 ; 17,00 ; 545,42 ;Código 72;Fornecedor 72;Geral;119OBR.P;-
OBR;01100100902OBR;970;Barra de aco CA50 8 mm barra 12 m;BAR;Aço e Acessórios;9854OBR.N;22/05/2024; 32,08 ; 5,00 ; 160,42 ;Código 72;Fornecedor 72;Geral;119OBR.P;-
OBR;01100100903OBR;1892;Tela para amarracao aco galvanizado malha 15 x 15 mm - 12 x 50 cm;PCT;Aço e Acessórios;105995OBR.N;19/06/2024; 128,05 ; -   ; -   ;Código 95;Fornecedor 95;Geral;144OBR.P;-
OBR;01100100903OBR;1892;Tela para amarracao aco galvanizado malha 15 x 15 mm - 12 x 50 cm;PCT;Aço e Acessórios;105995OBR.N;19/06/2024; 128,05 ; -   ; -   ;Código 95;Fornecedor 95;Geral;144OBR.P;-
OBR;01100100903OBR;1892;Tela para amarracao aco galvanizado malha 15 x 15 mm - 12 x 50 cm;PCT;Aço e Acessórios;105995OBR.N;19/06/2024; 128,05 ; -   ; -   ;Código 95;Fornecedor 95;Geral;144OBR.P;-
OBR;01100100903OBR;1892;Tela para amarracao aco galvanizado malha 15 x 15 mm - 12 x 50 cm;PCT;Aço e Acessórios;105995OBR.N;19/06/2024; 128,05 ; -   ; -   ;Código 95;Fornecedor 95;Geral;144OBR.P;-
OBR;01100100903OBR;1892;Tela para amarracao aco galvanizado malha 15 x 15 mm - 12 x 50 cm;PCT;Aço e Acessórios;105995OBR.N;19/06/2024; 128,05 ; -   ; -   ;Código 95;Fornecedor 95;Geral;144OBR.P;-
OBR;01100100903OBR;970;Barra de aco CA50 8 mm barra 12 m;BAR;Aço e Acessórios;9854OBR.N;22/05/2024; 32,08 ; 18,00 ; 577,51 ;Código 72;Fornecedor 72;Geral;119OBR.P;-
OBR;01100101002OBR;970;Barra de aco CA50 8 mm barra 12 m;BAR;Aço e Acessórios;9854OBR.N;22/05/2024; 32,08 ; 5,00 ; 160,42 ;Código 72;Fornecedor 72;Geral;119OBR.P;-
OBR;01100101003OBR;1892;Tela para amarracao aco galvanizado malha 15 x 15 mm - 12 x 50 cm;PCT;Aço e Acessórios;105995OBR.N;19/06/2024; 128,05 ; -   ; -   ;Código 95;Fornecedor 95;Geral;144OBR.P;-
OBR;01100101003OBR;1892;Tela para amarracao aco galvanizado malha 15 x 15 mm - 12 x 50 cm;PCT;Aço e Acessórios;105995OBR.N;19/06/2024; 128,05 ; -   ; -   ;Código 95;Fornecedor 95;Geral;144OBR.P;-
OBR;01100101003OBR;1892;Tela para amarracao aco galvanizado malha 15 x 15 mm - 12 x 50 cm;PCT;Aço e Acessórios;105995OBR.N;19/06/2024; 128,05 ; -   ; -   ;Código 95;Fornecedor 95;Geral;144OBR.P;-
OBR;01100101003OBR;1892;Tela para amarracao aco galvanizado malha 15 x 15 mm - 12 x 50 cm;PCT;Aço e Acessórios;105995OBR.N;19/06/2024; 128,05 ; -   ; -   ;Código 95;Fornecedor 95;Geral;144OBR.P;-
OBR;01100101003OBR;1892;Tela para amarracao aco galvanizado malha 15 x 15 mm - 12 x 50 cm;PCT;Aço e Acessórios;105995OBR.N;19/06/2024; 128,05 ; -   ; -   ;Código 95;Fornecedor 95;Geral;144OBR.P;-
OBR;01100101003OBR;970;Barra de aco CA50 8 mm barra 12 m;BAR;Aço e Acessórios;9854OBR.N;22/05/2024; 32,08 ; 7,00 ; 224,59 ;Código 72;Fornecedor 72;Geral;119OBR.P;-
OBR;01100101102OBR;970;Barra de aco CA50 8 mm barra 12 m;BAR;Aço e Acessórios;9854OBR.N;22/05/2024; 32,08 ; 7,00 ; 224,59 ;Código 72;Fornecedor 72;Geral;119OBR.P;-
OBR;01110201201OBR;7376;Bobina de salva piso sem cola 1,3 x 100 m;UN;Materiais de Escritório e Informática;53556OBR.N;05/02/2025; 201,25 ; 0,09 ; 18,72 ;Código 17;Fornecedor 17;Geral;350OBR.P;-
OBR;01110201301OBR;7376;Bobina de salva piso sem cola 1,3 x 100 m;UN;Materiais de Escritório e Informática;56450OBR.N;28/03/2025; 125,35 ; 2,00 ; 250,70 ;Código 17;Fornecedor 17;Geral;379OBR.P;-
OBR;01110201301OBR;7376;Bobina de salva piso sem cola 1,3 x 100 m;UN;Materiais de Escritório e Informática;53556OBR.N;05/02/2025; 201,25 ; 1,35 ; 271,29 ;Código 17;Fornecedor 17;Geral;350OBR.P;-
OBR;01110201401OBR;7376;Bobina de salva piso sem cola 1,3 x 100 m;UN;Materiais de Escritório e Informática;53556OBR.N;05/02/2025; 201,25 ; 0,44 ; 88,95 ;Código 17;Fornecedor 17;Geral;350OBR.P;-
OBR;01110201501OBR;7376;Bobina de salva piso sem cola 1,3 x 100 m;UN;Materiais de Escritório e Informática;53556OBR.N;05/02/2025; 201,25 ; 0,41 ; 81,51 ;Código 17;Fornecedor 17;Geral;350OBR.P;-
OBR;01110201601OBR;7376;Bobina de salva piso sem cola 1,3 x 100 m;UN;Materiais de Escritório e Informática;53556OBR.N;05/02/2025; 201,25 ; 0,41 ; 81,51 ;Código 17;Fornecedor 17;Geral;350OBR.P;-
OBR;01110201701OBR;7376;Bobina de salva piso sem cola 1,3 x 100 m;UN;Materiais de Escritório e Informática;53556OBR.N;05/02/2025; 201,25 ; 0,41 ; 81,51 ;Código 17;Fornecedor 17;Geral;350OBR.P;-
OBR;01110201801OBR;7376;Bobina de salva piso sem cola 1,3 x 100 m;UN;Materiais de Escritório e Informática;53556OBR.N;05/02/2025; 201,25 ; 0,41 ; 81,51 ;Código 17;Fornecedor 17;Geral;350OBR.P;-
OBR;01110201901OBR;7376;Bobina de salva piso sem cola 1,3 x 100 m;UN;Materiais de Escritório e Informática;53556OBR.N;05/02/2025; 201,25 ; 0,41 ; 81,51 ;Código 17;Fornecedor 17;Geral;350OBR.P;-
OBR;01110202001OBR;7376;Bobina de salva piso sem cola 1,3 x 100 m;UN;Materiais de Escritório e Informática;53556OBR.N;05/02/2025; 201,25 ; 0,40 ; 80,90 ;Código 17;Fornecedor 17;Geral;350OBR.P;-
OBR;01110202101OBR;7376;Bobina de salva piso sem cola 1,3 x 100 m;UN;Materiais de Escritório e Informática;56450OBR.N;28/03/2025; 125,35 ; 2,00 ; 250,70 ;Código 17;Fornecedor 17;Geral;379OBR.P;-
OBR;01110202101OBR;7376;Bobina de salva piso sem cola 1,3 x 100 m;UN;Materiais de Escritório e Informática;53556OBR.N;05/02/2025; 201,25 ; 1,31 ; 264,44 ;Código 17;Fornecedor 17;Geral;350OBR.P;-
OBR;01110202201OBR;7376;Bobina de salva piso sem cola 1,3 x 100 m;UN;Materiais de Escritório e Informática;53556OBR.N;05/02/2025; 201,25 ; 0,68 ; 136,85 ;Código 17;Fornecedor 17;Geral;350OBR.P;-
OBR;01120102101OBR;4886;Cabo flexivel PVC 750V preto 2,5 mm²;M;Elétrica - Fios e Cabos;3509OBR.N;11/03/2025; 1,28 ; 16,30 ; 20,93 ;Código 42;Fornecedor 42;Geral;364OBR.P;-
OBR;01120102101OBR;4886;Cabo flexivel PVC 750V preto 2,5 mm²;M;Elétrica - Fios e Cabos;3509OBR.N;11/03/2025; 1,28 ; 19,06 ; 24,47 ;Código 42;Fornecedor 42;Geral;364OBR.P;-
OBR;01120102101OBR;4886;Cabo flexivel PVC 750V preto 2,5 mm²;M;Elétrica - Fios e Cabos;2567OBR.N;20/09/2024; 1,57 ; 348,32 ; 546,77 ;Código 42;Fornecedor 42;Geral;202OBR.P;-
OBR;01120102102OBR;4921;Cabo flexivel PVC 750V vermelho 2,5 mm²;M;Elétrica - Fios e Cabos;3509OBR.N;11/03/2025; 1,28 ; 35,44 ; 45,48 ;Código 42;Fornecedor 42;Geral;364OBR.P;-
OBR;01120102102OBR;4921;Cabo flexivel PVC 750V vermelho 2,5 mm²;M;Elétrica - Fios e Cabos;2567OBR.N;20/09/2024; 1,57 ; 15,85 ; 24,89 ;Código 42;Fornecedor 42;Geral;202OBR.P;-
OBR;01120102102OBR;4921;Cabo flexivel PVC 750V vermelho 2,5 mm²;M;Elétrica - Fios e Cabos;2567OBR.N;20/09/2024; 1,57 ; 11,10 ; 17,42 ;Código 42;Fornecedor 42;Geral;202OBR.P;-
OBR;01120102103OBR;4901;Cabo flexivel PVC 750V verde 2,5 mm²;M;Elétrica - Fios e Cabos;3509OBR.N;11/03/2025; 1,28 ; 11,69 ; 15,00 ;Código 42;Fornecedor 42;Geral;364OBR.P;-
OBR;01120102103OBR;4901;Cabo flexivel PVC 750V verde 2,5 mm²;M;Elétrica - Fios e Cabos;2567OBR.N;20/09/2024; 1,57 ; 287,60 ; 451,46 ;Código 42;Fornecedor 42;Geral;202OBR.P;-
OBR;01120102104OBR;4878;Cabo flexivel PVC 750V preto 1,5 mm²;M;Elétrica - Fios e Cabos;3509OBR.N;11/03/2025; 1,28 ; 4,40 ; 5,64 ;Código 42;Fornecedor 42;Geral;364OBR.P;-
OBR;01120102104OBR;4878;Cabo flexivel PVC 750V preto 1,5 mm²;M;Elétrica - Fios e Cabos;2567OBR.N;20/09/2024; 0,98 ; 421,19 ; 411,81 ;Código 42;Fornecedor 42;Geral;202OBR.P;-
OBR;01120102105OBR;4842;Cabo flexivel PVC 750V azul 1,5 mm²;M;Elétrica - Fios e Cabos;3509OBR.N;11/03/2025; 1,28 ; 173,91 ; 223,22 ;Código 42;Fornecedor 42;Geral;364OBR.P;-
OBR;01120102105OBR;4842;Cabo flexivel PVC 750V azul 1,5 mm²;M;Elétrica - Fios e Cabos;2567OBR.N;20/09/2024; 0,98 ; 254,20 ; 248,54 ;Código 42;Fornecedor 42;Geral;202OBR.P;-
OBR;01120102106OBR;4836;Cabo flexivel PVC 750V amarelo 1,5 mm²;M;Elétrica - Fios e Cabos;3509OBR.N;11/03/2025; 1,28 ; 22,60 ; 29,01 ;Código 42;Fornecedor 42;Geral;364OBR.P;-
OBR;01120102106OBR;4836;Cabo flexivel PVC 750V amarelo 1,5 mm²;M;Elétrica - Fios e Cabos;3509OBR.N;11/03/2025; 1,28 ; 182,31 ; 234,00 ;Código 42;Fornecedor 42;Geral;364OBR.P;-
OBR;01120102106OBR;4836;Cabo flexivel PVC 750V amarelo 1,5 mm²;M;Elétrica - Fios e Cabos;2567OBR.N;20/09/2024; 0,98 ; 590,19 ; 577,05 ;Código 42;Fornecedor 42;Geral;202OBR.P;-
OBR;01120102107OBR;4848;Cabo flexivel PVC 750V azul 2,5 mm²;M;Elétrica - Fios e Cabos;3509OBR.N;11/03/2025; 1,28 ; 16,34 ; 20,97 ;Código 42;Fornecedor 42;Geral;364OBR.P;-
OBR;01120102107OBR;4848;Cabo flexivel PVC 750V azul 2,5 mm²;M;Elétrica - Fios e Cabos;3509OBR.N;11/03/2025; 1,28 ; 5,02 ; 6,44 ;Código 42;Fornecedor 42;Geral;364OBR.P;-
OBR;01120102107OBR;4848;Cabo flexivel PVC 750V azul 2,5 mm²;M;Elétrica - Fios e Cabos;2567OBR.N;20/09/2024; 1,57 ; 301,54 ; 473,35 ;Código 42;Fornecedor 42;Geral;202OBR.P;-
OBR;01120102108OBR;4889;Cabo flexivel PVC 750V preto 4,0 mm²;M;Elétrica - Fios e Cabos;3509OBR.N;11/03/2025; 2,07 ; 240,28 ; 496,74 ;Código 42;Fornecedor 42;Geral;364OBR.P;-
OBR;01120102108OBR;4889;Cabo flexivel PVC 750V preto 4,0 mm²;M;Elétrica - Fios e Cabos;3509OBR.N;11/03/2025; 2,07 ; 198,73 ; 410,84 ;Código 42;Fornecedor 42;Geral;364OBR.P;-
OBR;01120102108OBR;4889;Cabo flexivel PVC 750V preto 4,0 mm²;M;Elétrica - Fios e Cabos;2567OBR.N;20/09/2024; 2,46 ; 354,69 ; 871,75 ;Código 42;Fornecedor 42;Geral;202OBR.P;-
OBR;01120102109OBR;4851;Cabo flexivel PVC 750V azul 4,0 mm²;M;Elétrica - Fios e Cabos;3509OBR.N;11/03/2025; 2,07 ; 157,79 ; 326,21 ;Código 42;Fornecedor 42;Geral;364OBR.P;-
OBR;01120102109OBR;4851;Cabo flexivel PVC 750V azul 4,0 mm²;M;Elétrica - Fios e Cabos;3509OBR.N;11/03/2025; 1,28 ; 173,78 ; 223,05 ;Código 42;Fornecedor 42;Geral;364OBR.P;-
OBR;01120102109OBR;4851;Cabo flexivel PVC 750V azul 4,0 mm²;M;Elétrica - Fios e Cabos;3509OBR.N;11/03/2025; 2,07 ; 80,41 ; 166,24 ;Código 42;Fornecedor 42;Geral;364OBR.P;-
OBR;01120102109OBR;4851;Cabo flexivel PVC 750V azul 4,0 mm²;M;Elétrica - Fios e Cabos;2567OBR.N;20/09/2024; 2,46 ; 223,37 ; 549,00 ;Código 42;Fornecedor 42;Geral;202OBR.P;-
OBR;01120102110OBR;4904;Cabo flexivel PVC 750V verde 4,0 mm²;M;Elétrica - Fios e Cabos;3509OBR.N;11/03/2025; 4,89 ; 51,46 ; 251,79 ;Código 42;Fornecedor 42;Geral;364OBR.P;-
OBR;01120102110OBR;4904;Cabo flexivel PVC 750V verde 4,0 mm²;M;Elétrica - Fios e Cabos;3509OBR.N;11/03/2025; 2,07 ; 85,32 ; 176,39 ;Código 42;Fornecedor 42;Geral;364OBR.P;-
OBR;01120102110OBR;4904;Cabo flexivel PVC 750V verde 4,0 mm²;M;Elétrica - Fios e Cabos;2567OBR.N;20/09/2024; 2,46 ; 257,30 ; 632,37 ;Código 42;Fornecedor 42;Geral;202OBR.P;-
OBR;01120102111OBR;4892;Cabo flexivel PVC 750V preto 6,0 mm²;M;Elétrica - Fios e Cabos;2567OBR.N;20/09/2024; 3,73 ; 127,53 ; 475,88 ;Código 42;Fornecedor 42;Geral;202OBR.P;-
OBR;01120102111OBR;4892;Cabo flexivel PVC 750V preto 6,0 mm²;M;Elétrica - Fios e Cabos;2567OBR.N;20/09/2024; 9,39 ; 63,77 ; 598,89 ;Código 42;Fornecedor 42;Geral;202OBR.P;-
OBR;01120102111OBR;4892;Cabo flexivel PVC 750V preto 6,0 mm²;M;Elétrica - Fios e Cabos;2567OBR.N;20/09/2024; 6,21 ; 63,77 ; 395,83 ;Código 42;Fornecedor 42;Geral;202OBR.P;-
OBR;01120102111OBR;4892;Cabo flexivel PVC 750V preto 6,0 mm²;M;Elétrica - Fios e Cabos;2567OBR.N;20/09/2024; 9,39 ; 63,77 ; 598,89 ;Código 42;Fornecedor 42;Geral;202OBR.P;-
OBR;01120102111OBR;4892;Cabo flexivel PVC 750V preto 6,0 mm²;M;Elétrica - Fios e Cabos;2567OBR.N;20/09/2024; 6,21 ; 63,77 ; 395,83 ;Código 42;Fornecedor 42;Geral;202OBR.P;-
OBR;01120102111OBR;4892;Cabo flexivel PVC 750V preto 6,0 mm²;M;Elétrica - Fios e Cabos;2567OBR.N;20/09/2024; 9,39 ; 63,77 ; 598,89 ;Código 42;Fornecedor 42;Geral;202OBR.P;-
OBR;01120102111OBR;4892;Cabo flexivel PVC 750V preto 6,0 mm²;M;Elétrica - Fios e Cabos;2567OBR.N;20/09/2024; 6,21 ; 63,77 ; 395,83 ;Código 42;Fornecedor 42;Geral;202OBR.P;-
OBR;01120102111OBR;4892;Cabo flexivel PVC 750V preto 6,0 mm²;M;Elétrica - Fios e Cabos;2567OBR.N;20/09/2024; 6,21 ; 63,77 ; 395,83 ;Código 42;Fornecedor 42;Geral;202OBR.P;-
OBR;01120102111OBR;4892;Cabo flexivel PVC 750V preto 6,0 mm²;M;Elétrica - Fios e Cabos;2567OBR.N;20/09/2024; 9,39 ; 51,01 ; 479,11 ;Código 42;Fornecedor 42;Geral;202OBR.P;-
OBR;01120102111OBR;4892;Cabo flexivel PVC 750V preto 6,0 mm²;M;Elétrica - Fios e Cabos;2567OBR.N;20/09/2024; 6,21 ; 63,77 ; 395,83 ;Código 42;Fornecedor 42;Geral;202OBR.P;-
OBR;01120102112OBR;4906;Cabo flexivel PVC 750V verde 6,0 mm²;M;Elétrica - Fios e Cabos;2567OBR.N;20/09/2024; 3,73 ; 134,57 ; 502,13 ;Código 42;Fornecedor 42;Geral;202OBR.P;-
OBR;01120102113OBR;4924;Cabo flexivel PVC 750V vermelho 4,0 mm²;M;Elétrica - Fios e Cabos;2567OBR.N;20/09/2024; 1,57 ; 148,90 ; 233,73 ;Código 42;Fornecedor 42;Geral;202OBR.P;-
OBR;01120102114OBR;4926;Cabo flexivel PVC 750V vermelho 6,0 mm²;M;Elétrica - Fios e Cabos;2567OBR.N;20/09/2024; 3,73 ; 123,19 ; 459,68 ;Código 42;Fornecedor 42;Geral;202OBR.P;-
OBR;01120102201OBR;4886;Cabo flexivel PVC 750V preto 2,5 mm²;M;Elétrica - Fios e Cabos;3509OBR.N;11/03/2025; 1,28 ; 10,53 ; 13,52 ;Código 42;Fornecedor 42;Geral;364OBR.P;-
OBR;01120102201OBR;4886;Cabo flexivel PVC 750V preto 2,5 mm²;M;Elétrica - Fios e Cabos;3509OBR.N;11/03/2025; 1,28 ; 12,31 ; 15,80 ;Código 42;Fornecedor 42;Geral;364OBR.P;-
OBR;01120102201OBR;4886;Cabo flexivel PVC 750V preto 2,5 mm²;M;Elétrica - Fios e Cabos;2567OBR.N;20/09/2024; 1,57 ; 224,98 ; 353,16 ;Código 42;Fornecedor 42;Geral;202OBR.P;-
OBR;01120102202OBR;4921;Cabo flexivel PVC 750V vermelho 2,5 mm²;M;Elétrica - Fios e Cabos;3509OBR.N;11/03/2025; 1,28 ; 15,87 ; 20,37 ;Código 42;Fornecedor 42;Geral;364OBR.P;-
OBR;01120102202OBR;4921;Cabo flexivel PVC 750V vermelho 2,5 mm²;M;Elétrica - Fios e Cabos;2567OBR.N;20/09/2024; 1,57 ; 7,10 ; 11,15 ;Código 42;Fornecedor 42;Geral;202OBR.P;-
OBR;01120102202OBR;4921;Cabo flexivel PVC 750V vermelho 2,5 mm²;M;Elétrica - Fios e Cabos;2567OBR.N;20/09/2024; 1,57 ; 4,97 ; 7,80 ;Código 42;Fornecedor 42;Geral;202OBR.P;-
OBR;01120102203OBR;4901;Cabo flexivel PVC 750V verde 2,5 mm²;M;Elétrica - Fios e Cabos;3509OBR.N;11/03/2025; 1,28 ; 7,88 ; 10,11 ;Código 42;Fornecedor 42;Geral;364OBR.P;-
OBR;01120102203OBR;4901;Cabo flexivel PVC 750V verde 2,5 mm²;M;Elétrica - Fios e Cabos;2567OBR.N;20/09/2024; 1,57 ; 193,80 ; 304,22 ;Código 42;Fornecedor 42;Geral;202OBR.P;-
OBR;01120102204OBR;4878;Cabo flexivel PVC 750V preto 1,5 mm²;M;Elétrica - Fios e Cabos;3509OBR.N;11/03/2025; 1,28 ; 3,66 ; 4,69 ;Código 42;Fornecedor 42;Geral;364OBR.P;-
OBR;01120102204OBR;4878;Cabo flexivel PVC 750V preto 1,5 mm²;M;Elétrica - Fios e Cabos;2567OBR.N;20/09/2024; 0,98 ; 350,24 ; 342,44 ;Código 42;Fornecedor 42;Geral;202OBR.P;-
OBR;01120102205OBR;4842;Cabo flexivel PVC 750V azul 1,5 mm²;M;Elétrica - Fios e Cabos;3509OBR.N;11/03/2025; 1,28 ; 95,34 ; 122,37 ;Código 42;Fornecedor 42;Geral;364OBR.P;-
OBR;01120102205OBR;4842;Cabo flexivel PVC 750V azul 1,5 mm²;M;Elétrica - Fios e Cabos;2567OBR.N;20/09/2024; 0,98 ; 139,36 ; 136,25 ;Código 42;Fornecedor 42;Geral;202OBR.P;-
OBR;01120102206OBR;4836;Cabo flexivel PVC 750V amarelo 1,5 mm²;M;Elétrica - Fios e Cabos;3509OBR.N;11/03/2025; 1,28 ; 20,77 ; 26,66 ;Código 42;Fornecedor 42;Geral;364OBR.P;-
OBR;01120102206OBR;4836;Cabo flexivel PVC 750V amarelo 1,5 mm²;M;Elétrica - Fios e Cabos;3509OBR.N;11/03/2025; 1,28 ; 167,53 ; 215,02 ;Código 42;Fornecedor 42;Geral;364OBR.P;-
OBR;01120102206OBR;4836;Cabo flexivel PVC 750V amarelo 1,5 mm²;M;Elétrica - Fios e Cabos;2567OBR.N;20/09/2024; 0,98 ; 542,34 ; 530,26 ;Código 42;Fornecedor 42;Geral;202OBR.P;-
OBR;01120102207OBR;4848;Cabo flexivel PVC 750V azul 2,5 mm²;M;Elétrica - Fios e Cabos;3509OBR.N;11/03/2025; 1,28 ; 11,02 ; 14,14 ;Código 42;Fornecedor 42;Geral;364OBR.P;-
OBR;01120102207OBR;4848;Cabo flexivel PVC 750V azul 2,5 mm²;M;Elétrica - Fios e Cabos;3509OBR.N;11/03/2025; 1,28 ; 3,38 ; 4,34 ;Código 42;Fornecedor 42;Geral;364OBR.P;-
OBR;01120102207OBR;4848;Cabo flexivel PVC 750V azul 2,5 mm²;M;Elétrica - Fios e Cabos;2567OBR.N;20/09/2024; 1,57 ; 203,40 ; 319,28 ;Código 42;Fornecedor 42;Geral;202OBR.P;-
OBR;01120102208OBR;4889;Cabo flexivel PVC 750V preto 4,0 mm²;M;Elétrica - Fios e Cabos;3509OBR.N;11/03/2025; 2,07 ; 260,81 ; 539,18 ;Código 42;Fornecedor 42;Geral;364OBR.P;-
OBR;01120102208OBR;4889;Cabo flexivel PVC 750V preto 4,0 mm²;M;Elétrica - Fios e Cabos;3509OBR.N;11/03/2025; 2,07 ; 215,71 ; 445,95 ;Código 42;Fornecedor 42;Geral;364OBR.P;-
OBR;01120102208OBR;4889;Cabo flexivel PVC 750V preto 4,0 mm²;M;Elétrica - Fios e Cabos;2567OBR.N;20/09/2024; 2,46 ; 385,00 ; 946,24 ;Código 42;Fornecedor 42;Geral;202OBR.P;-
OBR;01120102209OBR;4851;Cabo flexivel PVC 750V azul 4,0 mm²;M;Elétrica - Fios e Cabos;3509OBR.N;11/03/2025; 2,07 ; 191,57 ; 396,04 ;Código 42;Fornecedor 42;Geral;364OBR.P;-
OBR;01120102209OBR;4851;Cabo flexivel PVC 750V azul 4,0 mm²;M;Elétrica - Fios e Cabos;3509OBR.N;11/03/2025; 1,28 ; 210,99 ; 270,80 ;Código 42;Fornecedor 42;Geral;364OBR.P;-
OBR;01120102209OBR;4851;Cabo flexivel PVC 750V azul 4,0 mm²;M;Elétrica - Fios e Cabos;3509OBR.N;11/03/2025; 2,07 ; 97,63 ; 201,83 ;Código 42;Fornecedor 42;Geral;364OBR.P;-
OBR;01120102209OBR;4851;Cabo flexivel PVC 750V azul 4,0 mm²;M;Elétrica - Fios e Cabos;2567OBR.N;20/09/2024; 2,46 ; 271,19 ; 666,53 ;Código 42;Fornecedor 42;Geral;202OBR.P;-
OBR;01120102210OBR;4904;Cabo flexivel PVC 750V verde 4,0 mm²;M;Elétrica - Fios e Cabos;3509OBR.N;11/03/2025; 4,89 ; 54,99 ; 269,07 ;Código 42;Fornecedor 42;Geral;364OBR.P;-
OBR;01120102210OBR;4904;Cabo flexivel PVC 750V verde 4,0 mm²;M;Elétrica - Fios e Cabos;3509OBR.N;11/03/2025; 2,07 ; 91,17 ; 188,49 ;Código 42;Fornecedor 42;Geral;364OBR.P;-
OBR;01120102210OBR;4904;Cabo flexivel PVC 750V verde 4,0 mm²;M;Elétrica - Fios e Cabos;2567OBR.N;20/09/2024; 2,46 ; 274,95 ; 675,76 ;Código 42;Fornecedor 42;Geral;202OBR.P;-
OBR;01120102211OBR;4892;Cabo flexivel PVC 750V preto 6,0 mm²;M;Elétrica - Fios e Cabos;2567OBR.N;20/09/2024; 3,73 ; 116,28 ; 433,91 ;Código 42;Fornecedor 42;Geral;202OBR.P;-
OBR;01120102211OBR;4892;Cabo flexivel PVC 750V preto 6,0 mm²;M;Elétrica - Fios e Cabos;2567OBR.N;20/09/2024; 9,39 ; 58,14 ; 546,04 ;Código 42;Fornecedor 42;Geral;202OBR.P;-
OBR;01120102211OBR;4892;Cabo flexivel PVC 750V preto 6,0 mm²;M;Elétrica - Fios e Cabos;2567OBR.N;20/09/2024; 6,21 ; 58,14 ; 360,90 ;Código 42;Fornecedor 42;Geral;202OBR.P;-
OBR;01120102211OBR;4892;Cabo flexivel PVC 750V preto 6,0 mm²;M;Elétrica - Fios e Cabos;2567OBR.N;20/09/2024; 9,39 ; 58,14 ; 546,04 ;Código 42;Fornecedor 42;Geral;202OBR.P;-
OBR;01120102211OBR;4892;Cabo flexivel PVC 750V preto 6,0 mm²;M;Elétrica - Fios e Cabos;2567OBR.N;20/09/2024; 6,21 ; 58,14 ; 360,90 ;Código 42;Fornecedor 42;Geral;202OBR.P;-
OBR;01120102211OBR;4892;Cabo flexivel PVC 750V preto 6,0 mm²;M;Elétrica - Fios e Cabos;2567OBR.N;20/09/2024; 9,39 ; 58,14 ; 546,04 ;Código 42;Fornecedor 42;Geral;202OBR.P;-
OBR;01120102211OBR;4892;Cabo flexivel PVC 750V preto 6,0 mm²;M;Elétrica - Fios e Cabos;2567OBR.N;20/09/2024; 6,21 ; 58,14 ; 360,90 ;Código 42;Fornecedor 42;Geral;202OBR.P;-
OBR;01120102211OBR;4892;Cabo flexivel PVC 750V preto 6,0 mm²;M;Elétrica - Fios e Cabos;2567OBR.N;20/09/2024; 6,21 ; 58,14 ; 360,90 ;Código 42;Fornecedor 42;Geral;202OBR.P;-
OBR;01120102211OBR;4892;Cabo flexivel PVC 750V preto 6,0 mm²;M;Elétrica - Fios e Cabos;2567OBR.N;20/09/2024; 9,39 ; 46,51 ; 436,84 ;Código 42;Fornecedor 42;Geral;202OBR.P;-
OBR;01120102211OBR;4892;Cabo flexivel PVC 750V preto 6,0 mm²;M;Elétrica - Fios e Cabos;2567OBR.N;20/09/2024; 6,21 ; 58,14 ; 360,90 ;Código 42;Fornecedor 42;Geral;202OBR.P;-
OBR;01120102212OBR;4906;Cabo flexivel PVC 750V verde 6,0 mm²;M;Elétrica - Fios e Cabos;2567OBR.N;20/09/2024; 3,73 ; 113,50 ; 423,53 ;Código 42;Fornecedor 42;Geral;202OBR.P;-
OBR;01120102213OBR;4924;Cabo flexivel PVC 750V vermelho 4,0 mm²;M;Elétrica - Fios e Cabos;2567OBR.N;20/09/2024; 1,57 ; 115,51 ; 181,32 ;Código 42;Fornecedor 42;Geral;202OBR.P;-
OBR;01120102214OBR;4926;Cabo flexivel PVC 750V vermelho 6,0 mm²;M;Elétrica - Fios e Cabos;2567OBR.N;20/09/2024; 3,73 ; 112,32 ; 419,12 ;Código 42;Fornecedor 42;Geral;202OBR.P;-
OBR;01120102215OBR;4895;Cabo flexivel PVC 750V verde 1,5 mm²;M;Elétrica - Fios e Cabos;2567OBR.N;20/09/2024; 0,98 ; 45,72 ; 44,70 ;Código 42;Fornecedor 42;Geral;202OBR.P;-
OBR;01120102301OBR;4886;Cabo flexivel PVC 750V preto 2,5 mm²;M;Elétrica - Fios e Cabos;3509OBR.N;11/03/2025; 1,28 ; 10,53 ; 13,52 ;Código 42;Fornecedor 42;Geral;364OBR.P;-
OBR;01120102301OBR;4886;Cabo flexivel PVC 750V preto 2,5 mm²;M;Elétrica - Fios e Cabos;3509OBR.N;11/03/2025; 1,28 ; 12,31 ; 15,80 ;Código 42;Fornecedor 42;Geral;364OBR.P;-
OBR;01120102301OBR;4886;Cabo flexivel PVC 750V preto 2,5 mm²;M;Elétrica - Fios e Cabos;2567OBR.N;20/09/2024; 1,57 ; 224,98 ; 353,16 ;Código 42;Fornecedor 42;Geral;202OBR.P;-
OBR;01120102302OBR;4921;Cabo flexivel PVC 750V vermelho 2,5 mm²;M;Elétrica - Fios e Cabos;3509OBR.N;11/03/2025; 1,28 ; 15,87 ; 20,37 ;Código 42;Fornecedor 42;Geral;364OBR.P;-
OBR;01120102302OBR;4921;Cabo flexivel PVC 750V vermelho 2,5 mm²;M;Elétrica - Fios e Cabos;2567OBR.N;20/09/2024; 1,57 ; 7,10 ; 11,15 ;Código 42;Fornecedor 42;Geral;202OBR.P;-
OBR;01120102302OBR;4921;Cabo flexivel PVC 750V vermelho 2,5 mm²;M;Elétrica - Fios e Cabos;2567OBR.N;20/09/2024; 1,57 ; 4,97 ; 7,80 ;Código 42;Fornecedor 42;Geral;202OBR.P;-
OBR;01120102303OBR;4901;Cabo flexivel PVC 750V verde 2,5 mm²;M;Elétrica - Fios e Cabos;3509OBR.N;11/03/2025; 1,28 ; 7,88 ; 10,11 ;Código 42;Fornecedor 42;Geral;364OBR.P;-
OBR;01120102303OBR;4901;Cabo flexivel PVC 750V verde 2,5 mm²;M;Elétrica - Fios e Cabos;2567OBR.N;20/09/2024; 1,57 ; 193,80 ; 304,22 ;Código 42;Fornecedor 42;Geral;202OBR.P;-
OBR;01120102304OBR;4878;Cabo flexivel PVC 750V preto 1,5 mm²;M;Elétrica - Fios e Cabos;3509OBR.N;11/03/2025; 1,28 ; 3,66 ; 4,69 ;Código 42;Fornecedor 42;Geral;364OBR.P;-
OBR;01120102304OBR;4878;Cabo flexivel PVC 750V preto 1,5 mm²;M;Elétrica - Fios e Cabos;2567OBR.N;20/09/2024; 0,98 ; 350,24 ; 342,44 ;Código 42;Fornecedor 42;Geral;202OBR.P;-
OBR;01120102305OBR;4842;Cabo flexivel PVC 750V azul 1,5 mm²;M;Elétrica - Fios e Cabos;3509OBR.N;11/03/2025; 1,28 ; 19,30 ; 24,77 ;Código 42;Fornecedor 42;Geral;364OBR.P;-
OBR;01120102305OBR;4842;Cabo flexivel PVC 750V azul 1,5 mm²;M;Elétrica - Fios e Cabos;3509OBR.N;11/03/2025; 1,28 ; 75,75 ; 97,22 ;Código 42;Fornecedor 42;Geral;364OBR.P;-
OBR;01120102305OBR;4842;Cabo flexivel PVC 750V azul 1,5 mm²;M;Elétrica - Fios e Cabos;2567OBR.N;20/09/2024; 0,98 ; 139,36 ; 136,25 ;Código 42;Fornecedor 42;Geral;202OBR.P;-
OBR;01120102306OBR;4836;Cabo flexivel PVC 750V amarelo 1,5 mm²;M;Elétrica - Fios e Cabos;3509OBR.N;11/03/2025; 1,28 ; 20,77 ; 26,66 ;Código 42;Fornecedor 42;Geral;364OBR.P;-
OBR;01120102306OBR;4836;Cabo flexivel PVC 750V amarelo 1,5 mm²;M;Elétrica - Fios e Cabos;3509OBR.N;11/03/2025; 1,28 ; 167,53 ; 215,02 ;Código 42;Fornecedor 42;Geral;364OBR.P;-
OBR;01120102306OBR;4836;Cabo flexivel PVC 750V amarelo 1,5 mm²;M;Elétrica - Fios e Cabos;2567OBR.N;20/09/2024; 0,98 ; 542,34 ; 530,26 ;Código 42;Fornecedor 42;Geral;202OBR.P;-
OBR;01120102307OBR;4848;Cabo flexivel PVC 750V azul 2,5 mm²;M;Elétrica - Fios e Cabos;3509OBR.N;11/03/2025; 1,28 ; 11,02 ; 14,14 ;Código 42;Fornecedor 42;Geral;364OBR.P;-
OBR;01120102307OBR;4848;Cabo flexivel PVC 750V azul 2,5 mm²;M;Elétrica - Fios e Cabos;3509OBR.N;11/03/2025; 1,28 ; 3,38 ; 4,34 ;Código 42;Fornecedor 42;Geral;364OBR.P;-
OBR;01120102307OBR;4848;Cabo flexivel PVC 750V azul 2,5 mm²;M;Elétrica - Fios e Cabos;2567OBR.N;20/09/2024; 1,57 ; 203,40 ; 319,28 ;Código 42;Fornecedor 42;Geral;202OBR.P;-
OBR;01120102308OBR;4889;Cabo flexivel PVC 750V preto 4,0 mm²;M;Elétrica - Fios e Cabos;3509OBR.N;11/03/2025; 2,07 ; 260,81 ; 539,18 ;Código 42;Fornecedor 42;Geral;364OBR.P;-
OBR;01120102308OBR;4889;Cabo flexivel PVC 750V preto 4,0 mm²;M;Elétrica - Fios e Cabos;3509OBR.N;11/03/2025; 2,07 ; 215,71 ; 445,95 ;Código 42;Fornecedor 42;Geral;364OBR.P;-
OBR;01120102308OBR;4889;Cabo flexivel PVC 750V preto 4,0 mm²;M;Elétrica - Fios e Cabos;2567OBR.N;20/09/2024; 2,46 ; 385,00 ; 946,24 ;Código 42;Fornecedor 42;Geral;202OBR.P;-
OBR;01120102309OBR;4851;Cabo flexivel PVC 750V azul 4,0 mm²;M;Elétrica - Fios e Cabos;3509OBR.N;11/03/2025; 2,07 ; 191,57 ; 396,04 ;Código 42;Fornecedor 42;Geral;364OBR.P;-
OBR;01120102309OBR;4851;Cabo flexivel PVC 750V azul 4,0 mm²;M;Elétrica - Fios e Cabos;3509OBR.N;11/03/2025; 1,28 ; 210,99 ; 270,80 ;Código 42;Fornecedor 42;Geral;364OBR.P;-
OBR;01120102309OBR;4851;Cabo flexivel PVC 750V azul 4,0 mm²;M;Elétrica - Fios e Cabos;3509OBR.N;11/03/2025; 2,07 ; 97,63 ; 201,83 ;Código 42;Fornecedor 42;Geral;364OBR.P;-
OBR;01120102309OBR;4851;Cabo flexivel PVC 750V azul 4,0 mm²;M;Elétrica - Fios e Cabos;2567OBR.N;20/09/2024; 2,46 ; 271,19 ; 666,53 ;Código 42;Fornecedor 42;Geral;202OBR.P;-
OBR;01120102310OBR;4904;Cabo flexivel PVC 750V verde 4,0 mm²;M;Elétrica - Fios e Cabos;3509OBR.N;11/03/2025; 4,89 ; 54,99 ; 269,07 ;Código 42;Fornecedor 42;Geral;364OBR.P;-
OBR;01120102310OBR;4904;Cabo flexivel PVC 750V verde 4,0 mm²;M;Elétrica - Fios e Cabos;3509OBR.N;11/03/2025; 2,07 ; 91,17 ; 188,49 ;Código 42;Fornecedor 42;Geral;364OBR.P;-
OBR;01120102310OBR;4904;Cabo flexivel PVC 750V verde 4,0 mm²;M;Elétrica - Fios e Cabos;2567OBR.N;20/09/2024; 2,46 ; 274,95 ; 675,76 ;Código 42;Fornecedor 42;Geral;202OBR.P;-
OBR;01120102311OBR;4892;Cabo flexivel PVC 750V preto 6,0 mm²;M;Elétrica - Fios e Cabos;2567OBR.N;20/09/2024; 3,73 ; 116,28 ; 433,91 ;Código 42;Fornecedor 42;Geral;202OBR.P;-
OBR;01120102311OBR;4892;Cabo flexivel PVC 750V preto 6,0 mm²;M;Elétrica - Fios e Cabos;2567OBR.N;20/09/2024; 9,39 ; 58,14 ; 546,04 ;Código 42;Fornecedor 42;Geral;202OBR.P;-
OBR;01120102311OBR;4892;Cabo flexivel PVC 750V preto 6,0 mm²;M;Elétrica - Fios e Cabos;2567OBR.N;20/09/2024; 6,21 ; 58,14 ; 360,90 ;Código 42;Fornecedor 42;Geral;202OBR.P;-
OBR;01120102311OBR;4892;Cabo flexivel PVC 750V preto 6,0 mm²;M;Elétrica - Fios e Cabos;2567OBR.N;20/09/2024; 9,39 ; 58,14 ; 546,04 ;Código 42;Fornecedor 42;Geral;202OBR.P;-
OBR;01120102311OBR;4892;Cabo flexivel PVC 750V preto 6,0 mm²;M;Elétrica - Fios e Cabos;2567OBR.N;20/09/2024; 6,21 ; 58,14 ; 360,90 ;Código 42;Fornecedor 42;Geral;202OBR.P;-
OBR;01120102311OBR;4892;Cabo flexivel PVC 750V preto 6,0 mm²;M;Elétrica - Fios e Cabos;2567OBR.N;20/09/2024; 9,39 ; 58,14 ; 546,04 ;Código 42;Fornecedor 42;Geral;202OBR.P;-
OBR;01120102311OBR;4892;Cabo flexivel PVC 750V preto 6,0 mm²;M;Elétrica - Fios e Cabos;2567OBR.N;20/09/2024; 6,21 ; 58,14 ; 360,90 ;Código 42;Fornecedor 42;Geral;202OBR.P;-
OBR;01120102311OBR;4892;Cabo flexivel PVC 750V preto 6,0 mm²;M;Elétrica - Fios e Cabos;2567OBR.N;20/09/2024; 6,21 ; 58,14 ; 360,90 ;Código 42;Fornecedor 42;Geral;202OBR.P;-
OBR;01120102311OBR;4892;Cabo flexivel PVC 750V preto 6,0 mm²;M;Elétrica - Fios e Cabos;2567OBR.N;20/09/2024; 9,39 ; 46,51 ; 436,84 ;Código 42;Fornecedor 42;Geral;202OBR.P;-
OBR;01120102311OBR;4892;Cabo flexivel PVC 750V preto 6,0 mm²;M;Elétrica - Fios e Cabos;2567OBR.N;20/09/2024; 6,21 ; 58,14 ; 360,90 ;Código 42;Fornecedor 42;Geral;202OBR.P;-
OBR;01120102312OBR;4906;Cabo flexivel PVC 750V verde 6,0 mm²;M;Elétrica - Fios e Cabos;2567OBR.N;20/09/2024; 3,73 ; 113,50 ; 423,53 ;Código 42;Fornecedor 42;Geral;202OBR.P;-
OBR;01120102313OBR;4924;Cabo flexivel PVC 750V vermelho 4,0 mm²;M;Elétrica - Fios e Cabos;2567OBR.N;20/09/2024; 1,57 ; 115,51 ; 181,32 ;Código 42;Fornecedor 42;Geral;202OBR.P;-
OBR;01120102314OBR;4926;Cabo flexivel PVC 750V vermelho 6,0 mm²;M;Elétrica - Fios e Cabos;2567OBR.N;20/09/2024; 3,73 ; 112,32 ; 419,12 ;Código 42;Fornecedor 42;Geral;202OBR.P;-
OBR;01120102315OBR;4895;Cabo flexivel PVC 750V verde 1,5 mm²;M;Elétrica - Fios e Cabos;2567OBR.N;20/09/2024; 0,98 ; 45,73 ; 44,71 ;Código 42;Fornecedor 42;Geral;202OBR.P;-
OBR;01120102401OBR;4886;Cabo flexivel PVC 750V preto 2,5 mm²;M;Elétrica - Fios e Cabos;3509OBR.N;11/03/2025; 1,28 ; 10,53 ; 13,52 ;Código 42;Fornecedor 42;Geral;364OBR.P;-
OBR;01120102401OBR;4886;Cabo flexivel PVC 750V preto 2,5 mm²;M;Elétrica - Fios e Cabos;3509OBR.N;11/03/2025; 1,28 ; 12,31 ; 15,80 ;Código 42;Fornecedor 42;Geral;364OBR.P;-
OBR;01120102401OBR;4886;Cabo flexivel PVC 750V preto 2,5 mm²;M;Elétrica - Fios e Cabos;2567OBR.N;20/09/2024; 1,57 ; 224,98 ; 353,16 ;Código 42;Fornecedor 42;Geral;202OBR.P;-
OBR;01120102402OBR;4921;Cabo flexivel PVC 750V vermelho 2,5 mm²;M;Elétrica - Fios e Cabos;3509OBR.N;11/03/2025; 1,28 ; 15,87 ; 20,37 ;Código 42;Fornecedor 42;Geral;364OBR.P;-
OBR;01120102402OBR;4921;Cabo flexivel PVC 750V vermelho 2,5 mm²;M;Elétrica - Fios e Cabos;2567OBR.N;20/09/2024; 1,57 ; 7,10 ; 11,15 ;Código 42;Fornecedor 42;Geral;202OBR.P;-
OBR;01120102402OBR;4921;Cabo flexivel PVC 750V vermelho 2,5 mm²;M;Elétrica - Fios e Cabos;2567OBR.N;20/09/2024; 1,57 ; 4,97 ; 7,80 ;Código 42;Fornecedor 42;Geral;202OBR.P;-
OBR;01120102403OBR;4901;Cabo flexivel PVC 750V verde 2,5 mm²;M;Elétrica - Fios e Cabos;3509OBR.N;11/03/2025; 1,28 ; 7,88 ; 10,11 ;Código 42;Fornecedor 42;Geral;364OBR.P;-
OBR;01120102403OBR;4901;Cabo flexivel PVC 750V verde 2,5 mm²;M;Elétrica - Fios e Cabos;2567OBR.N;20/09/2024; 1,57 ; 193,80 ; 304,22 ;Código 42;Fornecedor 42;Geral;202OBR.P;-
OBR;01120102404OBR;4878;Cabo flexivel PVC 750V preto 1,5 mm²;M;Elétrica - Fios e Cabos;3509OBR.N;11/03/2025; 1,28 ; 3,66 ; 4,69 ;Código 42;Fornecedor 42;Geral;364OBR.P;-
OBR;01120102404OBR;4878;Cabo flexivel PVC 750V preto 1,5 mm²;M;Elétrica - Fios e Cabos;2567OBR.N;20/09/2024; 0,98 ; 350,24 ; 342,44 ;Código 42;Fornecedor 42;Geral;202OBR.P;-
OBR;01120102405OBR;4842;Cabo flexivel PVC 750V azul 1,5 mm²;M;Elétrica - Fios e Cabos;3509OBR.N;11/03/2025; 1,28 ; 3,20 ; 4,11 ;Código 42;Fornecedor 42;Geral;364OBR.P;-
OBR;01120102405OBR;4842;Cabo flexivel PVC 750V azul 1,5 mm²;M;Elétrica - Fios e Cabos;3509OBR.N;11/03/2025; 1,28 ; 95,34 ; 122,37 ;Código 42;Fornecedor 42;Geral;364OBR.P;-
OBR;01120102405OBR;4842;Cabo flexivel PVC 750V azul 1,5 mm²;M;Elétrica - Fios e Cabos;2567OBR.N;20/09/2024; 0,98 ; 139,36 ; 136,25 ;Código 42;Fornecedor 42;Geral;202OBR.P;-
OBR;01120102406OBR;4836;Cabo flexivel PVC 750V amarelo 1,5 mm²;M;Elétrica - Fios e Cabos;3509OBR.N;11/03/2025; 1,28 ; 20,77 ; 26,66 ;Código 42;Fornecedor 42;Geral;364OBR.P;-
OBR;01120102406OBR;4836;Cabo flexivel PVC 750V amarelo 1,5 mm²;M;Elétrica - Fios e Cabos;3509OBR.N;11/03/2025; 1,28 ; 167,53 ; 215,02 ;Código 42;Fornecedor 42;Geral;364OBR.P;-
OBR;01120102406OBR;4836;Cabo flexivel PVC 750V amarelo 1,5 mm²;M;Elétrica - Fios e Cabos;2567OBR.N;20/09/2024; 0,98 ; 542,34 ; 530,26 ;Código 42;Fornecedor 42;Geral;202OBR.P;-
OBR;01120102407OBR;4848;Cabo flexivel PVC 750V azul 2,5 mm²;M;Elétrica - Fios e Cabos;3509OBR.N;11/03/2025; 1,28 ; 11,02 ; 14,14 ;Código 42;Fornecedor 42;Geral;364OBR.P;-
OBR;01120102407OBR;4848;Cabo flexivel PVC 750V azul 2,5 mm²;M;Elétrica - Fios e Cabos;3509OBR.N;11/03/2025; 1,28 ; 3,38 ; 4,34 ;Código 42;Fornecedor 42;Geral;364OBR.P;-
OBR;01120102407OBR;4848;Cabo flexivel PVC 750V azul 2,5 mm²;M;Elétrica - Fios e Cabos;2567OBR.N;20/09/2024; 1,57 ; 203,40 ; 319,28 ;Código 42;Fornecedor 42;Geral;202OBR.P;-
OBR;01120102408OBR;4889;Cabo flexivel PVC 750V preto 4,0 mm²;M;Elétrica - Fios e Cabos;3509OBR.N;11/03/2025; 2,07 ; 260,81 ; 539,18 ;Código 42;Fornecedor 42;Geral;364OBR.P;-
OBR;01120102408OBR;4889;Cabo flexivel PVC 750V preto 4,0 mm²;M;Elétrica - Fios e Cabos;3509OBR.N;11/03/2025; 2,07 ; 215,71 ; 445,95 ;Código 42;Fornecedor 42;Geral;364OBR.P;-
OBR;01120102408OBR;4889;Cabo flexivel PVC 750V preto 4,0 mm²;M;Elétrica - Fios e Cabos;2567OBR.N;20/09/2024; 2,46 ; 385,00 ; 946,24 ;Código 42;Fornecedor 42;Geral;202OBR.P;-
OBR;01120102409OBR;4851;Cabo flexivel PVC 750V azul 4,0 mm²;M;Elétrica - Fios e Cabos;3509OBR.N;11/03/2025; 2,07 ; 191,57 ; 396,04 ;Código 42;Fornecedor 42;Geral;364OBR.P;-
OBR;01120102409OBR;4851;Cabo flexivel PVC 750V azul 4,0 mm²;M;Elétrica - Fios e Cabos;3509OBR.N;11/03/2025; 1,28 ; 210,99 ; 270,80 ;Código 42;Fornecedor 42;Geral;364OBR.P;-
OBR;01120102409OBR;4851;Cabo flexivel PVC 750V azul 4,0 mm²;M;Elétrica - Fios e Cabos;3509OBR.N;11/03/2025; 2,07 ; 97,63 ; 201,83 ;Código 42;Fornecedor 42;Geral;364OBR.P;-
OBR;01120102409OBR;4851;Cabo flexivel PVC 750V azul 4,0 mm²;M;Elétrica - Fios e Cabos;2567OBR.N;20/09/2024; 2,46 ; 271,19 ; 666,53 ;Código 42;Fornecedor 42;Geral;202OBR.P;-
OBR;01120102410OBR;4904;Cabo flexivel PVC 750V verde 4,0 mm²;M;Elétrica - Fios e Cabos;3509OBR.N;11/03/2025; 4,89 ; 54,99 ; 269,07 ;Código 42;Fornecedor 42;Geral;364OBR.P;-
OBR;01120102410OBR;4904;Cabo flexivel PVC 750V verde 4,0 mm²;M;Elétrica - Fios e Cabos;3509OBR.N;11/03/2025; 2,07 ; 91,17 ; 188,49 ;Código 42;Fornecedor 42;Geral;364OBR.P;-
OBR;01120102410OBR;4904;Cabo flexivel PVC 750V verde 4,0 mm²;M;Elétrica - Fios e Cabos;2567OBR.N;20/09/2024; 2,46 ; 274,95 ; 675,76 ;Código 42;Fornecedor 42;Geral;202OBR.P;-
OBR;01120102411OBR;4892;Cabo flexivel PVC 750V preto 6,0 mm²;M;Elétrica - Fios e Cabos;2567OBR.N;20/09/2024; 3,73 ; 116,28 ; 433,91 ;Código 42;Fornecedor 42;Geral;202OBR.P;-
OBR;01120102411OBR;4892;Cabo flexivel PVC 750V preto 6,0 mm²;M;Elétrica - Fios e Cabos;2567OBR.N;20/09/2024; 9,39 ; 58,14 ; 546,04 ;Código 42;Fornecedor 42;Geral;202OBR.P;-
OBR;01120102411OBR;4892;Cabo flexivel PVC 750V preto 6,0 mm²;M;Elétrica - Fios e Cabos;2567OBR.N;20/09/2024; 6,21 ; 58,14 ; 360,90 ;Código 42;Fornecedor 42;Geral;202OBR.P;-
OBR;01120102411OBR;4892;Cabo flexivel PVC 750V preto 6,0 mm²;M;Elétrica - Fios e Cabos;2567OBR.N;20/09/2024; 9,39 ; 58,14 ; 546,04 ;Código 42;Fornecedor 42;Geral;202OBR.P;-
OBR;01120102411OBR;4892;Cabo flexivel PVC 750V preto 6,0 mm²;M;Elétrica - Fios e Cabos;2567OBR.N;20/09/2024; 6,21 ; 58,14 ; 360,90 ;Código 42;Fornecedor 42;Geral;202OBR.P;-
OBR;01120102411OBR;4892;Cabo flexivel PVC 750V preto 6,0 mm²;M;Elétrica - Fios e Cabos;2567OBR.N;20/09/2024; 9,39 ; 58,14 ; 546,04 ;Código 42;Fornecedor 42;Geral;202OBR.P;-
OBR;01120102411OBR;4892;Cabo flexivel PVC 750V preto 6,0 mm²;M;Elétrica - Fios e Cabos;2567OBR.N;20/09/2024; 6,21 ; 58,14 ; 360,90 ;Código 42;Fornecedor 42;Geral;202OBR.P;-
OBR;01120102411OBR;4892;Cabo flexivel PVC 750V preto 6,0 mm²;M;Elétrica - Fios e Cabos;2567OBR.N;20/09/2024; 6,21 ; 58,14 ; 360,90 ;Código 42;Fornecedor 42;Geral;202OBR.P;-
OBR;01120102411OBR;4892;Cabo flexivel PVC 750V preto 6,0 mm²;M;Elétrica - Fios e Cabos;2567OBR.N;20/09/2024; 9,39 ; 46,51 ; 436,84 ;Código 42;Fornecedor 42;Geral;202OBR.P;-
OBR;01120102411OBR;4892;Cabo flexivel PVC 750V preto 6,0 mm²;M;Elétrica - Fios e Cabos;2567OBR.N;20/09/2024; 6,21 ; 58,14 ; 360,90 ;Código 42;Fornecedor 42;Geral;202OBR.P;-
OBR;01120102412OBR;4906;Cabo flexivel PVC 750V verde 6,0 mm²;M;Elétrica - Fios e Cabos;2567OBR.N;20/09/2024; 3,73 ; 113,50 ; 423,53 ;Código 42;Fornecedor 42;Geral;202OBR.P;-
OBR;01120102413OBR;4924;Cabo flexivel PVC 750V vermelho 4,0 mm²;M;Elétrica - Fios e Cabos;2567OBR.N;20/09/2024; 1,57 ; 115,51 ; 181,32 ;Código 42;Fornecedor 42;Geral;202OBR.P;-
OBR;01120102414OBR;4926;Cabo flexivel PVC 750V vermelho 6,0 mm²;M;Elétrica - Fios e Cabos;2567OBR.N;20/09/2024; 3,73 ; 112,32 ; 419,12 ;Código 42;Fornecedor 42;Geral;202OBR.P;-
OBR;01120102415OBR;4895;Cabo flexivel PVC 750V verde 1,5 mm²;M;Elétrica - Fios e Cabos;2567OBR.N;20/09/2024; 0,98 ; 45,73 ; 44,71 ;Código 42;Fornecedor 42;Geral;202OBR.P;-
OBR;01120102501OBR;4886;Cabo flexivel PVC 750V preto 2,5 mm²;M;Elétrica - Fios e Cabos;3509OBR.N;11/03/2025; 1,28 ; 10,53 ; 13,52 ;Código 42;Fornecedor 42;Geral;364OBR.P;-
OBR;01120102501OBR;4886;Cabo flexivel PVC 750V preto 2,5 mm²;M;Elétrica - Fios e Cabos;3509OBR.N;11/03/2025; 1,28 ; 12,31 ; 15,80 ;Código 42;Fornecedor 42;Geral;364OBR.P;-
OBR;01120102501OBR;4886;Cabo flexivel PVC 750V preto 2,5 mm²;M;Elétrica - Fios e Cabos;2567OBR.N;20/09/2024; 1,57 ; 224,98 ; 353,16 ;Código 42;Fornecedor 42;Geral;202OBR.P;-
OBR;01120102502OBR;4921;Cabo flexivel PVC 750V vermelho 2,5 mm²;M;Elétrica - Fios e Cabos;3509OBR.N;11/03/2025; 1,28 ; 15,87 ; 20,37 ;Código 42;Fornecedor 42;Geral;364OBR.P;-
OBR;01120102502OBR;4921;Cabo flexivel PVC 750V vermelho 2,5 mm²;M;Elétrica - Fios e Cabos;2567OBR.N;20/09/2024; 1,57 ; 7,10 ; 11,15 ;Código 42;Fornecedor 42;Geral;202OBR.P;-
OBR;01120102502OBR;4921;Cabo flexivel PVC 750V vermelho 2,5 mm²;M;Elétrica - Fios e Cabos;2567OBR.N;20/09/2024; 1,57 ; 4,97 ; 7,80 ;Código 42;Fornecedor 42;Geral;202OBR.P;-
OBR;01120102503OBR;4901;Cabo flexivel PVC 750V verde 2,5 mm²;M;Elétrica - Fios e Cabos;3509OBR.N;11/03/2025; 1,28 ; 7,88 ; 10,11 ;Código 42;Fornecedor 42;Geral;364OBR.P;-
OBR;01120102503OBR;4901;Cabo flexivel PVC 750V verde 2,5 mm²;M;Elétrica - Fios e Cabos;2567OBR.N;20/09/2024; 1,57 ; 193,80 ; 304,22 ;Código 42;Fornecedor 42;Geral;202OBR.P;-
OBR;01120102504OBR;4878;Cabo flexivel PVC 750V preto 1,5 mm²;M;Elétrica - Fios e Cabos;3509OBR.N;11/03/2025; 1,28 ; 3,66 ; 4,69 ;Código 42;Fornecedor 42;Geral;364OBR.P;-
OBR;01120102504OBR;4878;Cabo flexivel PVC 750V preto 1,5 mm²;M;Elétrica - Fios e Cabos;2567OBR.N;20/09/2024; 0,98 ; 350,24 ; 342,44 ;Código 42;Fornecedor 42;Geral;202OBR.P;-
OBR;01120102505OBR;4842;Cabo flexivel PVC 750V azul 1,5 mm²;M;Elétrica - Fios e Cabos;3509OBR.N;11/03/2025; 1,28 ; 3,20 ; 4,11 ;Código 42;Fornecedor 42;Geral;364OBR.P;-
OBR;01120102505OBR;4842;Cabo flexivel PVC 750V azul 1,5 mm²;M;Elétrica - Fios e Cabos;3509OBR.N;11/03/2025; 1,28 ; 95,34 ; 122,37 ;Código 42;Fornecedor 42;Geral;364OBR.P;-
OBR;01120102505OBR;4842;Cabo flexivel PVC 750V azul 1,5 mm²;M;Elétrica - Fios e Cabos;2567OBR.N;20/09/2024; 0,98 ; 139,36 ; 136,25 ;Código 42;Fornecedor 42;Geral;202OBR.P;-
OBR;01120102506OBR;4836;Cabo flexivel PVC 750V amarelo 1,5 mm²;M;Elétrica - Fios e Cabos;3509OBR.N;11/03/2025; 1,28 ; 20,77 ; 26,66 ;Código 42;Fornecedor 42;Geral;364OBR.P;-
OBR;01120102506OBR;4836;Cabo flexivel PVC 750V amarelo 1,5 mm²;M;Elétrica - Fios e Cabos;3509OBR.N;11/03/2025; 1,28 ; 167,53 ; 215,02 ;Código 42;Fornecedor 42;Geral;364OBR.P;-
OBR;01120102506OBR;4836;Cabo flexivel PVC 750V amarelo 1,5 mm²;M;Elétrica - Fios e Cabos;2567OBR.N;20/09/2024; 0,98 ; 542,34 ; 530,26 ;Código 42;Fornecedor 42;Geral;202OBR.P;-
OBR;01120102507OBR;4848;Cabo flexivel PVC 750V azul 2,5 mm²;M;Elétrica - Fios e Cabos;3509OBR.N;11/03/2025; 1,28 ; 11,02 ; 14,14 ;Código 42;Fornecedor 42;Geral;364OBR.P;-
OBR;01120102507OBR;4848;Cabo flexivel PVC 750V azul 2,5 mm²;M;Elétrica - Fios e Cabos;3509OBR.N;11/03/2025; 1,28 ; 3,38 ; 4,34 ;Código 42;Fornecedor 42;Geral;364OBR.P;-
OBR;01120102507OBR;4848;Cabo flexivel PVC 750V azul 2,5 mm²;M;Elétrica - Fios e Cabos;2567OBR.N;20/09/2024; 1,57 ; 203,40 ; 319,28 ;Código 42;Fornecedor 42;Geral;202OBR.P;-
OBR;01120102508OBR;4889;Cabo flexivel PVC 750V preto 4,0 mm²;M;Elétrica - Fios e Cabos;3509OBR.N;11/03/2025; 2,07 ; 260,81 ; 539,18 ;Código 42;Fornecedor 42;Geral;364OBR.P;-
OBR;01120102508OBR;4889;Cabo flexivel PVC 750V preto 4,0 mm²;M;Elétrica - Fios e Cabos;3509OBR.N;11/03/2025; 2,07 ; 215,71 ; 445,95 ;Código 42;Fornecedor 42;Geral;364OBR.P;-
OBR;01120102508OBR;4889;Cabo flexivel PVC 750V preto 4,0 mm²;M;Elétrica - Fios e Cabos;2567OBR.N;20/09/2024; 2,46 ; 385,00 ; 946,24 ;Código 42;Fornecedor 42;Geral;202OBR.P;-
OBR;01120102509OBR;4851;Cabo flexivel PVC 750V azul 4,0 mm²;M;Elétrica - Fios e Cabos;3509OBR.N;11/03/2025; 2,07 ; 191,57 ; 396,04 ;Código 42;Fornecedor 42;Geral;364OBR.P;-
OBR;01120102509OBR;4851;Cabo flexivel PVC 750V azul 4,0 mm²;M;Elétrica - Fios e Cabos;3509OBR.N;11/03/2025; 1,28 ; 210,99 ; 270,80 ;Código 42;Fornecedor 42;Geral;364OBR.P;-
OBR;01120102509OBR;4851;Cabo flexivel PVC 750V azul 4,0 mm²;M;Elétrica - Fios e Cabos;3509OBR.N;11/03/2025; 2,07 ; 97,63 ; 201,83 ;Código 42;Fornecedor 42;Geral;364OBR.P;-
OBR;01120102509OBR;4851;Cabo flexivel PVC 750V azul 4,0 mm²;M;Elétrica - Fios e Cabos;2567OBR.N;20/09/2024; 2,46 ; 271,19 ; 666,53 ;Código 42;Fornecedor 42;Geral;202OBR.P;-
OBR;01120102510OBR;4904;Cabo flexivel PVC 750V verde 4,0 mm²;M;Elétrica - Fios e Cabos;3509OBR.N;11/03/2025; 4,89 ; 54,99 ; 269,07 ;Código 42;Fornecedor 42;Geral;364OBR.P;-
OBR;01120102510OBR;4904;Cabo flexivel PVC 750V verde 4,0 mm²;M;Elétrica - Fios e Cabos;3509OBR.N;11/03/2025; 2,07 ; 91,17 ; 188,49 ;Código 42;Fornecedor 42;Geral;364OBR.P;-
OBR;01120102510OBR;4904;Cabo flexivel PVC 750V verde 4,0 mm²;M;Elétrica - Fios e Cabos;2567OBR.N;20/09/2024; 2,46 ; 274,95 ; 675,76 ;Código 42;Fornecedor 42;Geral;202OBR.P;-
OBR;01120102511OBR;4892;Cabo flexivel PVC 750V preto 6,0 mm²;M;Elétrica - Fios e Cabos;2567OBR.N;20/09/2024; 3,73 ; 116,28 ; 433,91 ;Código 42;Fornecedor 42;Geral;202OBR.P;-
OBR;01120102511OBR;4892;Cabo flexivel PVC 750V preto 6,0 mm²;M;Elétrica - Fios e Cabos;2567OBR.N;20/09/2024; 9,39 ; 58,14 ; 546,04 ;Código 42;Fornecedor 42;Geral;202OBR.P;-
OBR;01120102511OBR;4892;Cabo flexivel PVC 750V preto 6,0 mm²;M;Elétrica - Fios e Cabos;2567OBR.N;20/09/2024; 6,21 ; 58,14 ; 360,90 ;Código 42;Fornecedor 42;Geral;202OBR.P;-
OBR;01120102511OBR;4892;Cabo flexivel PVC 750V preto 6,0 mm²;M;Elétrica - Fios e Cabos;2567OBR.N;20/09/2024; 9,39 ; 58,14 ; 546,04 ;Código 42;Fornecedor 42;Geral;202OBR.P;-
OBR;01120102511OBR;4892;Cabo flexivel PVC 750V preto 6,0 mm²;M;Elétrica - Fios e Cabos;2567OBR.N;20/09/2024; 6,21 ; 58,14 ; 360,90 ;Código 42;Fornecedor 42;Geral;202OBR.P;-
OBR;01120102511OBR;4892;Cabo flexivel PVC 750V preto 6,0 mm²;M;Elétrica - Fios e Cabos;2567OBR.N;20/09/2024; 9,39 ; 58,14 ; 546,04 ;Código 42;Fornecedor 42;Geral;202OBR.P;-
OBR;01120102511OBR;4892;Cabo flexivel PVC 750V preto 6,0 mm²;M;Elétrica - Fios e Cabos;2567OBR.N;20/09/2024; 6,21 ; 58,14 ; 360,90 ;Código 42;Fornecedor 42;Geral;202OBR.P;-
OBR;01120102511OBR;4892;Cabo flexivel PVC 750V preto 6,0 mm²;M;Elétrica - Fios e Cabos;2567OBR.N;20/09/2024; 6,21 ; 58,14 ; 360,90 ;Código 42;Fornecedor 42;Geral;202OBR.P;-
OBR;01120102511OBR;4892;Cabo flexivel PVC 750V preto 6,0 mm²;M;Elétrica - Fios e Cabos;2567OBR.N;20/09/2024; 9,39 ; 46,51 ; 436,84 ;Código 42;Fornecedor 42;Geral;202OBR.P;-
OBR;01120102511OBR;4892;Cabo flexivel PVC 750V preto 6,0 mm²;M;Elétrica - Fios e Cabos;2567OBR.N;20/09/2024; 6,21 ; 58,14 ; 360,90 ;Código 42;Fornecedor 42;Geral;202OBR.P;-
OBR;01120102512OBR;4906;Cabo flexivel PVC 750V verde 6,0 mm²;M;Elétrica - Fios e Cabos;2567OBR.N;20/09/2024; 3,73 ; 113,50 ; 423,53 ;Código 42;Fornecedor 42;Geral;202OBR.P;-
OBR;01120102513OBR;4924;Cabo flexivel PVC 750V vermelho 4,0 mm²;M;Elétrica - Fios e Cabos;2567OBR.N;20/09/2024; 1,57 ; 115,51 ; 181,32 ;Código 42;Fornecedor 42;Geral;202OBR.P;-
OBR;01120102514OBR;4926;Cabo flexivel PVC 750V vermelho 6,0 mm²;M;Elétrica - Fios e Cabos;2567OBR.N;20/09/2024; 3,73 ; 112,32 ; 419,12 ;Código 42;Fornecedor 42;Geral;202OBR.P;-
OBR;01120102515OBR;4895;Cabo flexivel PVC 750V verde 1,5 mm²;M;Elétrica - Fios e Cabos;2567OBR.N;20/09/2024; 0,98 ; 45,73 ; 44,71 ;Código 42;Fornecedor 42;Geral;202OBR.P;-
OBR;01120102601OBR;4886;Cabo flexivel PVC 750V preto 2,5 mm²;M;Elétrica - Fios e Cabos;3509OBR.N;11/03/2025; 1,28 ; 10,53 ; 13,52 ;Código 42;Fornecedor 42;Geral;364OBR.P;-
OBR;01120102601OBR;4886;Cabo flexivel PVC 750V preto 2,5 mm²;M;Elétrica - Fios e Cabos;3509OBR.N;11/03/2025; 1,28 ; 12,31 ; 15,80 ;Código 42;Fornecedor 42;Geral;364OBR.P;-
OBR;01120102601OBR;4886;Cabo flexivel PVC 750V preto 2,5 mm²;M;Elétrica - Fios e Cabos;2567OBR.N;20/09/2024; 1,57 ; 224,98 ; 353,16 ;Código 42;Fornecedor 42;Geral;202OBR.P;-
OBR;01120102602OBR;4921;Cabo flexivel PVC 750V vermelho 2,5 mm²;M;Elétrica - Fios e Cabos;3509OBR.N;11/03/2025; 1,28 ; 15,87 ; 20,37 ;Código 42;Fornecedor 42;Geral;364OBR.P;-
OBR;01120102602OBR;4921;Cabo flexivel PVC 750V vermelho 2,5 mm²;M;Elétrica - Fios e Cabos;2567OBR.N;20/09/2024; 1,57 ; 7,10 ; 11,15 ;Código 42;Fornecedor 42;Geral;202OBR.P;-
OBR;01120102602OBR;4921;Cabo flexivel PVC 750V vermelho 2,5 mm²;M;Elétrica - Fios e Cabos;2567OBR.N;20/09/2024; 1,57 ; 4,97 ; 7,80 ;Código 42;Fornecedor 42;Geral;202OBR.P;-
OBR;01120102603OBR;4901;Cabo flexivel PVC 750V verde 2,5 mm²;M;Elétrica - Fios e Cabos;3509OBR.N;11/03/2025; 1,28 ; 7,88 ; 10,11 ;Código 42;Fornecedor 42;Geral;364OBR.P;-
OBR;01120102603OBR;4901;Cabo flexivel PVC 750V verde 2,5 mm²;M;Elétrica - Fios e Cabos;2567OBR.N;20/09/2024; 1,57 ; 193,80 ; 304,22 ;Código 42;Fornecedor 42;Geral;202OBR.P;-
OBR;01120102604OBR;4878;Cabo flexivel PVC 750V preto 1,5 mm²;M;Elétrica - Fios e Cabos;3509OBR.N;11/03/2025; 1,28 ; 3,66 ; 4,69 ;Código 42;Fornecedor 42;Geral;364OBR.P;-
OBR;01120102604OBR;4878;Cabo flexivel PVC 750V preto 1,5 mm²;M;Elétrica - Fios e Cabos;2567OBR.N;20/09/2024; 0,98 ; 350,24 ; 342,44 ;Código 42;Fornecedor 42;Geral;202OBR.P;-
OBR;01120102605OBR;4842;Cabo flexivel PVC 750V azul 1,5 mm²;M;Elétrica - Fios e Cabos;3509OBR.N;11/03/2025; 1,28 ; 3,20 ; 4,11 ;Código 42;Fornecedor 42;Geral;364OBR.P;-
OBR;01120102605OBR;4842;Cabo flexivel PVC 750V azul 1,5 mm²;M;Elétrica - Fios e Cabos;3509OBR.N;11/03/2025; 1,28 ; 95,34 ; 122,37 ;Código 42;Fornecedor 42;Geral;364OBR.P;-
OBR;01120102605OBR;4842;Cabo flexivel PVC 750V azul 1,5 mm²;M;Elétrica - Fios e Cabos;2567OBR.N;20/09/2024; 0,98 ; 139,36 ; 136,25 ;Código 42;Fornecedor 42;Geral;202OBR.P;-
OBR;01120102606OBR;4836;Cabo flexivel PVC 750V amarelo 1,5 mm²;M;Elétrica - Fios e Cabos;3509OBR.N;11/03/2025; 1,28 ; 20,77 ; 26,66 ;Código 42;Fornecedor 42;Geral;364OBR.P;-
OBR;01120102606OBR;4836;Cabo flexivel PVC 750V amarelo 1,5 mm²;M;Elétrica - Fios e Cabos;3509OBR.N;11/03/2025; 1,28 ; 167,53 ; 215,02 ;Código 42;Fornecedor 42;Geral;364OBR.P;-
OBR;01120102606OBR;4836;Cabo flexivel PVC 750V amarelo 1,5 mm²;M;Elétrica - Fios e Cabos;2567OBR.N;20/09/2024; 0,98 ; 542,34 ; 530,26 ;Código 42;Fornecedor 42;Geral;202OBR.P;-
OBR;01120102607OBR;4848;Cabo flexivel PVC 750V azul 2,5 mm²;M;Elétrica - Fios e Cabos;3509OBR.N;11/03/2025; 1,28 ; 11,02 ; 14,14 ;Código 42;Fornecedor 42;Geral;364OBR.P;-
OBR;01120102607OBR;4848;Cabo flexivel PVC 750V azul 2,5 mm²;M;Elétrica - Fios e Cabos;3509OBR.N;11/03/2025; 1,28 ; 3,38 ; 4,34 ;Código 42;Fornecedor 42;Geral;364OBR.P;-
OBR;01120102607OBR;4848;Cabo flexivel PVC 750V azul 2,5 mm²;M;Elétrica - Fios e Cabos;2567OBR.N;20/09/2024; 1,57 ; 203,40 ; 319,28 ;Código 42;Fornecedor 42;Geral;202OBR.P;-
OBR;01120102608OBR;4889;Cabo flexivel PVC 750V preto 4,0 mm²;M;Elétrica - Fios e Cabos;3509OBR.N;11/03/2025; 2,07 ; 260,81 ; 539,18 ;Código 42;Fornecedor 42;Geral;364OBR.P;-
OBR;01120102608OBR;4889;Cabo flexivel PVC 750V preto 4,0 mm²;M;Elétrica - Fios e Cabos;3509OBR.N;11/03/2025; 2,07 ; 215,71 ; 445,95 ;Código 42;Fornecedor 42;Geral;364OBR.P;-
OBR;01120102608OBR;4889;Cabo flexivel PVC 750V preto 4,0 mm²;M;Elétrica - Fios e Cabos;2567OBR.N;20/09/2024; 2,46 ; 385,00 ; 946,24 ;Código 42;Fornecedor 42;Geral;202OBR.P;-
OBR;01120102609OBR;4851;Cabo flexivel PVC 750V azul 4,0 mm²;M;Elétrica - Fios e Cabos;3509OBR.N;11/03/2025; 2,07 ; 191,57 ; 396,04 ;Código 42;Fornecedor 42;Geral;364OBR.P;-
OBR;01120102609OBR;4851;Cabo flexivel PVC 750V azul 4,0 mm²;M;Elétrica - Fios e Cabos;3509OBR.N;11/03/2025; 1,28 ; 210,99 ; 270,80 ;Código 42;Fornecedor 42;Geral;364OBR.P;-
OBR;01120102609OBR;4851;Cabo flexivel PVC 750V azul 4,0 mm²;M;Elétrica - Fios e Cabos;3509OBR.N;11/03/2025; 2,07 ; 97,63 ; 201,83 ;Código 42;Fornecedor 42;Geral;364OBR.P;-
OBR;01120102609OBR;4851;Cabo flexivel PVC 750V azul 4,0 mm²;M;Elétrica - Fios e Cabos;2567OBR.N;20/09/2024; 2,46 ; 271,19 ; 666,53 ;Código 42;Fornecedor 42;Geral;202OBR.P;-
OBR;01120102610OBR;4904;Cabo flexivel PVC 750V verde 4,0 mm²;M;Elétrica - Fios e Cabos;3509OBR.N;11/03/2025; 4,89 ; 54,99 ; 269,07 ;Código 42;Fornecedor 42;Geral;364OBR.P;-
OBR;01120102610OBR;4904;Cabo flexivel PVC 750V verde 4,0 mm²;M;Elétrica - Fios e Cabos;3509OBR.N;11/03/2025; 2,07 ; 91,17 ; 188,49 ;Código 42;Fornecedor 42;Geral;364OBR.P;-
OBR;01120102610OBR;4904;Cabo flexivel PVC 750V verde 4,0 mm²;M;Elétrica - Fios e Cabos;2567OBR.N;20/09/2024; 2,46 ; 274,95 ; 675,76 ;Código 42;Fornecedor 42;Geral;202OBR.P;-
OBR;01120102611OBR;4892;Cabo flexivel PVC 750V preto 6,0 mm²;M;Elétrica - Fios e Cabos;2567OBR.N;20/09/2024; 3,73 ; 116,28 ; 433,91 ;Código 42;Fornecedor 42;Geral;202OBR.P;-
OBR;01120102611OBR;4892;Cabo flexivel PVC 750V preto 6,0 mm²;M;Elétrica - Fios e Cabos;2567OBR.N;20/09/2024; 9,39 ; 58,14 ; 546,04 ;Código 42;Fornecedor 42;Geral;202OBR.P;-
OBR;01120102611OBR;4892;Cabo flexivel PVC 750V preto 6,0 mm²;M;Elétrica - Fios e Cabos;2567OBR.N;20/09/2024; 6,21 ; 58,14 ; 360,90 ;Código 42;Fornecedor 42;Geral;202OBR.P;-
OBR;01120102611OBR;4892;Cabo flexivel PVC 750V preto 6,0 mm²;M;Elétrica - Fios e Cabos;2567OBR.N;20/09/2024; 9,39 ; 58,14 ; 546,04 ;Código 42;Fornecedor 42;Geral;202OBR.P;-
OBR;01120102611OBR;4892;Cabo flexivel PVC 750V preto 6,0 mm²;M;Elétrica - Fios e Cabos;2567OBR.N;20/09/2024; 6,21 ; 58,14 ; 360,90 ;Código 42;Fornecedor 42;Geral;202OBR.P;-
OBR;01120102611OBR;4892;Cabo flexivel PVC 750V preto 6,0 mm²;M;Elétrica - Fios e Cabos;2567OBR.N;20/09/2024; 9,39 ; 58,14 ; 546,04 ;Código 42;Fornecedor 42;Geral;202OBR.P;-
OBR;01120102611OBR;4892;Cabo flexivel PVC 750V preto 6,0 mm²;M;Elétrica - Fios e Cabos;2567OBR.N;20/09/2024; 6,21 ; 58,14 ; 360,90 ;Código 42;Fornecedor 42;Geral;202OBR.P;-
OBR;01120102611OBR;4892;Cabo flexivel PVC 750V preto 6,0 mm²;M;Elétrica - Fios e Cabos;2567OBR.N;20/09/2024; 6,21 ; 58,14 ; 360,90 ;Código 42;Fornecedor 42;Geral;202OBR.P;-
OBR;01120102611OBR;4892;Cabo flexivel PVC 750V preto 6,0 mm²;M;Elétrica - Fios e Cabos;2567OBR.N;20/09/2024; 9,39 ; 46,51 ; 436,84 ;Código 42;Fornecedor 42;Geral;202OBR.P;-
OBR;01120102611OBR;4892;Cabo flexivel PVC 750V preto 6,0 mm²;M;Elétrica - Fios e Cabos;2567OBR.N;20/09/2024; 6,21 ; 58,14 ; 360,90 ;Código 42;Fornecedor 42;Geral;202OBR.P;-
OBR;01120102612OBR;4906;Cabo flexivel PVC 750V verde 6,0 mm²;M;Elétrica - Fios e Cabos;2567OBR.N;20/09/2024; 3,73 ; 113,50 ; 423,53 ;Código 42;Fornecedor 42;Geral;202OBR.P;-
OBR;01120102613OBR;4924;Cabo flexivel PVC 750V vermelho 4,0 mm²;M;Elétrica - Fios e Cabos;2567OBR.N;20/09/2024; 1,57 ; 115,51 ; 181,32 ;Código 42;Fornecedor 42;Geral;202OBR.P;-
OBR;01120102614OBR;4926;Cabo flexivel PVC 750V vermelho 6,0 mm²;M;Elétrica - Fios e Cabos;2567OBR.N;20/09/2024; 3,73 ; 112,32 ; 419,12 ;Código 42;Fornecedor 42;Geral;202OBR.P;-
OBR;01120102615OBR;4895;Cabo flexivel PVC 750V verde 1,5 mm²;M;Elétrica - Fios e Cabos;2567OBR.N;20/09/2024; 0,98 ; 45,73 ; 44,71 ;Código 42;Fornecedor 42;Geral;202OBR.P;-
OBR;01120102701OBR;4886;Cabo flexivel PVC 750V preto 2,5 mm²;M;Elétrica - Fios e Cabos;3509OBR.N;11/03/2025; 1,28 ; 10,53 ; 13,52 ;Código 42;Fornecedor 42;Geral;364OBR.P;-
OBR;01120102701OBR;4886;Cabo flexivel PVC 750V preto 2,5 mm²;M;Elétrica - Fios e Cabos;3509OBR.N;11/03/2025; 1,28 ; 12,31 ; 15,80 ;Código 42;Fornecedor 42;Geral;364OBR.P;-
OBR;01120102701OBR;4886;Cabo flexivel PVC 750V preto 2,5 mm²;M;Elétrica - Fios e Cabos;2567OBR.N;20/09/2024; 1,57 ; 224,98 ; 353,16 ;Código 42;Fornecedor 42;Geral;202OBR.P;-
OBR;01120102702OBR;4921;Cabo flexivel PVC 750V vermelho 2,5 mm²;M;Elétrica - Fios e Cabos;3509OBR.N;11/03/2025; 1,28 ; 15,87 ; 20,37 ;Código 42;Fornecedor 42;Geral;364OBR.P;-
OBR;01120102702OBR;4921;Cabo flexivel PVC 750V vermelho 2,5 mm²;M;Elétrica - Fios e Cabos;2567OBR.N;20/09/2024; 1,57 ; 7,10 ; 11,15 ;Código 42;Fornecedor 42;Geral;202OBR.P;-
OBR;01120102702OBR;4921;Cabo flexivel PVC 750V vermelho 2,5 mm²;M;Elétrica - Fios e Cabos;2567OBR.N;20/09/2024; 1,57 ; 4,97 ; 7,80 ;Código 42;Fornecedor 42;Geral;202OBR.P;-
OBR;01120102703OBR;4901;Cabo flexivel PVC 750V verde 2,5 mm²;M;Elétrica - Fios e Cabos;3509OBR.N;11/03/2025; 1,28 ; 7,88 ; 10,11 ;Código 42;Fornecedor 42;Geral;364OBR.P;-
OBR;01120102703OBR;4901;Cabo flexivel PVC 750V verde 2,5 mm²;M;Elétrica - Fios e Cabos;2567OBR.N;20/09/2024; 1,57 ; 193,80 ; 304,22 ;Código 42;Fornecedor 42;Geral;202OBR.P;-
OBR;01120102704OBR;4878;Cabo flexivel PVC 750V preto 1,5 mm²;M;Elétrica - Fios e Cabos;3509OBR.N;11/03/2025; 1,28 ; 3,66 ; 4,69 ;Código 42;Fornecedor 42;Geral;364OBR.P;-
OBR;01120102704OBR;4878;Cabo flexivel PVC 750V preto 1,5 mm²;M;Elétrica - Fios e Cabos;2567OBR.N;20/09/2024; 0,98 ; 350,24 ; 342,44 ;Código 42;Fornecedor 42;Geral;202OBR.P;-
OBR;01120102705OBR;4842;Cabo flexivel PVC 750V azul 1,5 mm²;M;Elétrica - Fios e Cabos;3509OBR.N;11/03/2025; 1,28 ; 3,20 ; 4,11 ;Código 42;Fornecedor 42;Geral;364OBR.P;-
OBR;01120102705OBR;4842;Cabo flexivel PVC 750V azul 1,5 mm²;M;Elétrica - Fios e Cabos;3509OBR.N;11/03/2025; 1,28 ; 95,34 ; 122,37 ;Código 42;Fornecedor 42;Geral;364OBR.P;-
OBR;01120102705OBR;4842;Cabo flexivel PVC 750V azul 1,5 mm²;M;Elétrica - Fios e Cabos;2567OBR.N;20/09/2024; 0,98 ; 139,36 ; 136,25 ;Código 42;Fornecedor 42;Geral;202OBR.P;-
OBR;01120102706OBR;4836;Cabo flexivel PVC 750V amarelo 1,5 mm²;M;Elétrica - Fios e Cabos;3509OBR.N;11/03/2025; 1,28 ; 20,77 ; 26,66 ;Código 42;Fornecedor 42;Geral;364OBR.P;-
OBR;01120102706OBR;4836;Cabo flexivel PVC 750V amarelo 1,5 mm²;M;Elétrica - Fios e Cabos;3509OBR.N;11/03/2025; 1,28 ; 167,53 ; 215,02 ;Código 42;Fornecedor 42;Geral;364OBR.P;-
OBR;01120102706OBR;4836;Cabo flexivel PVC 750V amarelo 1,5 mm²;M;Elétrica - Fios e Cabos;2567OBR.N;20/09/2024; 0,98 ; 542,34 ; 530,26 ;Código 42;Fornecedor 42;Geral;202OBR.P;-
OBR;01120102707OBR;4848;Cabo flexivel PVC 750V azul 2,5 mm²;M;Elétrica - Fios e Cabos;3509OBR.N;11/03/2025; 1,28 ; 11,02 ; 14,14 ;Código 42;Fornecedor 42;Geral;364OBR.P;-
OBR;01120102707OBR;4848;Cabo flexivel PVC 750V azul 2,5 mm²;M;Elétrica - Fios e Cabos;3509OBR.N;11/03/2025; 1,28 ; 3,38 ; 4,34 ;Código 42;Fornecedor 42;Geral;364OBR.P;-
OBR;01120102707OBR;4848;Cabo flexivel PVC 750V azul 2,5 mm²;M;Elétrica - Fios e Cabos;2567OBR.N;20/09/2024; 1,57 ; 203,40 ; 319,28 ;Código 42;Fornecedor 42;Geral;202OBR.P;-
OBR;01120102708OBR;4889;Cabo flexivel PVC 750V preto 4,0 mm²;M;Elétrica - Fios e Cabos;3509OBR.N;11/03/2025; 2,07 ; 260,81 ; 539,18 ;Código 42;Fornecedor 42;Geral;364OBR.P;-
OBR;01120102708OBR;4889;Cabo flexivel PVC 750V preto 4,0 mm²;M;Elétrica - Fios e Cabos;3509OBR.N;11/03/2025; 2,07 ; 215,71 ; 445,95 ;Código 42;Fornecedor 42;Geral;364OBR.P;-
OBR;01120102708OBR;4889;Cabo flexivel PVC 750V preto 4,0 mm²;M;Elétrica - Fios e Cabos;2567OBR.N;20/09/2024; 2,46 ; 385,00 ; 946,24 ;Código 42;Fornecedor 42;Geral;202OBR.P;-
OBR;01120102709OBR;4851;Cabo flexivel PVC 750V azul 4,0 mm²;M;Elétrica - Fios e Cabos;3509OBR.N;11/03/2025; 2,07 ; 191,57 ; 396,04 ;Código 42;Fornecedor 42;Geral;364OBR.P;-
OBR;01120102709OBR;4851;Cabo flexivel PVC 750V azul 4,0 mm²;M;Elétrica - Fios e Cabos;3509OBR.N;11/03/2025; 1,28 ; 210,99 ; 270,80 ;Código 42;Fornecedor 42;Geral;364OBR.P;-
OBR;01120102709OBR;4851;Cabo flexivel PVC 750V azul 4,0 mm²;M;Elétrica - Fios e Cabos;3509OBR.N;11/03/2025; 2,07 ; 97,63 ; 201,83 ;Código 42;Fornecedor 42;Geral;364OBR.P;-
OBR;01120102709OBR;4851;Cabo flexivel PVC 750V azul 4,0 mm²;M;Elétrica - Fios e Cabos;2567OBR.N;20/09/2024; 2,46 ; 271,19 ; 666,53 ;Código 42;Fornecedor 42;Geral;202OBR.P;-
OBR;01120102710OBR;4904;Cabo flexivel PVC 750V verde 4,0 mm²;M;Elétrica - Fios e Cabos;3509OBR.N;11/03/2025; 4,89 ; 54,99 ; 269,07 ;Código 42;Fornecedor 42;Geral;364OBR.P;-
OBR;01120102710OBR;4904;Cabo flexivel PVC 750V verde 4,0 mm²;M;Elétrica - Fios e Cabos;3509OBR.N;11/03/2025; 2,07 ; 91,17 ; 188,49 ;Código 42;Fornecedor 42;Geral;364OBR.P;-
OBR;01120102710OBR;4904;Cabo flexivel PVC 750V verde 4,0 mm²;M;Elétrica - Fios e Cabos;2567OBR.N;20/09/2024; 2,46 ; 274,95 ; 675,76 ;Código 42;Fornecedor 42;Geral;202OBR.P;-
OBR;01120102711OBR;4892;Cabo flexivel PVC 750V preto 6,0 mm²;M;Elétrica - Fios e Cabos;2567OBR.N;20/09/2024; 3,73 ; 116,28 ; 433,91 ;Código 42;Fornecedor 42;Geral;202OBR.P;-
OBR;01120102711OBR;4892;Cabo flexivel PVC 750V preto 6,0 mm²;M;Elétrica - Fios e Cabos;2567OBR.N;20/09/2024; 9,39 ; 58,14 ; 546,04 ;Código 42;Fornecedor 42;Geral;202OBR.P;-
OBR;01120102711OBR;4892;Cabo flexivel PVC 750V preto 6,0 mm²;M;Elétrica - Fios e Cabos;2567OBR.N;20/09/2024; 6,21 ; 58,14 ; 360,90 ;Código 42;Fornecedor 42;Geral;202OBR.P;-
OBR;01120102711OBR;4892;Cabo flexivel PVC 750V preto 6,0 mm²;M;Elétrica - Fios e Cabos;2567OBR.N;20/09/2024; 9,39 ; 58,14 ; 546,04 ;Código 42;Fornecedor 42;Geral;202OBR.P;-
OBR;01120102711OBR;4892;Cabo flexivel PVC 750V preto 6,0 mm²;M;Elétrica - Fios e Cabos;2567OBR.N;20/09/2024; 6,21 ; 58,14 ; 360,90 ;Código 42;Fornecedor 42;Geral;202OBR.P;-
OBR;01120102711OBR;4892;Cabo flexivel PVC 750V preto 6,0 mm²;M;Elétrica - Fios e Cabos;2567OBR.N;20/09/2024; 9,39 ; 58,14 ; 546,04 ;Código 42;Fornecedor 42;Geral;202OBR.P;-
OBR;01120102711OBR;4892;Cabo flexivel PVC 750V preto 6,0 mm²;M;Elétrica - Fios e Cabos;2567OBR.N;20/09/2024; 6,21 ; 58,14 ; 360,90 ;Código 42;Fornecedor 42;Geral;202OBR.P;-
OBR;01120102711OBR;4892;Cabo flexivel PVC 750V preto 6,0 mm²;M;Elétrica - Fios e Cabos;2567OBR.N;20/09/2024; 6,21 ; 58,14 ; 360,90 ;Código 42;Fornecedor 42;Geral;202OBR.P;-
OBR;01120102711OBR;4892;Cabo flexivel PVC 750V preto 6,0 mm²;M;Elétrica - Fios e Cabos;2567OBR.N;20/09/2024; 9,39 ; 46,51 ; 436,84 ;Código 42;Fornecedor 42;Geral;202OBR.P;-
OBR;01120102711OBR;4892;Cabo flexivel PVC 750V preto 6,0 mm²;M;Elétrica - Fios e Cabos;2567OBR.N;20/09/2024; 6,21 ; 58,14 ; 360,90 ;Código 42;Fornecedor 42;Geral;202OBR.P;-
OBR;01120102712OBR;4906;Cabo flexivel PVC 750V verde 6,0 mm²;M;Elétrica - Fios e Cabos;2567OBR.N;20/09/2024; 3,73 ; 113,50 ; 423,53 ;Código 42;Fornecedor 42;Geral;202OBR.P;-
OBR;01120102713OBR;4924;Cabo flexivel PVC 750V vermelho 4,0 mm²;M;Elétrica - Fios e Cabos;2567OBR.N;20/09/2024; 1,57 ; 115,51 ; 181,32 ;Código 42;Fornecedor 42;Geral;202OBR.P;-
OBR;01120102714OBR;4926;Cabo flexivel PVC 750V vermelho 6,0 mm²;M;Elétrica - Fios e Cabos;2567OBR.N;20/09/2024; 3,73 ; 112,32 ; 419,12 ;Código 42;Fornecedor 42;Geral;202OBR.P;-
OBR;01120102715OBR;4895;Cabo flexivel PVC 750V verde 1,5 mm²;M;Elétrica - Fios e Cabos;2567OBR.N;20/09/2024; 0,98 ; 45,73 ; 44,71 ;Código 42;Fornecedor 42;Geral;202OBR.P;-
OBR;01120102801OBR;4886;Cabo flexivel PVC 750V preto 2,5 mm²;M;Elétrica - Fios e Cabos;3509OBR.N;11/03/2025; 1,28 ; 10,53 ; 13,52 ;Código 42;Fornecedor 42;Geral;364OBR.P;-
OBR;01120102801OBR;4886;Cabo flexivel PVC 750V preto 2,5 mm²;M;Elétrica - Fios e Cabos;3509OBR.N;11/03/2025; 1,28 ; 12,31 ; 15,80 ;Código 42;Fornecedor 42;Geral;364OBR.P;-
OBR;01120102801OBR;4886;Cabo flexivel PVC 750V preto 2,5 mm²;M;Elétrica - Fios e Cabos;2567OBR.N;20/09/2024; 1,57 ; 224,98 ; 353,16 ;Código 42;Fornecedor 42;Geral;202OBR.P;-
OBR;01120102802OBR;4921;Cabo flexivel PVC 750V vermelho 2,5 mm²;M;Elétrica - Fios e Cabos;3509OBR.N;11/03/2025; 1,28 ; 15,87 ; 20,37 ;Código 42;Fornecedor 42;Geral;364OBR.P;-
OBR;01120102802OBR;4921;Cabo flexivel PVC 750V vermelho 2,5 mm²;M;Elétrica - Fios e Cabos;2567OBR.N;20/09/2024; 1,57 ; 7,10 ; 11,15 ;Código 42;Fornecedor 42;Geral;202OBR.P;-
OBR;01120102802OBR;4921;Cabo flexivel PVC 750V vermelho 2,5 mm²;M;Elétrica - Fios e Cabos;2567OBR.N;20/09/2024; 1,57 ; 4,97 ; 7,80 ;Código 42;Fornecedor 42;Geral;202OBR.P;-
OBR;01120102803OBR;4901;Cabo flexivel PVC 750V verde 2,5 mm²;M;Elétrica - Fios e Cabos;3509OBR.N;11/03/2025; 1,28 ; 7,88 ; 10,11 ;Código 42;Fornecedor 42;Geral;364OBR.P;-
OBR;01120102803OBR;4901;Cabo flexivel PVC 750V verde 2,5 mm²;M;Elétrica - Fios e Cabos;2567OBR.N;20/09/2024; 1,57 ; 193,80 ; 304,22 ;Código 42;Fornecedor 42;Geral;202OBR.P;-
OBR;01120102804OBR;4878;Cabo flexivel PVC 750V preto 1,5 mm²;M;Elétrica - Fios e Cabos;3509OBR.N;11/03/2025; 1,28 ; 3,66 ; 4,70 ;Código 42;Fornecedor 42;Geral;364OBR.P;-
OBR;01120102804OBR;4878;Cabo flexivel PVC 750V preto 1,5 mm²;M;Elétrica - Fios e Cabos;2567OBR.N;20/09/2024; 0,98 ; 350,24 ; 342,44 ;Código 42;Fornecedor 42;Geral;202OBR.P;-
OBR;01120102805OBR;4842;Cabo flexivel PVC 750V azul 1,5 mm²;M;Elétrica - Fios e Cabos;3509OBR.N;11/03/2025; 1,28 ; 3,20 ; 4,11 ;Código 42;Fornecedor 42;Geral;364OBR.P;-
OBR;01120102805OBR;4842;Cabo flexivel PVC 750V azul 1,5 mm²;M;Elétrica - Fios e Cabos;3509OBR.N;11/03/2025; 1,28 ; 95,34 ; 122,37 ;Código 42;Fornecedor 42;Geral;364OBR.P;-
OBR;01120102805OBR;4842;Cabo flexivel PVC 750V azul 1,5 mm²;M;Elétrica - Fios e Cabos;2567OBR.N;20/09/2024; 0,98 ; 139,36 ; 136,25 ;Código 42;Fornecedor 42;Geral;202OBR.P;-
OBR;01120102806OBR;4836;Cabo flexivel PVC 750V amarelo 1,5 mm²;M;Elétrica - Fios e Cabos;3509OBR.N;11/03/2025; 1,28 ; 20,77 ; 26,66 ;Código 42;Fornecedor 42;Geral;364OBR.P;-
OBR;01120102806OBR;4836;Cabo flexivel PVC 750V amarelo 1,5 mm²;M;Elétrica - Fios e Cabos;3509OBR.N;11/03/2025; 1,28 ; 167,53 ; 215,03 ;Código 42;Fornecedor 42;Geral;364OBR.P;-
OBR;01120102806OBR;4836;Cabo flexivel PVC 750V amarelo 1,5 mm²;M;Elétrica - Fios e Cabos;2567OBR.N;20/09/2024; 0,98 ; 542,34 ; 530,26 ;Código 42;Fornecedor 42;Geral;202OBR.P;-
OBR;01120102807OBR;4848;Cabo flexivel PVC 750V azul 2,5 mm²;M;Elétrica - Fios e Cabos;3509OBR.N;11/03/2025; 1,28 ; 11,02 ; 14,14 ;Código 42;Fornecedor 42;Geral;364OBR.P;-
OBR;01120102807OBR;4848;Cabo flexivel PVC 750V azul 2,5 mm²;M;Elétrica - Fios e Cabos;3509OBR.N;11/03/2025; 1,28 ; 3,38 ; 4,34 ;Código 42;Fornecedor 42;Geral;364OBR.P;-
OBR;01120102807OBR;4848;Cabo flexivel PVC 750V azul 2,5 mm²;M;Elétrica - Fios e Cabos;2567OBR.N;20/09/2024; 1,57 ; 203,40 ; 319,28 ;Código 42;Fornecedor 42;Geral;202OBR.P;-
OBR;01120102808OBR;4889;Cabo flexivel PVC 750V preto 4,0 mm²;M;Elétrica - Fios e Cabos;3509OBR.N;11/03/2025; 2,07 ; 260,81 ; 539,18 ;Código 42;Fornecedor 42;Geral;364OBR.P;-
OBR;01120102808OBR;4889;Cabo flexivel PVC 750V preto 4,0 mm²;M;Elétrica - Fios e Cabos;3509OBR.N;11/03/2025; 2,07 ; 215,71 ; 445,95 ;Código 42;Fornecedor 42;Geral;364OBR.P;-
OBR;01120102808OBR;4889;Cabo flexivel PVC 750V preto 4,0 mm²;M;Elétrica - Fios e Cabos;2567OBR.N;20/09/2024; 2,46 ; 385,00 ; 946,24 ;Código 42;Fornecedor 42;Geral;202OBR.P;-
OBR;01120102809OBR;4851;Cabo flexivel PVC 750V azul 4,0 mm²;M;Elétrica - Fios e Cabos;3509OBR.N;11/03/2025; 2,07 ; 191,57 ; 396,04 ;Código 42;Fornecedor 42;Geral;364OBR.P;-
OBR;01120102809OBR;4851;Cabo flexivel PVC 750V azul 4,0 mm²;M;Elétrica - Fios e Cabos;3509OBR.N;11/03/2025; 1,28 ; 210,99 ; 270,80 ;Código 42;Fornecedor 42;Geral;364OBR.P;-
OBR;01120102809OBR;4851;Cabo flexivel PVC 750V azul 4,0 mm²;M;Elétrica - Fios e Cabos;3509OBR.N;11/03/2025; 2,07 ; 97,63 ; 201,83 ;Código 42;Fornecedor 42;Geral;364OBR.P;-
OBR;01120102809OBR;4851;Cabo flexivel PVC 750V azul 4,0 mm²;M;Elétrica - Fios e Cabos;2567OBR.N;20/09/2024; 2,46 ; 271,19 ; 666,53 ;Código 42;Fornecedor 42;Geral;202OBR.P;-
OBR;01120102810OBR;4904;Cabo flexivel PVC 750V verde 4,0 mm²;M;Elétrica - Fios e Cabos;3509OBR.N;11/03/2025; 4,89 ; 54,99 ; 269,07 ;Código 42;Fornecedor 42;Geral;364OBR.P;-
OBR;01120102810OBR;4904;Cabo flexivel PVC 750V verde 4,0 mm²;M;Elétrica - Fios e Cabos;3509OBR.N;11/03/2025; 2,07 ; 91,17 ; 188,49 ;Código 42;Fornecedor 42;Geral;364OBR.P;-
OBR;01120102810OBR;4904;Cabo flexivel PVC 750V verde 4,0 mm²;M;Elétrica - Fios e Cabos;2567OBR.N;20/09/2024; 2,46 ; 274,95 ; 675,76 ;Código 42;Fornecedor 42;Geral;202OBR.P;-
OBR;01120102811OBR;4892;Cabo flexivel PVC 750V preto 6,0 mm²;M;Elétrica - Fios e Cabos;2567OBR.N;20/09/2024; 3,73 ; 116,28 ; 433,91 ;Código 42;Fornecedor 42;Geral;202OBR.P;-
OBR;01120102811OBR;4892;Cabo flexivel PVC 750V preto 6,0 mm²;M;Elétrica - Fios e Cabos;2567OBR.N;20/09/2024; 9,39 ; 58,14 ; 546,04 ;Código 42;Fornecedor 42;Geral;202OBR.P;-
OBR;01120102811OBR;4892;Cabo flexivel PVC 750V preto 6,0 mm²;M;Elétrica - Fios e Cabos;2567OBR.N;20/09/2024; 6,21 ; 58,14 ; 360,90 ;Código 42;Fornecedor 42;Geral;202OBR.P;-
OBR;01120102811OBR;4892;Cabo flexivel PVC 750V preto 6,0 mm²;M;Elétrica - Fios e Cabos;2567OBR.N;20/09/2024; 9,39 ; 58,14 ; 546,04 ;Código 42;Fornecedor 42;Geral;202OBR.P;-
OBR;01120102811OBR;4892;Cabo flexivel PVC 750V preto 6,0 mm²;M;Elétrica - Fios e Cabos;2567OBR.N;20/09/2024; 6,21 ; 58,14 ; 360,90 ;Código 42;Fornecedor 42;Geral;202OBR.P;-
OBR;01120102811OBR;4892;Cabo flexivel PVC 750V preto 6,0 mm²;M;Elétrica - Fios e Cabos;2567OBR.N;20/09/2024; 9,39 ; 58,14 ; 546,04 ;Código 42;Fornecedor 42;Geral;202OBR.P;-
OBR;01120102811OBR;4892;Cabo flexivel PVC 750V preto 6,0 mm²;M;Elétrica - Fios e Cabos;2567OBR.N;20/09/2024; 6,21 ; 58,14 ; 360,90 ;Código 42;Fornecedor 42;Geral;202OBR.P;-
OBR;01120102811OBR;4892;Cabo flexivel PVC 750V preto 6,0 mm²;M;Elétrica - Fios e Cabos;2567OBR.N;20/09/2024; 6,21 ; 58,14 ; 360,90 ;Código 42;Fornecedor 42;Geral;202OBR.P;-
OBR;01120102811OBR;4892;Cabo flexivel PVC 750V preto 6,0 mm²;M;Elétrica - Fios e Cabos;2567OBR.N;20/09/2024; 9,39 ; 46,51 ; 436,84 ;Código 42;Fornecedor 42;Geral;202OBR.P;-
OBR;01120102811OBR;4892;Cabo flexivel PVC 750V preto 6,0 mm²;M;Elétrica - Fios e Cabos;2567OBR.N;20/09/2024; 6,21 ; 58,14 ; 360,90 ;Código 42;Fornecedor 42;Geral;202OBR.P;-
OBR;01120102812OBR;4906;Cabo flexivel PVC 750V verde 6,0 mm²;M;Elétrica - Fios e Cabos;2567OBR.N;20/09/2024; 3,73 ; 113,50 ; 423,53 ;Código 42;Fornecedor 42;Geral;202OBR.P;-
OBR;01120102813OBR;4924;Cabo flexivel PVC 750V vermelho 4,0 mm²;M;Elétrica - Fios e Cabos;2567OBR.N;20/09/2024; 1,57 ; 115,51 ; 181,32 ;Código 42;Fornecedor 42;Geral;202OBR.P;-
OBR;01120102814OBR;4926;Cabo flexivel PVC 750V vermelho 6,0 mm²;M;Elétrica - Fios e Cabos;2567OBR.N;20/09/2024; 3,73 ; 112,32 ; 419,12 ;Código 42;Fornecedor 42;Geral;202OBR.P;-
OBR;01120102815OBR;4895;Cabo flexivel PVC 750V verde 1,5 mm²;M;Elétrica - Fios e Cabos;2567OBR.N;20/09/2024; 0,98 ; 45,73 ; 44,71 ;Código 42;Fornecedor 42;Geral;202OBR.P;-
OBR;01120102901OBR;4886;Cabo flexivel PVC 750V preto 2,5 mm²;M;Elétrica - Fios e Cabos;3509OBR.N;11/03/2025; 1,28 ; 62,99 ; 80,84 ;Código 42;Fornecedor 42;Geral;364OBR.P;-
OBR;01120102901OBR;4886;Cabo flexivel PVC 750V preto 2,5 mm²;M;Elétrica - Fios e Cabos;3509OBR.N;11/03/2025; 1,28 ; 11,76 ; 15,10 ;Código 42;Fornecedor 42;Geral;364OBR.P;-
OBR;01120102901OBR;4886;Cabo flexivel PVC 750V preto 2,5 mm²;M;Elétrica - Fios e Cabos;2567OBR.N;20/09/2024; 1,57 ; 683,33 ; 1.072,66 ;Código 42;Fornecedor 42;Geral;202OBR.P;-
OBR;01120102902OBR;4921;Cabo flexivel PVC 750V vermelho 2,5 mm²;M;Elétrica - Fios e Cabos;3509OBR.N;11/03/2025; 1,28 ; 38,15 ; 48,96 ;Código 42;Fornecedor 42;Geral;364OBR.P;-
OBR;01120102902OBR;4921;Cabo flexivel PVC 750V vermelho 2,5 mm²;M;Elétrica - Fios e Cabos;2567OBR.N;20/09/2024; 1,57 ; 17,07 ; 26,79 ;Código 42;Fornecedor 42;Geral;202OBR.P;-
OBR;01120102902OBR;4921;Cabo flexivel PVC 750V vermelho 2,5 mm²;M;Elétrica - Fios e Cabos;2567OBR.N;20/09/2024; 1,57 ; 11,95 ; 18,75 ;Código 42;Fornecedor 42;Geral;202OBR.P;-
OBR;01120102903OBR;4901;Cabo flexivel PVC 750V verde 2,5 mm²;M;Elétrica - Fios e Cabos;3509OBR.N;11/03/2025; 1,28 ; 11,18 ; 14,35 ;Código 42;Fornecedor 42;Geral;364OBR.P;-
OBR;01120102903OBR;4901;Cabo flexivel PVC 750V verde 2,5 mm²;M;Elétrica - Fios e Cabos;2567OBR.N;20/09/2024; 1,57 ; 275,02 ; 431,72 ;Código 42;Fornecedor 42;Geral;202OBR.P;-
OBR;01120102904OBR;4848;Cabo flexivel PVC 750V azul 2,5 mm²;M;Elétrica - Fios e Cabos;3509OBR.N;11/03/2025; 1,28 ; 33,54 ; 43,05 ;Código 42;Fornecedor 42;Geral;364OBR.P;-
OBR;01120102904OBR;4848;Cabo flexivel PVC 750V azul 2,5 mm²;M;Elétrica - Fios e Cabos;3509OBR.N;11/03/2025; 1,28 ; 10,30 ; 13,22 ;Código 42;Fornecedor 42;Geral;364OBR.P;-
OBR;01120102904OBR;4848;Cabo flexivel PVC 750V azul 2,5 mm²;M;Elétrica - Fios e Cabos;2567OBR.N;20/09/2024; 1,57 ; 619,14 ; 971,89 ;Código 42;Fornecedor 42;Geral;202OBR.P;-
OBR;01120102905OBR;4889;Cabo flexivel PVC 750V preto 4,0 mm²;M;Elétrica - Fios e Cabos;3509OBR.N;11/03/2025; 2,07 ; 34,24 ; 70,78 ;Código 42;Fornecedor 42;Geral;364OBR.P;-
OBR;01120102905OBR;4889;Cabo flexivel PVC 750V preto 4,0 mm²;M;Elétrica - Fios e Cabos;3509OBR.N;11/03/2025; 2,07 ; 28,32 ; 58,54 ;Código 42;Fornecedor 42;Geral;364OBR.P;-
OBR;01120102905OBR;4889;Cabo flexivel PVC 750V preto 4,0 mm²;M;Elétrica - Fios e Cabos;2567OBR.N;20/09/2024; 2,46 ; 50,54 ; 124,22 ;Código 42;Fornecedor 42;Geral;202OBR.P;-
OBR;01120102906OBR;4851;Cabo flexivel PVC 750V azul 4,0 mm²;M;Elétrica - Fios e Cabos;3509OBR.N;11/03/2025; 2,07 ; 22,71 ; 46,94 ;Código 42;Fornecedor 42;Geral;364OBR.P;-
OBR;01120102906OBR;4851;Cabo flexivel PVC 750V azul 4,0 mm²;M;Elétrica - Fios e Cabos;3509OBR.N;11/03/2025; 1,28 ; 25,01 ; 32,10 ;Código 42;Fornecedor 42;Geral;364OBR.P;-
OBR;01120102906OBR;4851;Cabo flexivel PVC 750V azul 4,0 mm²;M;Elétrica - Fios e Cabos;3509OBR.N;11/03/2025; 2,07 ; 11,57 ; 23,92 ;Código 42;Fornecedor 42;Geral;364OBR.P;-
OBR;01120102906OBR;4851;Cabo flexivel PVC 750V azul 4,0 mm²;M;Elétrica - Fios e Cabos;2567OBR.N;20/09/2024; 2,46 ; 32,14 ; 79,00 ;Código 42;Fornecedor 42;Geral;202OBR.P;-
OBR;01120102907OBR;4904;Cabo flexivel PVC 750V verde 4,0 mm²;M;Elétrica - Fios e Cabos;3509OBR.N;11/03/2025; 4,89 ; 6,30 ; 30,81 ;Código 42;Fornecedor 42;Geral;364OBR.P;-
OBR;01120102907OBR;4904;Cabo flexivel PVC 750V verde 4,0 mm²;M;Elétrica - Fios e Cabos;3509OBR.N;11/03/2025; 2,07 ; 10,44 ; 21,58 ;Código 42;Fornecedor 42;Geral;364OBR.P;-
OBR;01120102907OBR;4904;Cabo flexivel PVC 750V verde 4,0 mm²;M;Elétrica - Fios e Cabos;2567OBR.N;20/09/2024; 2,46 ; 31,48 ; 77,37 ;Código 42;Fornecedor 42;Geral;202OBR.P;-
OBR;01120102908OBR;4892;Cabo flexivel PVC 750V preto 6,0 mm²;M;Elétrica - Fios e Cabos;2567OBR.N;20/09/2024; 3,73 ; 8,81 ; 32,86 ;Código 42;Fornecedor 42;Geral;202OBR.P;-
OBR;01120102908OBR;4892;Cabo flexivel PVC 750V preto 6,0 mm²;M;Elétrica - Fios e Cabos;2567OBR.N;20/09/2024; 9,39 ; 4,40 ; 41,35 ;Código 42;Fornecedor 42;Geral;202OBR.P;-
OBR;01120102908OBR;4892;Cabo flexivel PVC 750V preto 6,0 mm²;M;Elétrica - Fios e Cabos;2567OBR.N;20/09/2024; 6,21 ; 4,40 ; 27,33 ;Código 42;Fornecedor 42;Geral;202OBR.P;-
OBR;01120102908OBR;4892;Cabo flexivel PVC 750V preto 6,0 mm²;M;Elétrica - Fios e Cabos;2567OBR.N;20/09/2024; 9,39 ; 4,40 ; 41,35 ;Código 42;Fornecedor 42;Geral;202OBR.P;-
OBR;01120102908OBR;4892;Cabo flexivel PVC 750V preto 6,0 mm²;M;Elétrica - Fios e Cabos;2567OBR.N;20/09/2024; 6,21 ; 4,40 ; 27,33 ;Código 42;Fornecedor 42;Geral;202OBR.P;-
OBR;01120102908OBR;4892;Cabo flexivel PVC 750V preto 6,0 mm²;M;Elétrica - Fios e Cabos;2567OBR.N;20/09/2024; 9,39 ; 4,40 ; 41,35 ;Código 42;Fornecedor 42;Geral;202OBR.P;-
OBR;01120102908OBR;4892;Cabo flexivel PVC 750V preto 6,0 mm²;M;Elétrica - Fios e Cabos;2567OBR.N;20/09/2024; 6,21 ; 4,40 ; 27,33 ;Código 42;Fornecedor 42;Geral;202OBR.P;-
OBR;01120102908OBR;4892;Cabo flexivel PVC 750V preto 6,0 mm²;M;Elétrica - Fios e Cabos;2567OBR.N;20/09/2024; 6,21 ; 4,40 ; 27,33 ;Código 42;Fornecedor 42;Geral;202OBR.P;-
OBR;01120102908OBR;4892;Cabo flexivel PVC 750V preto 6,0 mm²;M;Elétrica - Fios e Cabos;2567OBR.N;20/09/2024; 9,39 ; 3,52 ; 33,08 ;Código 42;Fornecedor 42;Geral;202OBR.P;-
OBR;01120102908OBR;4892;Cabo flexivel PVC 750V preto 6,0 mm²;M;Elétrica - Fios e Cabos;2567OBR.N;20/09/2024; 6,21 ; 4,40 ; 27,33 ;Código 42;Fornecedor 42;Geral;202OBR.P;-
OBR;01120102909OBR;4906;Cabo flexivel PVC 750V verde 6,0 mm²;M;Elétrica - Fios e Cabos;2567OBR.N;20/09/2024; 3,73 ; 9,25 ; 34,51 ;Código 42;Fornecedor 42;Geral;202OBR.P;-
OBR;01120102910OBR;4838;Cabo flexivel PVC 750V amarelo 2,5 mm²;M;Elétrica - Fios e Cabos;3509OBR.N;11/03/2025; 1,28 ; 109,00 ; 139,90 ;Código 42;Fornecedor 42;Geral;364OBR.P;-
OBR;01120102910OBR;4838;Cabo flexivel PVC 750V amarelo 2,5 mm²;M;Elétrica - Fios e Cabos;3509OBR.N;11/03/2025; 1,28 ; 118,00 ; 151,45 ;Código 42;Fornecedor 42;Geral;364OBR.P;-
OBR;01120102911OBR;4924;Cabo flexivel PVC 750V vermelho 4,0 mm²;M;Elétrica - Fios e Cabos;2567OBR.N;20/09/2024; 1,57 ; 29,60 ; 46,46 ;Código 42;Fornecedor 42;Geral;202OBR.P;-
OBR;01120102912OBR;4868;Cabo flexivel PVC 750V branco 4,0 mm²;M;Elétrica - Fios e Cabos;3509OBR.N;11/03/2025; 2,07 ; 29,73 ; 61,46 ;Código 42;Fornecedor 42;Geral;364OBR.P;-
OBR;01120102913OBR;4926;Cabo flexivel PVC 750V vermelho 6,0 mm²;M;Elétrica - Fios e Cabos;2567OBR.N;20/09/2024; 3,73 ; 8,51 ; 31,74 ;Código 42;Fornecedor 42;Geral;202OBR.P;-
OBR;01120103001OBR;4886;Cabo flexivel PVC 750V preto 2,5 mm²;M;Elétrica - Fios e Cabos;2876OBR.N;21/11/2024; 2,11 ; 1.971,12 ; 4.158,20 ;Código 42;Fornecedor 42;Geral;250OBR.P;-
OBR;01120103001OBR;4886;Cabo flexivel PVC 750V preto 2,5 mm²;M;Elétrica - Fios e Cabos;2567OBR.N;20/09/2024; 1,57 ; 1.193,51 ; 1.873,52 ;Código 42;Fornecedor 42;Geral;202OBR.P;-
OBR;01120103002OBR;4921;Cabo flexivel PVC 750V vermelho 2,5 mm²;M;Elétrica - Fios e Cabos;3509OBR.N;11/03/2025; 1,28 ; 22,30 ; 28,62 ;Código 42;Fornecedor 42;Geral;364OBR.P;-
OBR;01120103002OBR;4921;Cabo flexivel PVC 750V vermelho 2,5 mm²;M;Elétrica - Fios e Cabos;2567OBR.N;20/09/2024; 1,57 ; 9,98 ; 15,66 ;Código 42;Fornecedor 42;Geral;202OBR.P;-
OBR;01120103002OBR;4921;Cabo flexivel PVC 750V vermelho 2,5 mm²;M;Elétrica - Fios e Cabos;2567OBR.N;20/09/2024; 1,57 ; 6,98 ; 10,96 ;Código 42;Fornecedor 42;Geral;202OBR.P;-
OBR;01120103003OBR;4865;Cabo flexivel PVC 750V branco 2,5 mm²;M;Elétrica - Fios e Cabos;2876OBR.N;21/11/2024; 2,11 ; 98,32 ; 207,41 ;Código 42;Fornecedor 42;Geral;250OBR.P;-
OBR;01120103004OBR;4901;Cabo flexivel PVC 750V verde 2,5 mm²;M;Elétrica - Fios e Cabos;2876OBR.N;21/11/2024; 2,11 ; 1.769,22 ; 3.732,27 ;Código 42;Fornecedor 42;Geral;250OBR.P;-
OBR;01120103004OBR;4901;Cabo flexivel PVC 750V verde 2,5 mm²;M;Elétrica - Fios e Cabos;2567OBR.N;20/09/2024; 1,57 ; 640,87 ; 1.006,01 ;Código 42;Fornecedor 42;Geral;202OBR.P;-
OBR;01120103005OBR;4848;Cabo flexivel PVC 750V azul 2,5 mm²;M;Elétrica - Fios e Cabos;2876OBR.N;21/11/2024; 2,11 ; 2.795,30 ; 5.896,86 ;Código 42;Fornecedor 42;Geral;250OBR.P;-
OBR;01120103005OBR;4848;Cabo flexivel PVC 750V azul 2,5 mm²;M;Elétrica - Fios e Cabos;2567OBR.N;20/09/2024; 1,57 ; 1.160,46 ; 1.821,63 ;Código 42;Fornecedor 42;Geral;202OBR.P;-
OBR;01120103006OBR;4889;Cabo flexivel PVC 750V preto 4,0 mm²;M;Elétrica - Fios e Cabos;3509OBR.N;11/03/2025; 2,07 ; 270,83 ; 559,91 ;Código 42;Fornecedor 42;Geral;364OBR.P;-
OBR;01120103006OBR;4889;Cabo flexivel PVC 750V preto 4,0 mm²;M;Elétrica - Fios e Cabos;3509OBR.N;11/03/2025; 2,07 ; 224,00 ; 463,09 ;Código 42;Fornecedor 42;Geral;364OBR.P;-
OBR;01120103006OBR;4889;Cabo flexivel PVC 750V preto 4,0 mm²;M;Elétrica - Fios e Cabos;2567OBR.N;20/09/2024; 2,46 ; 399,80 ; 982,61 ;Código 42;Fornecedor 42;Geral;202OBR.P;-
OBR;01120103007OBR;4851;Cabo flexivel PVC 750V azul 4,0 mm²;M;Elétrica - Fios e Cabos;3509OBR.N;11/03/2025; 2,07 ; 244,52 ; 505,51 ;Código 42;Fornecedor 42;Geral;364OBR.P;-
OBR;01120103007OBR;4851;Cabo flexivel PVC 750V azul 4,0 mm²;M;Elétrica - Fios e Cabos;3509OBR.N;11/03/2025; 1,28 ; 269,30 ; 345,65 ;Código 42;Fornecedor 42;Geral;364OBR.P;-
OBR;01120103007OBR;4851;Cabo flexivel PVC 750V azul 4,0 mm²;M;Elétrica - Fios e Cabos;3509OBR.N;11/03/2025; 2,07 ; 124,61 ; 257,62 ;Código 42;Fornecedor 42;Geral;364OBR.P;-
OBR;01120103007OBR;4851;Cabo flexivel PVC 750V azul 4,0 mm²;M;Elétrica - Fios e Cabos;2567OBR.N;20/09/2024; 2,46 ; 346,15 ; 850,75 ;Código 42;Fornecedor 42;Geral;202OBR.P;-
OBR;01120103008OBR;4904;Cabo flexivel PVC 750V verde 4,0 mm²;M;Elétrica - Fios e Cabos;3509OBR.N;11/03/2025; 4,89 ; 57,32 ; 280,45 ;Código 42;Fornecedor 42;Geral;364OBR.P;-
OBR;01120103008OBR;4904;Cabo flexivel PVC 750V verde 4,0 mm²;M;Elétrica - Fios e Cabos;3509OBR.N;11/03/2025; 2,07 ; 95,03 ; 196,46 ;Código 42;Fornecedor 42;Geral;364OBR.P;-
OBR;01120103008OBR;4904;Cabo flexivel PVC 750V verde 4,0 mm²;M;Elétrica - Fios e Cabos;2567OBR.N;20/09/2024; 2,46 ; 286,58 ; 704,35 ;Código 42;Fornecedor 42;Geral;202OBR.P;-
OBR;01120103009OBR;4838;Cabo flexivel PVC 750V amarelo 2,5 mm²;M;Elétrica - Fios e Cabos;2876OBR.N;21/11/2024; 2,11 ; 342,53 ; 722,58 ;Código 42;Fornecedor 42;Geral;250OBR.P;-
OBR;01120103010OBR;4924;Cabo flexivel PVC 750V vermelho 4,0 mm²;M;Elétrica - Fios e Cabos;2567OBR.N;20/09/2024; 1,57 ; 12,94 ; 20,32 ;Código 42;Fornecedor 42;Geral;202OBR.P;-
OBR;01120103011OBR;4868;Cabo flexivel PVC 750V branco 4,0 mm²;M;Elétrica - Fios e Cabos;3509OBR.N;11/03/2025; 2,07 ; 43,27 ; 89,46 ;Código 42;Fornecedor 42;Geral;364OBR.P;-
OBR;01120103012OBR;4878;Cabo flexivel PVC 750V preto 1,5 mm²;M;Elétrica - Fios e Cabos;2876OBR.N;21/11/2024; 1,31 ; 260,59 ; 341,31 ;Código 42;Fornecedor 42;Geral;250OBR.P;-
OBR;01120103012OBR;4878;Cabo flexivel PVC 750V preto 1,5 mm²;M;Elétrica - Fios e Cabos;2567OBR.N;20/09/2024; 0,98 ; 127,10 ; 124,27 ;Código 42;Fornecedor 42;Geral;202OBR.P;-
OBR;01120103013OBR;4842;Cabo flexivel PVC 750V azul 1,5 mm²;M;Elétrica - Fios e Cabos;2876OBR.N;21/11/2024; 1,31 ; 1.001,37 ; 1.311,54 ;Código 42;Fornecedor 42;Geral;250OBR.P;-
OBR;01120103013OBR;4842;Cabo flexivel PVC 750V azul 1,5 mm²;M;Elétrica - Fios e Cabos;2567OBR.N;20/09/2024; 0,98 ; 70,30 ; 68,74 ;Código 42;Fornecedor 42;Geral;202OBR.P;-
OBR;01120103014OBR;4836;Cabo flexivel PVC 750V amarelo 1,5 mm²;M;Elétrica - Fios e Cabos;2876OBR.N;21/11/2024; 1,31 ; 2.658,08 ; 3.481,39 ;Código 42;Fornecedor 42;Geral;250OBR.P;-
OBR;01120103014OBR;4836;Cabo flexivel PVC 750V amarelo 1,5 mm²;M;Elétrica - Fios e Cabos;2567OBR.N;20/09/2024; 0,98 ; 13,42 ; 13,12 ;Código 42;Fornecedor 42;Geral;202OBR.P;-
OBR;01120103015OBR;4892;Cabo flexivel PVC 750V preto 6,0 mm²;M;Elétrica - Fios e Cabos;2567OBR.N;20/09/2024; 3,73 ; 49,68 ; 185,39 ;Código 42;Fornecedor 42;Geral;202OBR.P;-
OBR;01120103015OBR;4892;Cabo flexivel PVC 750V preto 6,0 mm²;M;Elétrica - Fios e Cabos;2567OBR.N;20/09/2024; 9,39 ; 24,84 ; 233,30 ;Código 42;Fornecedor 42;Geral;202OBR.P;-
OBR;01120103015OBR;4892;Cabo flexivel PVC 750V preto 6,0 mm²;M;Elétrica - Fios e Cabos;2567OBR.N;20/09/2024; 6,21 ; 24,84 ; 154,19 ;Código 42;Fornecedor 42;Geral;202OBR.P;-
OBR;01120103015OBR;4892;Cabo flexivel PVC 750V preto 6,0 mm²;M;Elétrica - Fios e Cabos;2567OBR.N;20/09/2024; 9,39 ; 24,84 ; 233,30 ;Código 42;Fornecedor 42;Geral;202OBR.P;-
OBR;01120103015OBR;4892;Cabo flexivel PVC 750V preto 6,0 mm²;M;Elétrica - Fios e Cabos;2567OBR.N;20/09/2024; 6,21 ; 24,84 ; 154,19 ;Código 42;Fornecedor 42;Geral;202OBR.P;-
OBR;01120103015OBR;4892;Cabo flexivel PVC 750V preto 6,0 mm²;M;Elétrica - Fios e Cabos;2567OBR.N;20/09/2024; 9,39 ; 24,84 ; 233,30 ;Código 42;Fornecedor 42;Geral;202OBR.P;-
OBR;01120103015OBR;4892;Cabo flexivel PVC 750V preto 6,0 mm²;M;Elétrica - Fios e Cabos;2567OBR.N;20/09/2024; 6,21 ; 24,84 ; 154,19 ;Código 42;Fornecedor 42;Geral;202OBR.P;-
OBR;01120103015OBR;4892;Cabo flexivel PVC 750V preto 6,0 mm²;M;Elétrica - Fios e Cabos;2567OBR.N;20/09/2024; 6,21 ; 24,84 ; 154,19 ;Código 42;Fornecedor 42;Geral;202OBR.P;-
OBR;01120103015OBR;4892;Cabo flexivel PVC 750V preto 6,0 mm²;M;Elétrica - Fios e Cabos;2567OBR.N;20/09/2024; 9,39 ; 19,87 ; 186,64 ;Código 42;Fornecedor 42;Geral;202OBR.P;-
OBR;01120103015OBR;4892;Cabo flexivel PVC 750V preto 6,0 mm²;M;Elétrica - Fios e Cabos;2567OBR.N;20/09/2024; 6,21 ; 24,84 ; 154,19 ;Código 42;Fornecedor 42;Geral;202OBR.P;-
OBR;01120103020OBR;4840;Cabo flexivel PVC 750V amarelo 4,0 mm²;M;Elétrica - Fios e Cabos;3509OBR.N;11/03/2025; 1,28 ; 297,00 ; 381,20 ;Código 42;Fornecedor 42;Geral;364OBR.P;-
OBR;01120103022OBR;4895;Cabo flexivel PVC 750V verde 1,5 mm²;M;Elétrica - Fios e Cabos;2567OBR.N;20/09/2024; 0,98 ; 29,93 ; 29,26 ;Código 42;Fornecedor 42;Geral;202OBR.P;-
OBR;01120105211OBR;8768;Fitilho para amarracao 50 m;UN;Ferramentas;480890OBR.N;13/06/2024; 38,99 ; 120,00 ; 4.678,77 ;Código 40;Fornecedor 40;Geral;126OBR.P;-
OBR;01120105401OBR;5097;Cabo de cobre nu 35,0 mm²;M;Elétrica - Fios e Cabos;65587OBR.N;28/02/2024; 19,27 ; 60,00 ; 1.156,44 ;Código 43;Fornecedor 43;Geral;38OBR.P;-
OBR;01130100204OBR;4456;"Registro de pressao base 25 mm 3/4""";UN;Louças, Metais e Acessórios;504786OBR.N;07/01/2025; 47,52 ; 4,00 ; 190,07 ;Código 40;Fornecedor 40;Geral;292OBR.P;-
OBR;01130100204OBR;4456;"Registro de pressao base 25 mm 3/4""";UN;Louças, Metais e Acessórios;2288546OBR.N;04/07/2024; 30,90 ; 11,00 ; 339,91 ;Código 11;Fornecedor 11;Geral;136OBR.P;-
OBR;01130100214OBR;4445;"Registro de gaveta volante bruto 25 mm 3/4""";UN;Louças, Metais e Acessórios;2288546OBR.N;04/07/2024; 39,92 ; 5,42 ; 216,27 ;Código 11;Fornecedor 11;Geral;136OBR.P;-
OBR;01130100214OBR;4445;"Registro de gaveta volante bruto 25 mm 3/4""";UN;Louças, Metais e Acessórios;2288546OBR.N;04/07/2024; 26,77 ; 29,23 ; 782,49 ;Código 11;Fornecedor 11;Geral;136OBR.P;-
OBR;01130100302OBR;4456;"Registro de pressao base 25 mm 3/4""";UN;Louças, Metais e Acessórios;504786OBR.N;07/01/2025; 47,52 ; 4,00 ; 190,07 ;Código 40;Fornecedor 40;Geral;292OBR.P;-
OBR;01130100302OBR;4456;"Registro de pressao base 25 mm 3/4""";UN;Louças, Metais e Acessórios;2288546OBR.N;04/07/2024; 30,90 ; 11,00 ; 339,91 ;Código 11;Fornecedor 11;Geral;136OBR.P;-
OBR;01130100310OBR;4445;"Registro de gaveta volante bruto 25 mm 3/4""";UN;Louças, Metais e Acessórios;2288546OBR.N;04/07/2024; 39,92 ; 5,25 ; 209,48 ;Código 11;Fornecedor 11;Geral;136OBR.P;-
OBR;01130100310OBR;4445;"Registro de gaveta volante bruto 25 mm 3/4""";UN;Louças, Metais e Acessórios;2288546OBR.N;04/07/2024; 26,77 ; 28,32 ; 758,05 ;Código 11;Fornecedor 11;Geral;136OBR.P;-
OBR;01130100402OBR;4456;"Registro de pressao base 25 mm 3/4""";UN;Louças, Metais e Acessórios;504786OBR.N;07/01/2025; 47,52 ; 4,00 ; 190,07 ;Código 40;Fornecedor 40;Geral;292OBR.P;-
OBR;01130100402OBR;4456;"Registro de pressao base 25 mm 3/4""";UN;Louças, Metais e Acessórios;2288546OBR.N;04/07/2024; 30,90 ; 11,00 ; 339,91 ;Código 11;Fornecedor 11;Geral;136OBR.P;-
OBR;01130100410OBR;4445;"Registro de gaveta volante bruto 25 mm 3/4""";UN;Louças, Metais e Acessórios;2288546OBR.N;04/07/2024; 39,92 ; 5,25 ; 209,48 ;Código 11;Fornecedor 11;Geral;136OBR.P;-
OBR;01130100410OBR;4445;"Registro de gaveta volante bruto 25 mm 3/4""";UN;Louças, Metais e Acessórios;2288546OBR.N;04/07/2024; 26,77 ; 28,32 ; 758,05 ;Código 11;Fornecedor 11;Geral;136OBR.P;-
OBR;01130100502OBR;4456;"Registro de pressao base 25 mm 3/4""";UN;Louças, Metais e Acessórios;504786OBR.N;07/01/2025; 47,52 ; 4,00 ; 190,07 ;Código 40;Fornecedor 40;Geral;292OBR.P;-
OBR;01130100502OBR;4456;"Registro de pressao base 25 mm 3/4""";UN;Louças, Metais e Acessórios;2288546OBR.N;04/07/2024; 30,90 ; 11,00 ; 339,91 ;Código 11;Fornecedor 11;Geral;136OBR.P;-
OBR;01130100510OBR;4445;"Registro de gaveta volante bruto 25 mm 3/4""";UN;Louças, Metais e Acessórios;2288546OBR.N;04/07/2024; 39,92 ; 5,25 ; 209,48 ;Código 11;Fornecedor 11;Geral;136OBR.P;-
OBR;01130100510OBR;4445;"Registro de gaveta volante bruto 25 mm 3/4""";UN;Louças, Metais e Acessórios;2288546OBR.N;04/07/2024; 26,77 ; 28,32 ; 758,05 ;Código 11;Fornecedor 11;Geral;136OBR.P;-
OBR;01130100602OBR;4456;"Registro de pressao base 25 mm 3/4""";UN;Louças, Metais e Acessórios;504786OBR.N;07/01/2025; 47,52 ; 4,00 ; 190,07 ;Código 40;Fornecedor 40;Geral;292OBR.P;-
OBR;01130100602OBR;4456;"Registro de pressao base 25 mm 3/4""";UN;Louças, Metais e Acessórios;2288546OBR.N;04/07/2024; 30,90 ; 11,00 ; 339,91 ;Código 11;Fornecedor 11;Geral;136OBR.P;-
OBR;01130100610OBR;4445;"Registro de gaveta volante bruto 25 mm 3/4""";UN;Louças, Metais e Acessórios;2288546OBR.N;04/07/2024; 39,92 ; 5,25 ; 209,48 ;Código 11;Fornecedor 11;Geral;136OBR.P;-
OBR;01130100610OBR;4445;"Registro de gaveta volante bruto 25 mm 3/4""";UN;Louças, Metais e Acessórios;2288546OBR.N;04/07/2024; 26,77 ; 28,32 ; 758,05 ;Código 11;Fornecedor 11;Geral;136OBR.P;-
OBR;01130100702OBR;4456;"Registro de pressao base 25 mm 3/4""";UN;Louças, Metais e Acessórios;504786OBR.N;07/01/2025; 47,52 ; 4,00 ; 190,07 ;Código 40;Fornecedor 40;Geral;292OBR.P;-
OBR;01130100702OBR;4456;"Registro de pressao base 25 mm 3/4""";UN;Louças, Metais e Acessórios;2288546OBR.N;04/07/2024; 30,90 ; 11,00 ; 339,91 ;Código 11;Fornecedor 11;Geral;136OBR.P;-
OBR;01130100712OBR;4445;"Registro de gaveta volante bruto 25 mm 3/4""";UN;Louças, Metais e Acessórios;2288546OBR.N;04/07/2024; 39,92 ; 5,25 ; 209,48 ;Código 11;Fornecedor 11;Geral;136OBR.P;-
OBR;01130100712OBR;4445;"Registro de gaveta volante bruto 25 mm 3/4""";UN;Louças, Metais e Acessórios;2288546OBR.N;04/07/2024; 26,77 ; 28,32 ; 758,05 ;Código 11;Fornecedor 11;Geral;136OBR.P;-
OBR;01130100802OBR;4456;"Registro de pressao base 25 mm 3/4""";UN;Louças, Metais e Acessórios;504786OBR.N;07/01/2025; 47,52 ; 4,00 ; 190,07 ;Código 40;Fornecedor 40;Geral;292OBR.P;-
OBR;01130100802OBR;4456;"Registro de pressao base 25 mm 3/4""";UN;Louças, Metais e Acessórios;2288546OBR.N;04/07/2024; 30,90 ; 11,00 ; 339,91 ;Código 11;Fornecedor 11;Geral;136OBR.P;-
OBR;01130100811OBR;4445;"Registro de gaveta volante bruto 25 mm 3/4""";UN;Louças, Metais e Acessórios;2288546OBR.N;04/07/2024; 39,92 ; 5,25 ; 209,48 ;Código 11;Fornecedor 11;Geral;136OBR.P;-
OBR;01130100811OBR;4445;"Registro de gaveta volante bruto 25 mm 3/4""";UN;Louças, Metais e Acessórios;2288546OBR.N;04/07/2024; 26,77 ; 28,32 ; 758,05 ;Código 11;Fornecedor 11;Geral;136OBR.P;-
OBR;01130100902OBR;4456;"Registro de pressao base 25 mm 3/4""";UN;Louças, Metais e Acessórios;504786OBR.N;07/01/2025; 47,52 ; 4,00 ; 190,07 ;Código 40;Fornecedor 40;Geral;292OBR.P;-
OBR;01130100902OBR;4456;"Registro de pressao base 25 mm 3/4""";UN;Louças, Metais e Acessórios;2288546OBR.N;04/07/2024; 30,90 ; 11,00 ; 339,91 ;Código 11;Fornecedor 11;Geral;136OBR.P;-
OBR;01130100912OBR;4445;"Registro de gaveta volante bruto 25 mm 3/4""";UN;Louças, Metais e Acessórios;2288546OBR.N;04/07/2024; 39,92 ; 5,25 ; 209,48 ;Código 11;Fornecedor 11;Geral;136OBR.P;-
OBR;01130100912OBR;4445;"Registro de gaveta volante bruto 25 mm 3/4""";UN;Louças, Metais e Acessórios;2288546OBR.N;04/07/2024; 26,77 ; 28,32 ; 758,05 ;Código 11;Fornecedor 11;Geral;136OBR.P;-
OBR;01130101008OBR;4445;"Registro de gaveta volante bruto 25 mm 3/4""";UN;Louças, Metais e Acessórios;2288546OBR.N;04/07/2024; 39,92 ; 0,85 ; 33,77 ;Código 11;Fornecedor 11;Geral;136OBR.P;-
OBR;01130101008OBR;4445;"Registro de gaveta volante bruto 25 mm 3/4""";UN;Louças, Metais e Acessórios;2288546OBR.N;04/07/2024; 26,77 ; 4,57 ; 122,27 ;Código 11;Fornecedor 11;Geral;136OBR.P;-
OBR;01130101130OBR;3646;"Valvula de retencao vertical 1.1/4""";UN;Louças, Metais e Acessórios;528043OBR.N;08/07/2025; 91,46 ; 1,00 ; 91,46 ;Código 40;Fornecedor 40;Geral;406OBR.P;-
OBR;01130101130OBR;3646;"Valvula de retencao vertical 1.1/4""";UN;Louças, Metais e Acessórios;13657OBR.N;24/06/2025; 402,50 ; 1,00 ; 402,50 ;Código 108;Fornecedor 108;Geral;404OBR.P;-
OBR;01130101130OBR;3646;"Valvula de retencao vertical 1.1/4""";UN;Louças, Metais e Acessórios;13657OBR.N;24/06/2025; 437,00 ; 1,00 ; 437,00 ;Código 108;Fornecedor 108;Geral;404OBR.P;-
OBR;01130101205OBR;4433;"Registro de gaveta base 25 mm 3/4""";UN;Louças, Metais e Acessórios;517001OBR.N;28/03/2025; 40,47 ; 7,50 ; 303,51 ;Código 40;Fornecedor 40;Geral;381OBR.P;-
OBR;01130101205OBR;4433;"Registro de gaveta base 25 mm 3/4""";UN;Louças, Metais e Acessórios;2288546OBR.N;04/07/2024; 30,90 ; 10,00 ; 309,01 ;Código 11;Fornecedor 11;Geral;136OBR.P;-
OBR;01130101205OBR;4433;"Registro de gaveta base 25 mm 3/4""";UN;Louças, Metais e Acessórios;2288546OBR.N;04/07/2024; 26,77 ; 17,00 ; 455,12 ;Código 11;Fornecedor 11;Geral;136OBR.P;-
OBR;01130101206OBR;10063;"Base Misturador Monocomando 3/4""";UN;Louças, Metais e Acessórios;480890OBR.N;13/06/2024; 292,12 ; 6,00 ; 1.752,74 ;Código 40;Fornecedor 40;Geral;126OBR.P;-
OBR;01130101305OBR;4433;"Registro de gaveta base 25 mm 3/4""";UN;Louças, Metais e Acessórios;517001OBR.N;28/03/2025; 40,47 ; 7,50 ; 303,51 ;Código 40;Fornecedor 40;Geral;381OBR.P;-
OBR;01130101305OBR;4433;"Registro de gaveta base 25 mm 3/4""";UN;Louças, Metais e Acessórios;2288546OBR.N;04/07/2024; 30,90 ; 10,00 ; 309,01 ;Código 11;Fornecedor 11;Geral;136OBR.P;-
OBR;01130101305OBR;4433;"Registro de gaveta base 25 mm 3/4""";UN;Louças, Metais e Acessórios;2288546OBR.N;04/07/2024; 26,77 ; 17,00 ; 455,12 ;Código 11;Fornecedor 11;Geral;136OBR.P;-
OBR;01130101306OBR;10063;"Base Misturador Monocomando 3/4""";UN;Louças, Metais e Acessórios;480890OBR.N;13/06/2024; 292,12 ; 3,00 ; 876,37 ;Código 40;Fornecedor 40;Geral;126OBR.P;-
OBR;01130101405OBR;4433;"Registro de gaveta base 25 mm 3/4""";UN;Louças, Metais e Acessórios;517001OBR.N;28/03/2025; 40,47 ; 7,50 ; 303,51 ;Código 40;Fornecedor 40;Geral;381OBR.P;-
OBR;01130101405OBR;4433;"Registro de gaveta base 25 mm 3/4""";UN;Louças, Metais e Acessórios;2288546OBR.N;04/07/2024; 30,90 ; 10,00 ; 309,01 ;Código 11;Fornecedor 11;Geral;136OBR.P;-
OBR;01130101405OBR;4433;"Registro de gaveta base 25 mm 3/4""";UN;Louças, Metais e Acessórios;2288546OBR.N;04/07/2024; 26,77 ; 17,00 ; 455,12 ;Código 11;Fornecedor 11;Geral;136OBR.P;-
OBR;01130101505OBR;4433;"Registro de gaveta base 25 mm 3/4""";UN;Louças, Metais e Acessórios;517001OBR.N;28/03/2025; 40,47 ; 7,50 ; 303,51 ;Código 40;Fornecedor 40;Geral;381OBR.P;-
OBR;01130101505OBR;4433;"Registro de gaveta base 25 mm 3/4""";UN;Louças, Metais e Acessórios;2288546OBR.N;04/07/2024; 30,90 ; 10,00 ; 309,01 ;Código 11;Fornecedor 11;Geral;136OBR.P;-
OBR;01130101505OBR;4433;"Registro de gaveta base 25 mm 3/4""";UN;Louças, Metais e Acessórios;2288546OBR.N;04/07/2024; 26,77 ; 17,00 ; 455,12 ;Código 11;Fornecedor 11;Geral;136OBR.P;-
OBR;01130101605OBR;4433;"Registro de gaveta base 25 mm 3/4""";UN;Louças, Metais e Acessórios;517001OBR.N;28/03/2025; 40,47 ; 7,50 ; 303,51 ;Código 40;Fornecedor 40;Geral;381OBR.P;-
OBR;01130101605OBR;4433;"Registro de gaveta base 25 mm 3/4""";UN;Louças, Metais e Acessórios;2288546OBR.N;04/07/2024; 30,90 ; 10,00 ; 309,01 ;Código 11;Fornecedor 11;Geral;136OBR.P;-
OBR;01130101605OBR;4433;"Registro de gaveta base 25 mm 3/4""";UN;Louças, Metais e Acessórios;2288546OBR.N;04/07/2024; 26,77 ; 17,00 ; 455,12 ;Código 11;Fornecedor 11;Geral;136OBR.P;-
OBR;01130101705OBR;4433;"Registro de gaveta base 25 mm 3/4""";UN;Louças, Metais e Acessórios;517001OBR.N;28/03/2025; 40,47 ; 7,50 ; 303,51 ;Código 40;Fornecedor 40;Geral;381OBR.P;-
OBR;01130101705OBR;4433;"Registro de gaveta base 25 mm 3/4""";UN;Louças, Metais e Acessórios;2288546OBR.N;04/07/2024; 30,90 ; 10,00 ; 309,01 ;Código 11;Fornecedor 11;Geral;136OBR.P;-
OBR;01130101705OBR;4433;"Registro de gaveta base 25 mm 3/4""";UN;Louças, Metais e Acessórios;2288546OBR.N;04/07/2024; 26,77 ; 17,00 ; 455,12 ;Código 11;Fornecedor 11;Geral;136OBR.P;-
OBR;01130101805OBR;4433;"Registro de gaveta base 25 mm 3/4""";UN;Louças, Metais e Acessórios;517001OBR.N;28/03/2025; 40,47 ; 7,50 ; 303,51 ;Código 40;Fornecedor 40;Geral;381OBR.P;-
OBR;01130101805OBR;4433;"Registro de gaveta base 25 mm 3/4""";UN;Louças, Metais e Acessórios;2288546OBR.N;04/07/2024; 30,90 ; 10,00 ; 309,01 ;Código 11;Fornecedor 11;Geral;136OBR.P;-
OBR;01130101805OBR;4433;"Registro de gaveta base 25 mm 3/4""";UN;Louças, Metais e Acessórios;2288546OBR.N;04/07/2024; 26,77 ; 17,00 ; 455,12 ;Código 11;Fornecedor 11;Geral;136OBR.P;-
OBR;01130101905OBR;4433;"Registro de gaveta base 25 mm 3/4""";UN;Louças, Metais e Acessórios;517001OBR.N;28/03/2025; 40,47 ; 7,50 ; 303,51 ;Código 40;Fornecedor 40;Geral;381OBR.P;-
OBR;01130101905OBR;4433;"Registro de gaveta base 25 mm 3/4""";UN;Louças, Metais e Acessórios;2288546OBR.N;04/07/2024; 30,90 ; 10,00 ; 309,01 ;Código 11;Fornecedor 11;Geral;136OBR.P;-
OBR;01130101905OBR;4433;"Registro de gaveta base 25 mm 3/4""";UN;Louças, Metais e Acessórios;2288546OBR.N;04/07/2024; 26,77 ; 17,00 ; 455,12 ;Código 11;Fornecedor 11;Geral;136OBR.P;-
OBR;01130103202OBR;8748;Lixa ferro grao 100;UN;Ferramentas;480229OBR.N;26/06/2024; 2,26 ; 20,00 ; 45,22 ;Código 40;Fornecedor 40;Geral;122OBR.P;-
OBR;01130103202OBR;8748;Lixa ferro grao 100;UN;Ferramentas;480229OBR.N;26/06/2024; 2,09 ; 20,00 ; 41,86 ;Código 40;Fornecedor 40;Geral;122OBR.P;-
OBR;01130103202OBR;8748;Lixa ferro grao 100;UN;Ferramentas;480229OBR.N;26/06/2024; 2,09 ; 40,00 ; 83,72 ;Código 40;Fornecedor 40;Geral;122OBR.P;-
OBR;01130106513OBR;4450;"Registro de gaveta volante bruto 65 mm 2.1/2""";UN;Louças, Metais e Acessórios;528043OBR.N;08/07/2025; 153,51 ; 1,00 ; 153,51 ;Código 40;Fornecedor 40;Geral;406OBR.P;-
OBR;01130106513OBR;4450;"Registro de gaveta volante bruto 65 mm 2.1/2""";UN;Louças, Metais e Acessórios;528043OBR.N;08/07/2025; 131,48 ; 2,00 ; 262,96 ;Código 40;Fornecedor 40;Geral;406OBR.P;-
OBR;01130106513OBR;4450;"Registro de gaveta volante bruto 65 mm 2.1/2""";UN;Louças, Metais e Acessórios;13657OBR.N;24/06/2025; 379,50 ; 6,00 ; 2.277,00 ;Código 108;Fornecedor 108;Geral;404OBR.P;-
OBR;01130106513OBR;4450;"Registro de gaveta volante bruto 65 mm 2.1/2""";UN;Louças, Metais e Acessórios;13657OBR.N;24/06/2025; 92,00 ; 1,00 ; 92,00 ;Código 108;Fornecedor 108;Geral;404OBR.P;-
OBR;01130213102OBR;1472;Pintura de tubulacao incendio;M2;Mão de obra de Pintura e Outros Acabamentos;000OBR.N;13/12/2024; 1,58 ; 1.049,37 ; 1.656,42 ;Código 56;Fornecedor 56;Geral;-;816OBR.C
OBR;01130213202OBR;1472;Pintura de tubulacao incendio;M2;Mão de obra de Pintura e Outros Acabamentos;000OBR.N;13/12/2024; 1,58 ; 474,61 ; 749,17 ;Código 56;Fornecedor 56;Geral;-;816OBR.C
OBR;01130213302OBR;1472;Pintura de tubulacao incendio;M2;Mão de obra de Pintura e Outros Acabamentos;000OBR.N;13/12/2024; 1,58 ; 479,93 ; 757,56 ;Código 56;Fornecedor 56;Geral;-;816OBR.C
OBR;01130213402OBR;1472;Pintura de tubulacao incendio;M2;Mão de obra de Pintura e Outros Acabamentos;000OBR.N;13/12/2024; 1,58 ; 479,92 ; 757,55 ;Código 56;Fornecedor 56;Geral;-;816OBR.C
OBR;01130213502OBR;1472;Pintura de tubulacao incendio;M2;Mão de obra de Pintura e Outros Acabamentos;33OBR.N;16/12/2024; 1,58 ; 479,92 ; 757,55 ;Código 56;Fornecedor 56;Geral;-;816OBR.C
OBR;01130213602OBR;1472;Pintura de tubulacao incendio;M2;Mão de obra de Pintura e Outros Acabamentos;000OBR.N;13/12/2024; 1,58 ; 479,92 ; 757,55 ;Código 56;Fornecedor 56;Geral;-;816OBR.C
OBR;01130213702OBR;1472;Pintura de tubulacao incendio;M2;Mão de obra de Pintura e Outros Acabamentos;000OBR.N;13/12/2024; 1,58 ; 479,92 ; 757,55 ;Código 56;Fornecedor 56;Geral;-;816OBR.C
OBR;01130213802OBR;1472;Pintura de tubulacao incendio;M2;Mão de obra de Pintura e Outros Acabamentos;000OBR.N;13/12/2024; 1,58 ; 479,92 ; 757,55 ;Código 56;Fornecedor 56;Geral;-;816OBR.C
OBR;01130213902OBR;1472;Pintura de tubulacao incendio;M2;Mão de obra de Pintura e Outros Acabamentos;000OBR.N;13/12/2024; 1,58 ; 479,92 ; 757,55 ;Código 56;Fornecedor 56;Geral;-;816OBR.C
OBR;01130214002OBR;1472;Pintura de tubulacao incendio;M2;Mão de obra de Pintura e Outros Acabamentos;000OBR.N;13/12/2024; 1,58 ; 152,91 ; 241,37 ;Código 56;Fornecedor 56;Geral;-;816OBR.C
OBR;01130214102OBR;1472;Pintura de tubulacao incendio;M2;Mão de obra de Pintura e Outros Acabamentos;000OBR.N;13/12/2024; 1,58 ; 62,13 ; 98,07 ;Código 56;Fornecedor 56;Geral;-;816OBR.C
OBR;01130300101OBR;4418;"Prolongador latao para torneira curto 1/2""";UN;Louças, Metais e Acessórios;517517OBR.N;11/04/2025; 10,78 ; 110,00 ; 1.185,31 ;Código 40;Fornecedor 40;Geral;377OBR.P;-
OBR;01130300101OBR;4418;"Prolongador latao para torneira curto 1/2""";UN;Louças, Metais e Acessórios;517517OBR.N;11/04/2025; 12,17 ; 10,00 ; 121,67 ;Código 40;Fornecedor 40;Geral;377OBR.P;-
OBR;01130300101OBR;4418;"Prolongador latao para torneira curto 1/2""";UN;Louças, Metais e Acessórios;517517OBR.N;11/04/2025; 7,98 ; 110,00 ; 877,91 ;Código 40;Fornecedor 40;Geral;377OBR.P;-
OBR;01130300101OBR;4418;"Prolongador latao para torneira curto 1/2""";UN;Louças, Metais e Acessórios;517517OBR.N;11/04/2025; 18,99 ; 30,00 ; 569,60 ;Código 40;Fornecedor 40;Geral;377OBR.P;-
OBR;01140100101OBR;7056;Conjunto de 3 ganchos de fixacao para elevador;UN;Serralheria;701OBR.N;14/08/2024; 517,50 ; 3,00 ; 1.552,50 ;Código 117;Fornecedor 117;Geral;200OBR.P;-
OBR;01160201801OBR;8036;Bloco de espuma;UN;Materiais de Higiene e Limpeza;53053OBR.N;30/01/2025; 1,73 ; 52,76 ; 91,02 ;Código 17;Fornecedor 17;Geral;345OBR.P;-
OBR;01160201901OBR;8036;Bloco de espuma;UN;Materiais de Higiene e Limpeza;53053OBR.N;30/01/2025; 1,73 ; 0,66 ; 1,13 ;Código 17;Fornecedor 17;Geral;345OBR.P;-
OBR;01160201902OBR;8036;Bloco de espuma;UN;Materiais de Higiene e Limpeza;53053OBR.N;30/01/2025; 1,73 ; 0,58 ; 1,00 ;Código 17;Fornecedor 17;Geral;345OBR.P;-
OBR;01170301101OBR;7376;Bobina de salva piso sem cola 1,3 x 100 m;UN;Materiais de Escritório e Informática;56450OBR.N;28/03/2025; 125,35 ; 4,00 ; 501,40 ;Código 17;Fornecedor 17;Geral;379OBR.P;-
OBR;01170301101OBR;7376;Bobina de salva piso sem cola 1,3 x 100 m;UN;Materiais de Escritório e Informática;53556OBR.N;05/02/2025; 201,25 ; 2,10 ; 422,83 ;Código 17;Fornecedor 17;Geral;350OBR.P;-
OBR;01170301101OBR;8036;Bloco de espuma;UN;Materiais de Higiene e Limpeza;53053OBR.N;30/01/2025; 1,73 ; 34,20 ; 59,00 ;Código 17;Fornecedor 17;Geral;345OBR.P;-
OBR;01170301201OBR;7376;Bobina de salva piso sem cola 1,3 x 100 m;UN;Materiais de Escritório e Informática;56450OBR.N;28/03/2025; 125,35 ; 2,00 ; 250,70 ;Código 17;Fornecedor 17;Geral;379OBR.P;-
OBR;01170301201OBR;7376;Bobina de salva piso sem cola 1,3 x 100 m;UN;Materiais de Escritório e Informática;53556OBR.N;05/02/2025; 201,25 ; 1,30 ; 262,43 ;Código 17;Fornecedor 17;Geral;350OBR.P;-
OBR;01170301201OBR;8036;Bloco de espuma;UN;Materiais de Higiene e Limpeza;53053OBR.N;30/01/2025; 1,73 ; 21,23 ; 36,61 ;Código 17;Fornecedor 17;Geral;345OBR.P;-
OBR;01170301301OBR;7376;Bobina de salva piso sem cola 1,3 x 100 m;UN;Materiais de Escritório e Informática;53556OBR.N;05/02/2025; 201,25 ; 0,05 ; 10,26 ;Código 17;Fornecedor 17;Geral;350OBR.P;-
OBR;01170301301OBR;8036;Bloco de espuma;UN;Materiais de Higiene e Limpeza;53053OBR.N;30/01/2025; 1,73 ; 0,83 ; 1,43 ;Código 17;Fornecedor 17;Geral;345OBR.P;-
OBR;01170301302OBR;7376;Bobina de salva piso sem cola 1,3 x 100 m;UN;Materiais de Escritório e Informática;53556OBR.N;05/02/2025; 201,25 ; 5,24 ; 1.054,55 ;Código 17;Fornecedor 17;Geral;350OBR.P;-
OBR;01170301302OBR;8036;Bloco de espuma;UN;Materiais de Higiene e Limpeza;53053OBR.N;30/01/2025; 1,73 ; 85,32 ; 147,18 ;Código 17;Fornecedor 17;Geral;345OBR.P;-
OBR;01170301302OBR;7376;Bobina de salva piso sem cola 1,3 x 100 m;UN;Materiais de Escritório e Informática;50079OBR.N;01/11/2024; 211,96 ; 10,00 ; 2.119,57 ;Código 17;Fornecedor 17;Geral;257OBR.P;-
OBR;01180300102OBR;1466;Pintura com textura projetada;M2;Mão de obra de Pintura e Outros Acabamentos;13OBR.N;06/05/2025; 23,32 ; 491,47 ; 11.462,17 ;Código 132;Fornecedor 132;Geral;-;1194OBR.C
OBR;01180300102OBR;1466;Pintura com textura projetada;M2;Mão de obra de Pintura e Outros Acabamentos;1518OBR.N;01/04/2025; 23,32 ; 641,03 ; 14.950,00 ;Código 132;Fornecedor 132;Geral;-;1194OBR.C
OBR;01180300301OBR;1319;Lixamento;M2;Mão de obra de Pintura e Outros Acabamentos;6OBR.N;06/03/2025; 2,88 ; 72,41 ; 208,18 ;Código 132;Fornecedor 132;Geral;-;1194OBR.C
OBR;01180300301OBR;1301;Emassamento 1ª demao;M2;Mão de obra de Pintura e Outros Acabamentos;6OBR.N;06/03/2025; 5,16 ; 72,41 ; 373,90 ;Código 132;Fornecedor 132;Geral;-;1194OBR.C
OBR;01180300302OBR;1466;Pintura com textura projetada;M2;Mão de obra de Pintura e Outros Acabamentos;22OBR.N;02/07/2025; 25,33 ; 335,89 ; 8.509,61 ;Código 132;Fornecedor 132;Geral;-;1194OBR.C
OBR;01180300302OBR;1466;Pintura com textura projetada;M2;Mão de obra de Pintura e Outros Acabamentos;6OBR.N;06/03/2025; 25,33 ; 416,68 ; 10.556,30 ;Código 132;Fornecedor 132;Geral;-;1194OBR.C
OBR;01180300302OBR;1464;Pintura com selador;M2;Mão de obra de Pintura e Outros Acabamentos;6OBR.N;06/03/2025; 3,01 ; 952,40 ; 2.869,59 ;Código 132;Fornecedor 132;Geral;-;1194OBR.C
OBR;01180300303OBR;1467;Pintura com textura projetada Linear;M;Mão de obra de Pintura e Outros Acabamentos;6OBR.N;06/03/2025; 12,67 ; 190,30 ; 2.410,57 ;Código 132;Fornecedor 132;Geral;-;1194OBR.C
OBR;01180300303OBR;1465;Pintura com selador Linear;M;Mão de obra de Pintura e Outros Acabamentos;6OBR.N;06/03/2025; 1,51 ; 190,30 ; 286,69 ;Código 132;Fornecedor 132;Geral;-;1194OBR.C
OBR;01180300401OBR;1319;Lixamento;M2;Mão de obra de Pintura e Outros Acabamentos;6OBR.N;06/03/2025; 2,88 ; 38,38 ; 110,34 ;Código 132;Fornecedor 132;Geral;-;1194OBR.C
OBR;01180300401OBR;1301;Emassamento 1ª demao;M2;Mão de obra de Pintura e Outros Acabamentos;6OBR.N;06/03/2025; 5,16 ; 38,38 ; 198,17 ;Código 132;Fornecedor 132;Geral;-;1194OBR.C
OBR;01180300402OBR;1466;Pintura com textura projetada;M2;Mão de obra de Pintura e Outros Acabamentos;1518OBR.N;01/04/2025; 25,33 ; 511,63 ; 12.961,88 ;Código 132;Fornecedor 132;Geral;-;1194OBR.C
OBR;01180300402OBR;1466;Pintura com textura projetada;M2;Mão de obra de Pintura e Outros Acabamentos;6OBR.N;06/03/2025; 25,33 ; 357,15 ; 9.048,25 ;Código 132;Fornecedor 132;Geral;-;1194OBR.C
OBR;01180300402OBR;1464;Pintura com selador;M2;Mão de obra de Pintura e Outros Acabamentos;6OBR.N;06/03/2025; 3,01 ; 630,97 ; 1.901,11 ;Código 132;Fornecedor 132;Geral;-;1194OBR.C
OBR;01180300403OBR;1467;Pintura com textura projetada Linear;M;Mão de obra de Pintura e Outros Acabamentos;6OBR.N;06/03/2025; 12,67 ; 66,60 ; 843,70 ;Código 132;Fornecedor 132;Geral;-;1194OBR.C
OBR;01180300403OBR;1465;Pintura com selador Linear;M;Mão de obra de Pintura e Outros Acabamentos;6OBR.N;06/03/2025; 1,51 ; 100,86 ; 151,95 ;Código 132;Fornecedor 132;Geral;-;1194OBR.C
OBR;01180300501OBR;1319;Lixamento;M2;Mão de obra de Pintura e Outros Acabamentos;6OBR.N;06/03/2025; 2,88 ; 50,69 ; 145,73 ;Código 132;Fornecedor 132;Geral;-;1194OBR.C
OBR;01180300501OBR;1301;Emassamento 1ª demao;M2;Mão de obra de Pintura e Outros Acabamentos;6OBR.N;06/03/2025; 5,16 ; 50,69 ; 261,73 ;Código 132;Fornecedor 132;Geral;-;1194OBR.C
OBR;01180300502OBR;1466;Pintura com textura projetada;M2;Mão de obra de Pintura e Outros Acabamentos;22OBR.N;02/07/2025; 25,33 ; 440,00 ; 11.147,18 ;Código 132;Fornecedor 132;Geral;-;1194OBR.C
OBR;01180300502OBR;1464;Pintura com selador;M2;Mão de obra de Pintura e Outros Acabamentos;22OBR.N;02/07/2025; 3,01 ; 357,15 ; 1.076,09 ;Código 132;Fornecedor 132;Geral;-;1194OBR.C
OBR;01180300502OBR;1466;Pintura com textura projetada;M2;Mão de obra de Pintura e Outros Acabamentos;6OBR.N;06/03/2025; 25,33 ; 357,15 ; 9.048,25 ;Código 132;Fornecedor 132;Geral;-;1194OBR.C
OBR;01180300502OBR;1464;Pintura com selador;M2;Mão de obra de Pintura e Outros Acabamentos;6OBR.N;06/03/2025; 3,01 ; 833,35 ; 2.510,89 ;Código 132;Fornecedor 132;Geral;-;1194OBR.C
OBR;01180300503OBR;1465;Pintura com selador Linear;M;Mão de obra de Pintura e Outros Acabamentos;22OBR.N;02/07/2025; 1,51 ; 57,09 ; 86,01 ;Código 132;Fornecedor 132;Geral;-;1194OBR.C
OBR;01180300503OBR;1467;Pintura com textura projetada Linear;M;Mão de obra de Pintura e Outros Acabamentos;6OBR.N;06/03/2025; 12,67 ; 133,21 ; 1.687,40 ;Código 132;Fornecedor 132;Geral;-;1194OBR.C
OBR;01180300503OBR;1465;Pintura com selador Linear;M;Mão de obra de Pintura e Outros Acabamentos;6OBR.N;06/03/2025; 1,51 ; 133,21 ; 200,68 ;Código 132;Fornecedor 132;Geral;-;1194OBR.C
OBR;01180300602OBR;8036;Bloco de espuma;UN;Materiais de Higiene e Limpeza;53053OBR.N;30/01/2025; 1,73 ; 4,42 ; 7,62 ;Código 17;Fornecedor 17;Geral;345OBR.P;-
OBR;01190200101OBR;3028;Materiais para montagem de estrutura de cobertura - em madeira pinus;M2;Madeira;287OBR.N;13/05/2025; 32,74 ; 167,90 ; 5.496,99 ;Código 140;Fornecedor 140;Geral;299OBR.P;-
OBR;01200200302OBR;1460;Pintura 1ª demao Linear;M;Mão de obra de Pintura e Outros Acabamentos;1504OBR.N;05/03/2025; 2,58 ; 94,99 ; 244,70 ;Código 142;Fornecedor 142;Geral;-;1195OBR.C
OBR;01200200303OBR;1462;Pintura 2ª demao Linear;M;Mão de obra de Pintura e Outros Acabamentos;1504OBR.N;05/03/2025; 2,58 ; 94,99 ; 244,70 ;Código 142;Fornecedor 142;Geral;-;1195OBR.C
OBR;01210100101OBR;3670;Bacia sanitaria em louca com caixa acoplada comando duplo;UN;Louças, Metais e Acessórios;189197OBR.N;13/03/2025; 367,77 ; 89,48 ; 32.908,37 ;Código 143;Fornecedor 143;Geral;343OBR.P;-
OBR;01210100101OBR;3670;Bacia sanitaria em louca com caixa acoplada comando duplo;UN;Louças, Metais e Acessórios;162OBR.N;27/01/2025; 2.040,68 ; 3,00 ; 6.122,03 ;Código 13;Fornecedor 13;Geral;344OBR.P;-
OBR;01210100201OBR;3735;"Torneira lavatorio comando mesa arejador simples - cromado 1/2""";UN;Louças, Metais e Acessórios;203OBR.N;14/02/2025; 567,53 ; 16,00 ; 9.080,40 ;Código 13;Fornecedor 13;Geral;349OBR.P;-
OBR;01210100201OBR;3676;Cuba de embutir universal oval para banheiro;UN;Louças, Metais e Acessórios;746038OBR.N;22/01/2025; 56,51 ; 100,00 ; 5.651,10 ;Código 144;Fornecedor 144;Geral;331OBR.P;-
OBR;01210100301OBR;3741;"Torneira jardim metalica cromada longa com canopla 1/2""";UN;Louças, Metais e Acessórios;1175097OBR.N;10/04/2025; 79,89 ; 16,00 ; 1.278,25 ;Código 143;Fornecedor 143;Geral;343OBR.P;-
OBR;01210100301OBR;3693;Tanque de PVC com materiais para fixacao 21 L;UN;Louças, Metais e Acessórios;193OBR.N;21/02/2025; 86,85 ; 16,00 ; 1.389,54 ;Código 13;Fornecedor 13;Geral;344OBR.P;-
OBR;01210100401OBR;3698;Lavatorio suspenso conforme NBR 9050 Branco 30 x 33 x 41 cm;UN;Louças, Metais e Acessórios;760046OBR.N;25/04/2025; 139,30 ; 1,00 ; 139,30 ;Código 12;Fornecedor 12;Geral;343OBR.P;-
OBR;01210100401OBR;3664;Bacia sanitaria sem caixa acoplada - PNE;UN;Louças, Metais e Acessórios;760046OBR.N;25/04/2025; 615,00 ; 1,00 ; 615,00 ;Código 12;Fornecedor 12;Geral;343OBR.P;-
OBR;01210100402OBR;3804;Barra de apoio Para banheiro em aco inox Lateral 30 cm;UN;Louças, Metais e Acessórios;193OBR.N;21/02/2025; 100,40 ; 2,00 ; 200,79 ;Código 13;Fornecedor 13;Geral;344OBR.P;-
OBR;01210100402OBR;3797;Barra de apoio Para banheiro em aco inox 70 cm;UN;Louças, Metais e Acessórios;193OBR.N;21/02/2025; 84,10 ; 1,00 ; 84,10 ;Código 13;Fornecedor 13;Geral;344OBR.P;-
OBR;01210100402OBR;3796;Barra de apoio Para banheiro em aco inox 80 cm;UN;Louças, Metais e Acessórios;193OBR.N;21/02/2025; 91,20 ; 1,00 ; 91,20 ;Código 13;Fornecedor 13;Geral;344OBR.P;-
OBR;01210100402OBR;3795;Barra de apoio Para banheiro em aco inox 90 cm;UN;Louças, Metais e Acessórios;193OBR.N;21/02/2025; 91,20 ; 1,00 ; 91,20 ;Código 13;Fornecedor 13;Geral;344OBR.P;-
OBR;01210100403OBR;3752;Torneira de alavanca metal cromado com bica movel PNE;UN;Louças, Metais e Acessórios;154014OBR.N;28/03/2025; 331,17 ; 1,00 ; 331,17 ;Código 11;Fornecedor 11;Geral;342OBR.P;-
OBR;01240100301OBR;1301;Emassamento 1ª demao;M2;Mão de obra de Pintura e Outros Acabamentos;1518OBR.N;01/04/2025; 5,16 ; 22,28 ; 115,06 ;Código 132;Fornecedor 132;Geral;-;1194OBR.C
OBR;01240100301OBR;1319;Lixamento;M2;Mão de obra de Pintura e Outros Acabamentos;1518OBR.N;01/04/2025; 1,44 ; 147,74 ; 212,37 ;Código 132;Fornecedor 132;Geral;-;1194OBR.C
OBR;01240100301OBR;1319;Lixamento;M2;Mão de obra de Pintura e Outros Acabamentos;1518OBR.N;01/04/2025; 2,88 ; 397,35 ; 1.142,38 ;Código 132;Fornecedor 132;Geral;-;1194OBR.C
OBR;01240100301OBR;1301;Emassamento 1ª demao;M2;Mão de obra de Pintura e Outros Acabamentos;1518OBR.N;01/04/2025; 2,58 ; 147,74 ; 380,58 ;Código 132;Fornecedor 132;Geral;-;1194OBR.C
OBR;01240100301OBR;1301;Emassamento 1ª demao;M2;Mão de obra de Pintura e Outros Acabamentos;1518OBR.N;01/04/2025; 5,16 ; 397,35 ; 2.051,72 ;Código 132;Fornecedor 132;Geral;-;1194OBR.C
OBR;01240100304OBR;1303;Emassamento 2ª demao;M2;Mão de obra de Pintura e Outros Acabamentos;1518OBR.N;01/04/2025; 5,23 ; 0,08 ; 0,40 ;Código 132;Fornecedor 132;Geral;-;1194OBR.C
OBR;01240100304OBR;1303;Emassamento 2ª demao;M2;Mão de obra de Pintura e Outros Acabamentos;1518OBR.N;01/04/2025; 2,58 ; 0,51 ; 1,31 ;Código 132;Fornecedor 132;Geral;-;1194OBR.C
OBR;01240100304OBR;1303;Emassamento 2ª demao;M2;Mão de obra de Pintura e Outros Acabamentos;1518OBR.N;01/04/2025; 5,16 ; 371,03 ; 1.915,79 ;Código 132;Fornecedor 132;Geral;-;1194OBR.C
OBR;01240100401OBR;1301;Emassamento 1ª demao;M2;Mão de obra de Pintura e Outros Acabamentos;17OBR.N;03/06/2025; 2,58 ; 34,80 ; 89,66 ;Código 132;Fornecedor 132;Geral;-;1194OBR.C
OBR;01240100401OBR;1319;Lixamento;M2;Mão de obra de Pintura e Outros Acabamentos;13OBR.N;06/05/2025; 1,44 ; 117,00 ; 168,19 ;Código 132;Fornecedor 132;Geral;-;1194OBR.C
OBR;01240100401OBR;1301;Emassamento 1ª demao;M2;Mão de obra de Pintura e Outros Acabamentos;13OBR.N;06/05/2025; 2,58 ; 94,78 ; 244,15 ;Código 132;Fornecedor 132;Geral;-;1194OBR.C
OBR;01240100401OBR;1301;Emassamento 1ª demao;M2;Mão de obra de Pintura e Outros Acabamentos;6OBR.N;06/03/2025; 5,16 ; 22,34 ; 115,33 ;Código 132;Fornecedor 132;Geral;-;1194OBR.C
OBR;01240100401OBR;1319;Lixamento;M2;Mão de obra de Pintura e Outros Acabamentos;6OBR.N;06/03/2025; 1,44 ; 18,51 ; 26,61 ;Código 132;Fornecedor 132;Geral;-;1194OBR.C
OBR;01240100401OBR;1319;Lixamento;M2;Mão de obra de Pintura e Outros Acabamentos;6OBR.N;06/03/2025; 2,88 ; 398,32 ; 1.145,17 ;Código 132;Fornecedor 132;Geral;-;1194OBR.C
OBR;01240100401OBR;1301;Emassamento 1ª demao;M2;Mão de obra de Pintura e Outros Acabamentos;6OBR.N;06/03/2025; 2,58 ; 18,51 ; 47,69 ;Código 132;Fornecedor 132;Geral;-;1194OBR.C
OBR;01240100401OBR;1301;Emassamento 1ª demao;M2;Mão de obra de Pintura e Outros Acabamentos;6OBR.N;06/03/2025; 5,16 ; 398,32 ; 2.056,73 ;Código 132;Fornecedor 132;Geral;-;1194OBR.C
OBR;01240100402OBR;1459;Pintura 1ª demao;M2;Mão de obra de Pintura e Outros Acabamentos;1504OBR.N;05/03/2025; 5,16 ; 398,32 ; 2.056,73 ;Código 142;Fornecedor 142;Geral;-;1195OBR.C
OBR;01240100403OBR;1461;Pintura 2ª demao;M2;Mão de obra de Pintura e Outros Acabamentos;1504OBR.N;05/03/2025; 5,16 ; 398,32 ; 2.056,73 ;Código 142;Fornecedor 142;Geral;-;1195OBR.C
OBR;01240100404OBR;1303;Emassamento 2ª demao;M2;Mão de obra de Pintura e Outros Acabamentos;17OBR.N;03/06/2025; 5,16 ; 133,57 ; 689,69 ;Código 132;Fornecedor 132;Geral;-;1194OBR.C
OBR;01240100404OBR;1303;Emassamento 2ª demao;M2;Mão de obra de Pintura e Outros Acabamentos;13OBR.N;06/05/2025; 5,16 ; 237,46 ; 1.226,11 ;Código 132;Fornecedor 132;Geral;-;1194OBR.C
OBR;01240100404OBR;1303;Emassamento 2ª demao;M2;Mão de obra de Pintura e Outros Acabamentos;6OBR.N;06/03/2025; 5,23 ; 0,08 ; 0,40 ;Código 132;Fornecedor 132;Geral;-;1194OBR.C
OBR;01240100404OBR;1303;Emassamento 2ª demao;M2;Mão de obra de Pintura e Outros Acabamentos;6OBR.N;06/03/2025; 2,58 ; 0,51 ; 1,31 ;Código 132;Fornecedor 132;Geral;-;1194OBR.C
OBR;01240100501OBR;1319;Lixamento;M2;Mão de obra de Pintura e Outros Acabamentos;22OBR.N;02/07/2025; 2,88 ; 199,16 ; 572,59 ;Código 132;Fornecedor 132;Geral;-;1194OBR.C
OBR;01240100501OBR;1301;Emassamento 1ª demao;M2;Mão de obra de Pintura e Outros Acabamentos;22OBR.N;02/07/2025; 5,16 ; 199,16 ; 1.028,36 ;Código 132;Fornecedor 132;Geral;-;1194OBR.C
OBR;01240100501OBR;1301;Emassamento 1ª demao;M2;Mão de obra de Pintura e Outros Acabamentos;17OBR.N;03/06/2025; 5,16 ; 22,34 ; 115,33 ;Código 132;Fornecedor 132;Geral;-;1194OBR.C
OBR;01240100501OBR;1319;Lixamento;M2;Mão de obra de Pintura e Outros Acabamentos;17OBR.N;03/06/2025; 2,88 ; 199,16 ; 572,59 ;Código 132;Fornecedor 132;Geral;-;1194OBR.C
OBR;01240100501OBR;1301;Emassamento 1ª demao;M2;Mão de obra de Pintura e Outros Acabamentos;17OBR.N;03/06/2025; 2,58 ; 74,05 ; 190,75 ;Código 132;Fornecedor 132;Geral;-;1194OBR.C
OBR;01240100501OBR;1301;Emassamento 1ª demao;M2;Mão de obra de Pintura e Outros Acabamentos;17OBR.N;03/06/2025; 5,16 ; 199,16 ; 1.028,36 ;Código 132;Fornecedor 132;Geral;-;1194OBR.C
OBR;01240100504OBR;1303;Emassamento 2ª demao;M2;Mão de obra de Pintura e Outros Acabamentos;22OBR.N;02/07/2025; 5,16 ; 0,08 ; 0,40 ;Código 132;Fornecedor 132;Geral;-;1194OBR.C
OBR;01240100504OBR;1303;Emassamento 2ª demao;M2;Mão de obra de Pintura e Outros Acabamentos;22OBR.N;02/07/2025; 2,58 ; 0,51 ; 1,31 ;Código 132;Fornecedor 132;Geral;-;1194OBR.C
OBR;01240100504OBR;1303;Emassamento 2ª demao;M2;Mão de obra de Pintura e Outros Acabamentos;17OBR.N;03/06/2025; 5,16 ; 185,51 ; 957,90 ;Código 132;Fornecedor 132;Geral;-;1194OBR.C
OBR;01240100601OBR;1301;Emassamento 1ª demao;M2;Mão de obra de Pintura e Outros Acabamentos;22OBR.N;02/07/2025; 5,16 ; 22,34 ; 115,33 ;Código 132;Fornecedor 132;Geral;-;1194OBR.C
OBR;01240100604OBR;1303;Emassamento 2ª demao;M2;Mão de obra de Pintura e Outros Acabamentos;22OBR.N;02/07/2025; 5,23 ; 0,08 ; 0,40 ;Código 132;Fornecedor 132;Geral;-;1194OBR.C
OBR;01240100604OBR;1303;Emassamento 2ª demao;M2;Mão de obra de Pintura e Outros Acabamentos;22OBR.N;02/07/2025; 2,58 ; 0,51 ; 1,31 ;Código 132;Fornecedor 132;Geral;-;1194OBR.C
OBR;01240101301OBR;1301;Emassamento 1ª demao;M2;Mão de obra de Pintura e Outros Acabamentos;17OBR.N;03/06/2025; 2,58 ; 114,55 ; 295,08 ;Código 132;Fornecedor 132;Geral;-;1194OBR.C
OBR;01240101301OBR;1319;Lixamento;M2;Mão de obra de Pintura e Outros Acabamentos;13OBR.N;06/05/2025; 1,44 ; 213,15 ; 306,40 ;Código 132;Fornecedor 132;Geral;-;1194OBR.C
OBR;01240101301OBR;1301;Emassamento 1ª demao;M2;Mão de obra de Pintura e Outros Acabamentos;13OBR.N;06/05/2025; 2,58 ; 215,00 ; 553,84 ;Código 132;Fornecedor 132;Geral;-;1194OBR.C
OBR;01240101301OBR;1303;Emassamento 2ª demao;M2;Mão de obra de Pintura e Outros Acabamentos;1518OBR.N;01/04/2025; 5,16 ; 88,49 ; 456,90 ;Código 132;Fornecedor 132;Geral;-;1194OBR.C
OBR;01240101301OBR;1301;Emassamento 1ª demao;M2;Mão de obra de Pintura e Outros Acabamentos;1518OBR.N;01/04/2025; 5,16 ; 64,79 ; 334,52 ;Código 132;Fornecedor 132;Geral;-;1194OBR.C
OBR;01240101301OBR;1319;Lixamento;M2;Mão de obra de Pintura e Outros Acabamentos;1518OBR.N;01/04/2025; 2,88 ; 1.042,97 ; 2.998,54 ;Código 132;Fornecedor 132;Geral;-;1194OBR.C
OBR;01240101301OBR;1303;Emassamento 2ª demao;M2;Mão de obra de Pintura e Outros Acabamentos;1518OBR.N;01/04/2025; 2,58 ; 586,69 ; 1.511,32 ;Código 132;Fornecedor 132;Geral;-;1194OBR.C
OBR;01240101301OBR;1303;Emassamento 2ª demao;M2;Mão de obra de Pintura e Outros Acabamentos;1518OBR.N;01/04/2025; 5,16 ; 1.155,28 ; 5.965,31 ;Código 132;Fornecedor 132;Geral;-;1194OBR.C
OBR;01240101301OBR;1301;Emassamento 1ª demao;M2;Mão de obra de Pintura e Outros Acabamentos;1518OBR.N;01/04/2025; 2,58 ; 100,00 ; 257,60 ;Código 132;Fornecedor 132;Geral;-;1194OBR.C
OBR;01240101301OBR;1301;Emassamento 1ª demao;M2;Mão de obra de Pintura e Outros Acabamentos;1518OBR.N;01/04/2025; 5,16 ; 1.074,81 ; 5.549,76 ;Código 132;Fornecedor 132;Geral;-;1194OBR.C
OBR;01240101401OBR;1301;Emassamento 1ª demao;M2;Mão de obra de Pintura e Outros Acabamentos;22OBR.N;02/07/2025; 5,16 ; 6,20 ; 32,01 ;Código 132;Fornecedor 132;Geral;-;1194OBR.C
OBR;01240101401OBR;1303;Emassamento 2ª demao;M2;Mão de obra de Pintura e Outros Acabamentos;17OBR.N;03/06/2025; 5,16 ; 23,41 ; 120,87 ;Código 132;Fornecedor 132;Geral;-;1194OBR.C
OBR;01240101401OBR;1319;Lixamento;M2;Mão de obra de Pintura e Outros Acabamentos;17OBR.N;03/06/2025; 1,44 ; 29,01 ; 41,71 ;Código 132;Fornecedor 132;Geral;-;1194OBR.C
OBR;01240101401OBR;1303;Emassamento 2ª demao;M2;Mão de obra de Pintura e Outros Acabamentos;17OBR.N;03/06/2025; 5,16 ; 224,85 ; 1.161,01 ;Código 132;Fornecedor 132;Geral;-;1194OBR.C
OBR;01240101401OBR;1301;Emassamento 1ª demao;M2;Mão de obra de Pintura e Outros Acabamentos;17OBR.N;03/06/2025; 2,58 ; 174,09 ; 448,45 ;Código 132;Fornecedor 132;Geral;-;1194OBR.C
OBR;01240101401OBR;1301;Emassamento 1ª demao;M2;Mão de obra de Pintura e Outros Acabamentos;17OBR.N;03/06/2025; 5,16 ; 138,41 ; 714,69 ;Código 132;Fornecedor 132;Geral;-;1194OBR.C
OBR;01240101401OBR;1303;Emassamento 2ª demao;M2;Mão de obra de Pintura e Outros Acabamentos;13OBR.N;06/05/2025; 5,16 ; 63,75 ; 329,20 ;Código 132;Fornecedor 132;Geral;-;1194OBR.C
OBR;01240101401OBR;1301;Emassamento 1ª demao;M2;Mão de obra de Pintura e Outros Acabamentos;13OBR.N;06/05/2025; 5,16 ; 57,62 ; 297,52 ;Código 132;Fornecedor 132;Geral;-;1194OBR.C
OBR;01240101401OBR;1319;Lixamento;M2;Mão de obra de Pintura e Outros Acabamentos;13OBR.N;06/05/2025; 1,44 ; 382,02 ; 549,16 ;Código 132;Fornecedor 132;Geral;-;1194OBR.C
OBR;01240101401OBR;1319;Lixamento;M2;Mão de obra de Pintura e Outros Acabamentos;13OBR.N;06/05/2025; 2,88 ; 787,84 ; 2.265,03 ;Código 132;Fornecedor 132;Geral;-;1194OBR.C
OBR;01240101401OBR;1303;Emassamento 2ª demao;M2;Mão de obra de Pintura e Outros Acabamentos;13OBR.N;06/05/2025; 2,58 ; 422,71 ; 1.088,90 ;Código 132;Fornecedor 132;Geral;-;1194OBR.C
OBR;01240101401OBR;1303;Emassamento 2ª demao;M2;Mão de obra de Pintura e Outros Acabamentos;13OBR.N;06/05/2025; 5,16 ; 845,89 ; 4.367,74 ;Código 132;Fornecedor 132;Geral;-;1194OBR.C
OBR;01240101401OBR;1301;Emassamento 1ª demao;M2;Mão de obra de Pintura e Outros Acabamentos;13OBR.N;06/05/2025; 2,58 ; 309,49 ; 797,24 ;Código 132;Fornecedor 132;Geral;-;1194OBR.C
OBR;01240101401OBR;1301;Emassamento 1ª demao;M2;Mão de obra de Pintura e Outros Acabamentos;13OBR.N;06/05/2025; 5,16 ; 789,24 ; 4.075,24 ;Código 132;Fornecedor 132;Geral;-;1194OBR.C
OBR;01240101401OBR;1303;Emassamento 2ª demao;M2;Mão de obra de Pintura e Outros Acabamentos;6OBR.N;06/03/2025; 5,16 ; 12,45 ; 64,30 ;Código 132;Fornecedor 132;Geral;-;1194OBR.C
OBR;01240101401OBR;1301;Emassamento 1ª demao;M2;Mão de obra de Pintura e Outros Acabamentos;6OBR.N;06/03/2025; 5,16 ; 9,12 ; 47,07 ;Código 132;Fornecedor 132;Geral;-;1194OBR.C
OBR;01240101401OBR;1319;Lixamento;M2;Mão de obra de Pintura e Outros Acabamentos;6OBR.N;06/03/2025; 1,44 ; 72,54 ; 104,27 ;Código 132;Fornecedor 132;Geral;-;1194OBR.C
OBR;01240101401OBR;1319;Lixamento;M2;Mão de obra de Pintura e Outros Acabamentos;6OBR.N;06/03/2025; 2,87 ; 69,61 ; 200,12 ;Código 132;Fornecedor 132;Geral;-;1194OBR.C
OBR;01240101401OBR;1303;Emassamento 2ª demao;M2;Mão de obra de Pintura e Outros Acabamentos;6OBR.N;06/03/2025; 2,58 ; 82,56 ; 212,69 ;Código 132;Fornecedor 132;Geral;-;1194OBR.C
OBR;01240101401OBR;1301;Emassamento 1ª demao;M2;Mão de obra de Pintura e Outros Acabamentos;6OBR.N;06/03/2025; 5,16 ; 69,61 ; 359,43 ;Código 132;Fornecedor 132;Geral;-;1194OBR.C
OBR;01240101403OBR;1459;Pintura 1ª demao;M2;Mão de obra de Pintura e Outros Acabamentos;1504OBR.N;05/03/2025; 5,16 ; 69,61 ; 359,43 ;Código 142;Fornecedor 142;Geral;-;1195OBR.C
OBR;01240101404OBR;1461;Pintura 2ª demao;M2;Mão de obra de Pintura e Outros Acabamentos;1504OBR.N;05/03/2025; 5,16 ; 69,61 ; 359,43 ;Código 142;Fornecedor 142;Geral;-;1195OBR.C
OBR;01240101501OBR;1303;Emassamento 2ª demao;M2;Mão de obra de Pintura e Outros Acabamentos;22OBR.N;02/07/2025; 5,16 ; 70,01 ; 361,52 ;Código 132;Fornecedor 132;Geral;-;1194OBR.C
OBR;01240101501OBR;1301;Emassamento 1ª demao;M2;Mão de obra de Pintura e Outros Acabamentos;22OBR.N;02/07/2025; 5,16 ; 51,26 ; 264,69 ;Código 132;Fornecedor 132;Geral;-;1194OBR.C
OBR;01240101501OBR;1319;Lixamento;M2;Mão de obra de Pintura e Outros Acabamentos;22OBR.N;02/07/2025; 1,44 ; 485,54 ; 697,96 ;Código 132;Fornecedor 132;Geral;-;1194OBR.C
OBR;01240101501OBR;1319;Lixamento;M2;Mão de obra de Pintura e Outros Acabamentos;22OBR.N;02/07/2025; 2,88 ; 358,06 ; 1.029,44 ;Código 132;Fornecedor 132;Geral;-;1194OBR.C
OBR;01240101501OBR;1303;Emassamento 2ª demao;M2;Mão de obra de Pintura e Outros Acabamentos;22OBR.N;02/07/2025; 5,16 ; 652,93 ; 3.371,41 ;Código 132;Fornecedor 132;Geral;-;1194OBR.C
OBR;01240101501OBR;1301;Emassamento 1ª demao;M2;Mão de obra de Pintura e Outros Acabamentos;22OBR.N;02/07/2025; 2,58 ; 242,77 ; 625,37 ;Código 132;Fornecedor 132;Geral;-;1194OBR.C
OBR;01240101501OBR;1301;Emassamento 1ª demao;M2;Mão de obra de Pintura e Outros Acabamentos;22OBR.N;02/07/2025; 5,16 ; 367,62 ; 1.898,18 ;Código 132;Fornecedor 132;Geral;-;1194OBR.C
OBR;01240101501OBR;1303;Emassamento 2ª demao;M2;Mão de obra de Pintura e Outros Acabamentos;17OBR.N;03/06/2025; 5,16 ; 30,01 ; 154,94 ;Código 132;Fornecedor 132;Geral;-;1194OBR.C
OBR;01240101501OBR;1301;Emassamento 1ª demao;M2;Mão de obra de Pintura e Outros Acabamentos;17OBR.N;03/06/2025; 5,16 ; 21,97 ; 113,44 ;Código 132;Fornecedor 132;Geral;-;1194OBR.C
OBR;01240101501OBR;1303;Emassamento 2ª demao;M2;Mão de obra de Pintura e Outros Acabamentos;17OBR.N;03/06/2025; 2,58 ; 198,95 ; 512,49 ;Código 132;Fornecedor 132;Geral;-;1194OBR.C
OBR;01240101501OBR;1303;Emassamento 2ª demao;M2;Mão de obra de Pintura e Outros Acabamentos;17OBR.N;03/06/2025; 5,16 ; 652,93 ; 3.371,41 ;Código 132;Fornecedor 132;Geral;-;1194OBR.C
OBR;01240101501OBR;1301;Emassamento 1ª demao;M2;Mão de obra de Pintura e Outros Acabamentos;17OBR.N;03/06/2025; 2,58 ; 242,77 ; 625,37 ;Código 132;Fornecedor 132;Geral;-;1194OBR.C
OBR;01240101501OBR;1301;Emassamento 1ª demao;M2;Mão de obra de Pintura e Outros Acabamentos;17OBR.N;03/06/2025; 5,16 ; 612,69 ; 3.163,64 ;Código 132;Fornecedor 132;Geral;-;1194OBR.C
OBR;01240101601OBR;1303;Emassamento 2ª demao;M2;Mão de obra de Pintura e Outros Acabamentos;22OBR.N;02/07/2025; 5,16 ; 108,39 ; 559,65 ;Código 132;Fornecedor 132;Geral;-;1194OBR.C
OBR;01240101601OBR;1301;Emassamento 1ª demao;M2;Mão de obra de Pintura e Outros Acabamentos;22OBR.N;02/07/2025; 5,16 ; 79,36 ; 409,75 ;Código 132;Fornecedor 132;Geral;-;1194OBR.C
OBR;01240101601OBR;1303;Emassamento 2ª demao;M2;Mão de obra de Pintura e Outros Acabamentos;22OBR.N;02/07/2025; 2,58 ; 431,18 ; 1.110,71 ;Código 132;Fornecedor 132;Geral;-;1194OBR.C
OBR;01240101601OBR;1303;Emassamento 2ª demao;M2;Mão de obra de Pintura e Outros Acabamentos;22OBR.N;02/07/2025; 5,16 ; 849,05 ; 4.384,07 ;Código 132;Fornecedor 132;Geral;-;1194OBR.C
OBR;01240101601OBR;1301;Emassamento 1ª demao;M2;Mão de obra de Pintura e Outros Acabamentos;22OBR.N;02/07/2025; 2,58 ; 526,14 ; 1.355,34 ;Código 132;Fornecedor 132;Geral;-;1194OBR.C
OBR;01240101601OBR;1301;Emassamento 1ª demao;M2;Mão de obra de Pintura e Outros Acabamentos;22OBR.N;02/07/2025; 5,16 ; 1.334,61 ; 6.891,24 ;Código 132;Fornecedor 132;Geral;-;1194OBR.C
