Obra;Grupo Orçamentário;Cód. Estruturado;Cód. Item;Descrição Item;Unid.;Categoria; Qtde. Insumo ; Custo Insumo ; Total Orçado ;Tipo
OBR;Montagem de instalacoes provisorias - Impressora Multifuncional - Bivolt;01010100101OBR;9832;Impressora multifuncional bivolt;PC;Materiais de Escritório e Informática; 1,00 ; 538,03 ; 538,03 ;Geral
OBR;Montagem de instalacoes provisorias - Conjunto de cartuchos para impressora;01010100102OBR;8052;Cartucho compativel HP CARTRIDGE 667 preto;UN;Materiais de Escritório e Informática; 20,00 ; 74,79 ; 1.495,79 ;Geral
OBR;Montagem de instalacoes provisorias - Conjunto de cartuchos para impressora;01010100102OBR;8050;Cartucho compativel HP CARTRIDGE 667 colorido;UN;Materiais de Escritório e Informática; 10,00 ; 69,00 ; 690,00 ;Geral
OBR;Limpeza de terreno - Servico terceirizado;01020100201OBR;10011;Servico preliminar de limpeza do terreno por area;M2;Serviço de Limpeza do Terreno; 2.628,24 ; 8,17 ; 21.459,57 ;Geral
OBR;Maquinario de escavacao de solo em obra - Area do lote;01020200201OBR;10225;Escavadeira locacao diaria;DIA;Locação de Equipamentos Pesados; 15,62 ; 1.989,65 ; 31.077,72 ;Geral
OBR;Maquinario de escavacao de solo em obra - Area do lote;01020200201OBR;10243;Mini escavadeira de esteira locacao diaria;DIA;Locação de Equipamentos Pesados; 33,23 ; 1.168,85 ; 38.841,01 ;Geral
OBR;Maquinario de escavacao de solo em obra - Area do lote;01020200201OBR;10250;Retroescavadeira com pa carregadeira locacao diaria;DIA;Locação de Equipamentos Pesados; 10,26 ; 1.303,72 ; 13.376,12 ;Geral
OBR;"Tapume - telha trapezoidal verde hype com pilaretes em caibro 3""x3"" a cada um metro e transversais em ripa 1""x3"" - materiais";01020400102OBR;970;Barra de aco CA50 8 mm barra 12 m;BAR;Aço e Acessórios; 18,09 ; 38,17 ; 690,28 ;Geral
OBR;"Tapume - telha trapezoidal verde hype com pilaretes em caibro 3""x3"" a cada um metro e transversais em ripa 1""x3"" - materiais";01020400102OBR;975;Barra de aco CA60 5 mm barra 12 m;BAR;Aço e Acessórios; 18,09 ; 16,65 ; 301,15 ;Geral
OBR;"Tapume - telha trapezoidal verde hype com pilaretes em caibro 3""x3"" a cada um metro e transversais em ripa 1""x3"" - materiais";01020400102OBR;603;Concreto usinado Fck 20 MPa brita 1 slump 10+-2;M3;Concreto Usinado; 36,17 ; 345,00 ; 12.478,65 ;Geral
OBR;"Tapume - telha trapezoidal verde hype com pilaretes em caibro 3""x3"" a cada um metro e transversais em ripa 1""x3"" - materiais";01020400102OBR;2877;"Ripa de pinus 1"" x 3"" x 3,0 m";UN;Madeira; 96,45 ; 6,95 ; 669,90 ;Geral
OBR;"Tapume - telha trapezoidal verde hype com pilaretes em caibro 3""x3"" a cada um metro e transversais em ripa 1""x3"" - materiais";01020400102OBR;2884;"Caibro pinus 3"" x 3"" 3,0 m";UN;Madeira; 42,20 ; 21,23 ; 895,93 ;Geral
OBR;Tapume - Telha Trapezoidal / Madeirite - Insumos Portoes;01020400103OBR;8927;"Corrente zincada com elos curtos soldada 5/16"" (8 mm)";M;Ferramentas; 1,00 ; 53,13 ; 53,13 ;Geral
OBR;Tapume - Telha Trapezoidal / Madeirite - Insumos Portoes;01020400103OBR;8926;"Corrente zincada com elos curtos soldada 3/16"" (5 mm)";M;Ferramentas; 1,00 ; 21,32 ; 21,32 ;Geral
OBR;Tapume - Telha Trapezoidal / Madeirite - Insumos Portoes;01020400103OBR;8849;Cadeado com segredo 40 mm;UN;Ferramentas; 1,00 ; 36,10 ; 36,10 ;Geral
OBR;Tapume - Telha Trapezoidal / Madeirite - Insumos Portoes;01020400103OBR;8846;Cadeado com segredo 25 mm;UN;Ferramentas; 1,00 ; 28,59 ; 28,59 ;Geral
OBR;Tapume - Telha Trapezoidal / Madeirite - Insumos Portoes;01020400103OBR;9821;Tora de eucalipto 20 cm x 4 m;UN;Madeira; 2,00 ; 98,31 ; 196,62 ;Geral
OBR;Tapume - Telha Trapezoidal / Madeirite - Insumos Portoes;01020400103OBR;9820;Tora de eucalipto 20 cm x 5 m;UN;Madeira; 2,00 ; 195,05 ; 390,11 ;Geral
OBR;Conta de luz;01040200201OBR;10018;Conta de luz mensal - kWh;KWH;Energia elétrica; 13.438,68 ; 1,05 ; 14.068,22 ;Geral
OBR;Pacote de materiais para monitoramento;01040200405OBR;5114;Cabo de rede Lan UTP branco;M;Elétrica - Fios e Cabos; 1,00 ; 534,94 ; 534,94 ;Geral
OBR;Pacote de materiais para monitoramento;01040200405OBR;5121;Cabo telefonia CCI 2 pares;M;Elétrica - Fios e Cabos; 50,00 ; 2,68 ; 133,93 ;Geral
OBR;Pacote de materiais para monitoramento;01040200405OBR;8100;Receptora SRX 202 2 reles;UN;Materiais de Escritório e Informática; 1,00 ; 117,69 ; 117,69 ;Geral
OBR;Pacote de materiais para monitoramento;01040200405OBR;8103;Grade gaiola para protecao de camera de seguranca;UN;Materiais de Escritório e Informática; 2,00 ; 69,54 ; 139,08 ;Geral
OBR;Pacote de materiais para monitoramento;01040200405OBR;8111;Camera de seguranca Bullet VHD 1120 B G5;UN;Materiais de Escritório e Informática; 3,00 ; 175,94 ; 527,81 ;Geral
OBR;Pacote de materiais para monitoramento;01040200405OBR;8107;Conversor Ballun VB 501 P;UN;Materiais de Escritório e Informática; 5,00 ; 38,63 ; 193,17 ;Geral
OBR;Pacote de materiais para monitoramento;01040200405OBR;8099;Teclado 16S LED;UN;Materiais de Escritório e Informática; 1,00 ; 142,65 ; 142,65 ;Geral
OBR;Pacote de materiais para monitoramento;01040200405OBR;8105;Fonte de alimentacao 12V 10A;UN;Materiais de Escritório e Informática; 1,00 ; 213,98 ; 213,98 ;Geral
OBR;Pacote de materiais para monitoramento;01040200405OBR;8106;DVR de video MHDX 1208 C/HD 1TB;UN;Materiais de Escritório e Informática; 1,00 ; 1.697,54 ; 1.697,54 ;Geral
OBR;Pacote de materiais para monitoramento;01040200405OBR;8108;Controle Remoto para alarme de monitoramento;UN;Materiais de Escritório e Informática; 2,00 ; 42,80 ; 85,59 ;Geral
OBR;Pacote de materiais para monitoramento;01040200405OBR;8110;Camera de seguranca Dome VHD 1120D;UN;Materiais de Escritório e Informática; 2,00 ; 162,86 ; 325,72 ;Geral
OBR;Pacote equipamentos para infra externa - area de terreno;01050100101OBR;10225;Escavadeira locacao diaria;DIA;Locação de Equipamentos Pesados; 7,66 ; 1.989,65 ; 15.234,15 ;Geral
OBR;Pacote equipamentos para infra externa - area de terreno;01050100101OBR;10248;Mini carregadeira bobcat locacao diaria;DIA;Locação de Equipamentos Pesados; 12,25 ; 1.057,03 ; 12.949,38 ;Geral
OBR;Pacote equipamentos para infra externa - area de terreno;01050100101OBR;10243;Mini escavadeira de esteira locacao diaria;DIA;Locação de Equipamentos Pesados; 18,38 ; 1.168,85 ; 21.478,91 ;Geral
OBR;Pacote equipamentos para infra externa - area de terreno;01050100101OBR;10250;Retroescavadeira com pa carregadeira locacao diaria;DIA;Locação de Equipamentos Pesados; 7,66 ; 1.303,72 ; 9.982,16 ;Geral
OBR;Pacote equipamentos para infra externa - area de terreno;01050100101OBR;10252;Rolo compactador pe de carneiro locacao horaria;H;Locação de Equipamentos Pesados; 1,53 ; 2.394,77 ; 3.667,11 ;Geral
OBR;Pacote equipamentos para infra externa - area de terreno;01050100101OBR;10274;Compactador SAPO locacao mensal;MES;Locação de Equipamentos Leves; 3,83 ; 910,37 ; 3.485,16 ;Geral
OBR;Pacote equipamentos para infra externa - area de terreno;01050100101OBR;10268;"Bomba submersivel locacao mensal 3""";MES;Locação de Equipamentos Leves; 2,30 ; 477,30 ; 1.096,36 ;Geral
OBR;Pacote equipamentos para infra externa - area de terreno;01050100101OBR;10281;Gerador portatil 8 kVA diesel locacao mensal;MES;Locação de Equipamentos Leves; 1,53 ; 534,94 ; 819,15 ;Geral
OBR;Pacote equipamentos para torres - area total construida x numero total de pavimentos;01050100102OBR;10269;Carro girica para minigrua locacao diaria;DIA;Locação de Equipamentos Leves; 330,88 ; 20,88 ; 6.910,22 ;Geral
OBR;Pacote equipamentos para torres - area total construida x numero total de pavimentos;01050100102OBR;10270;"Serra marmore locacao diaria 7""";DIA;Locação de Equipamentos Leves; 2,55 ; 230,00 ; 585,40 ;Geral
OBR;Pacote equipamentos para torres - area total construida x numero total de pavimentos;01050100102OBR;10295;"Serra circular manual locacao diária 7.1/4""";DIA;Locação de Equipamentos Leves; 25,45 ; 185,70 ; 4.726,46 ;Geral
OBR;Pacote equipamentos para torres - area total construida x numero total de pavimentos;01050100102OBR;10266;Bomba de teste hidrostatico manual 0 a 30 Bar locacao diaria;DIA;Locação de Equipamentos Leves; 5,09 ; 4,39 ; 22,33 ;Geral
OBR;Pacote equipamentos para torres - area total construida x numero total de pavimentos;01050100102OBR;10260;Caminhao munck ate 12 ton locacao horaria;H;Locação de Equipamentos Pesados; 310,52 ; 263,00 ; 81.666,32 ;Geral
OBR;Pacote equipamentos para torres - area total construida x numero total de pavimentos;01050100102OBR;10289;Mangueira para lavadora de pressao - locacao mensal;MES;Locação de Equipamentos Leves; 15,27 ; 43,65 ; 666,57 ;Geral
OBR;Pacote equipamentos para torres - area total construida x numero total de pavimentos;01050100102OBR;10290;Martelete locacao mensal 30 kg;MES;Locação de Equipamentos Leves; 2,04 ; 845,32 ; 1.721,25 ;Geral
OBR;Pacote equipamentos para torres - area total construida x numero total de pavimentos;01050100102OBR;10288;Martelete locacao mensal 18 kg;MES;Locação de Equipamentos Leves; 2,04 ; 579,28 ; 1.179,53 ;Geral
OBR;Pacote equipamentos para torres - area total construida x numero total de pavimentos;01050100102OBR;10297;Serra circular mesa pica pau locacao mensal;MES;Locação de Equipamentos Leves; 15,27 ; 549,44 ; 8.390,57 ;Geral
OBR;Pacote equipamentos para torres - area total construida x numero total de pavimentos;01050100102OBR;10287;Lavadora de alta pressao WAP locacao mensal;MES;Locação de Equipamentos Leves; 15,27 ; 355,99 ; 5.436,42 ;Geral
OBR;Pacote equipamentos para torres - area total construida x numero total de pavimentos;01050100102OBR;10291;Nivel laser locacao mensal 50 metros;MES;Locação de Equipamentos Leves; 15,27 ; 996,76 ; 15.221,71 ;Geral
OBR;Pacote equipamentos para torres - area total construida x numero total de pavimentos;01050100102OBR;10253;Minigrua locacao mensal;MES;Locação de Equipamentos Leves; 15,27 ; 878,65 ; 13.417,99 ;Geral
OBR;Pacote equipamentos para torres - area total construida x numero total de pavimentos;01050100102OBR;10267;"Serra marmore locacao mensal 4""";MES;Locação de Equipamentos Leves; 15,27 ; 88,76 ; 1.355,40 ;Geral
OBR;Pacote equipamentos para torres - area total construida x numero total de pavimentos;01050100102OBR;10271;Carro para blocos/tijolos para minigrua locacao mensal;MES;Locação de Equipamentos Leves; 5,09 ; 172,41 ; 877,66 ;Geral
OBR;Pacote equipamentos para torres - area total construida x numero total de pavimentos;01050100102OBR;10296;Pistola de fixacao fincapino a polvora locacao mensal;MES;Locação de Equipamentos Leves; 50,90 ; 217,31 ; 11.062,12 ;Geral
OBR;Pacote equipamentos para torres - area total construida x numero total de pavimentos;01050100102OBR;10298;Talhadeira SDS plus locacao mensal 20 x 250 mm;MES;Locação de Equipamentos Leves; 20,36 ; 28,75 ; 585,40 ;Geral
OBR;Pacote equipamentos para torres - area total construida x numero total de pavimentos;01050100102OBR;10279;"Esmerilhadeira locacao mensal 7""";MES;Locação de Equipamentos Leves; 10,18 ; 176,56 ; 1.797,49 ;Geral
OBR;Pacote equipamentos para torres - area total construida x numero total de pavimentos;01050100102OBR;10265;Betoneira capacidade 400 L locacao mensal;MES;Locação de Equipamentos Leves; 76,36 ; 351,26 ; 26.820,73 ;Geral
OBR;Pacote equipamentos para torres - area total construida x numero total de pavimentos;01050100102OBR;10278;Guincho de coluna locacao mensal;MES;Locação de Equipamentos Leves; 15,27 ; 380,65 ; 5.812,93 ;Geral
OBR;Pacote equipamentos para torres - area total construida x numero total de pavimentos;01050100102OBR;10293;Paleteira locacao mensal;MES;Locação de Equipamentos Leves; 15,27 ; 328,60 ; 5.018,06 ;Geral
OBR;Pacote equipamentos para torres - area total construida x numero total de pavimentos;01050100102OBR;10284;Martelete combinado locacao mensal 5 kg;MES;Locação de Equipamentos Leves; 10,18 ; 381,79 ; 3.886,91 ;Geral
OBR;Pacote equipamentos para torres - area total construida x numero total de pavimentos;01050100102OBR;10275;Serra policorte manual locacao mensal;MES;Locação de Equipamentos Leves; 20,36 ; 705,17 ; 14.358,42 ;Geral
OBR;Pacote equipamentos para torres - area total construida x numero total de pavimentos;01050100102OBR;10286;Martelete locacao mensal 10 kg;MES;Locação de Equipamentos Leves; 5,09 ; 454,64 ; 2.314,31 ;Geral
OBR;Pacote equipamentos para torres - area total construida x numero total de pavimentos;01050100102OBR;10292;Martelete locacao mensal 5 kg;MES;Locação de Equipamentos Leves; 5,09 ; 261,63 ; 1.331,78 ;Geral
OBR;Pacote equipamentos para torres - area total construida x numero total de pavimentos;01050100102OBR;10276;"Esmerilhadeira locacao mensal 4""";MES;Locação de Equipamentos Leves; 5,09 ; 95,78 ; 487,54 ;Geral
OBR;Pacote equipamentos para torres - area total construida x numero total de pavimentos;01050100102OBR;10280;Furadeira de impacto SDS Plus locacao mensal;MES;Locação de Equipamentos Leves; 15,27 ; 160,75 ; 2.454,84 ;Geral
OBR;Banheiro quimico - locacao mensal;01050100103OBR;10264;Banheiro quimico locacao mensal;MES;Locação de Equipamentos Pesados; 8,00 ; 755,23 ; 6.041,83 ;Geral
OBR;Montagem de instalacoes provisorias - Medicamentos para canteiro;01050200201OBR;7952;Maleta de primeiros socorros;UN;Materiais de Higiene e Limpeza; 1,00 ; 50,03 ; 50,03 ;Geral
OBR;Montagem de instalacoes provisorias - Materiais para limpeza e higiene;01050200202OBR;7964;Toalha de mesa laranja 0,3 mm 1,40 m;M;Materiais de Higiene e Limpeza; 40,00 ; 13,33 ; 533,23 ;Geral
OBR;Montagem de instalacoes provisorias - Materiais para limpeza e higiene;01050200202OBR;8032;Copo descartavel pacote 100 unidades;PCT;Materiais de Higiene e Limpeza; 48,00 ; 5,45 ; 261,46 ;Geral
OBR;Montagem de instalacoes provisorias - Materiais para limpeza e higiene;01050200202OBR;8005;Papel higienico 60 m pacote 16 rolos;PCT;Materiais de Higiene e Limpeza; 64,00 ; 18,46 ; 1.181,57 ;Geral
OBR;Montagem de instalacoes provisorias - Materiais para limpeza e higiene;01050200202OBR;7976;Saco de lixo 0,08 Micras 200 L pacote com 100 unidades;PCT;Materiais de Higiene e Limpeza; 1,00 ; 100,91 ; 100,91 ;Geral
OBR;Montagem de instalacoes provisorias - Materiais para limpeza e higiene;01050200202OBR;7972;Saco de lixo 0,05 Micras 50 L pacote com 100 unidades;PCT;Materiais de Higiene e Limpeza; 5,00 ; 20,43 ; 102,17 ;Geral
OBR;Montagem de instalacoes provisorias - Materiais para limpeza e higiene;01050200202OBR;7985;Saco de lixo 0,05 Micras 100 L pacote com 100 unidades;PCT;Materiais de Higiene e Limpeza; 7,00 ; 37,34 ; 261,37 ;Geral
OBR;Montagem de instalacoes provisorias - Materiais para limpeza e higiene;01050200202OBR;7998;Papel toalha pacote com 1000 unidades;PCT;Materiais de Higiene e Limpeza; 1,00 ; 14,84 ; 14,84 ;Geral
OBR;Montagem de instalacoes provisorias - Materiais para limpeza e higiene;01050200202OBR;8998;Escova sanitaria;UN;Ferramentas; 3,00 ; 9,49 ; 28,48 ;Geral
OBR;Montagem de instalacoes provisorias - Materiais para limpeza e higiene;01050200202OBR;9093;Pa de lixo plastica com cabo;UN;Ferramentas; 2,00 ; 7,42 ; 14,84 ;Geral
OBR;Montagem de instalacoes provisorias - Materiais para limpeza e higiene;01050200202OBR;9006;Esponja multiuso dupla face;UN;Ferramentas; 10,00 ; 1,13 ; 11,32 ;Geral
OBR;Montagem de instalacoes provisorias - Materiais para limpeza e higiene;01050200202OBR;9051;Lixeira plastica 200 L;UN;Ferramentas; 2,00 ; 282,84 ; 565,68 ;Geral
OBR;Montagem de instalacoes provisorias - Materiais para limpeza e higiene;01050200202OBR;9050;Lixeira plastica 100 L;UN;Ferramentas; 4,00 ; 104,28 ; 417,12 ;Geral
OBR;Montagem de instalacoes provisorias - Materiais para limpeza e higiene;01050200202OBR;9130;Rodo aluminio com cabo em madeira plastificado 1,2 m 40 cm;UN;Ferramentas; 2,00 ; 18,35 ; 36,70 ;Geral
OBR;Montagem de instalacoes provisorias - Materiais para limpeza e higiene;01050200202OBR;9258;Vassourao com cabo e cerdas piacava 40 cm;UN;Materiais de Escritório e Informática; 5,00 ; 24,86 ; 124,31 ;Geral
OBR;Montagem de instalacoes provisorias - Materiais para limpeza e higiene;01050200202OBR;9252;Vassoura com cabo e cerdas de nylon 30 cm;UN;Materiais de Escritório e Informática; 3,00 ; 7,78 ; 23,33 ;Geral
OBR;Montagem de instalacoes provisorias - Materiais para limpeza e higiene;01050200202OBR;8031;Desinfetante 5 L;UN;Materiais de Higiene e Limpeza; 31,00 ; 9,76 ; 302,54 ;Geral
OBR;Montagem de instalacoes provisorias - Materiais para limpeza e higiene;01050200202OBR;8007;Pano para limpeza;UN;Materiais de Higiene e Limpeza; 27,00 ; 3,36 ; 90,81 ;Geral
OBR;Montagem de instalacoes provisorias - Materiais para limpeza e higiene;01050200202OBR;8030;Detergente 5 L;UN;Materiais de Higiene e Limpeza; 3,00 ; 14,50 ; 43,49 ;Geral
OBR;Montagem de instalacoes provisorias - Materiais para limpeza e higiene;01050200202OBR;8039;Alcool em gel 5 L;UN;Materiais de Higiene e Limpeza; 1,00 ; 62,22 ; 62,22 ;Geral
OBR;Montagem de instalacoes provisorias - Materiais para limpeza e higiene;01050200202OBR;7988;Sabonete liquido 5L;UN;Materiais de Higiene e Limpeza; 13,00 ; 22,40 ; 291,20 ;Geral
OBR;Montagem de instalacoes provisorias - Materiais para limpeza e higiene;01050200202OBR;8060;Dispenser para copo descartavel;UN;Materiais de Escritório e Informática; 2,00 ; 42,80 ; 85,59 ;Geral
OBR;Montagem de instalacoes provisorias - Materiais para area de baias;01050200203OBR;970;Barra de aco CA50 8 mm barra 12 m;BAR;Aço e Acessórios; 45,00 ; 38,17 ; 1.717,58 ;Geral
OBR;Montagem de instalacoes provisorias - Materiais para area de baias;01050200203OBR;975;Barra de aco CA60 5 mm barra 12 m;BAR;Aço e Acessórios; 27,00 ; 16,65 ; 449,60 ;Geral
OBR;Montagem de instalacoes provisorias - Materiais para area de baias;01050200203OBR;964;Barra de aco CA50 10 mm barra 12 m;BAR;Aço e Acessórios; 11,24 ; 56,44 ; 634,44 ;Geral
OBR;Montagem de instalacoes provisorias - Materiais para area de centrais de armacao e carpintaria;01050200205OBR;4865;Cabo flexivel PVC 750V branco 2,5 mm²;M;Elétrica - Fios e Cabos; 36,00 ; 1,67 ; 60,16 ;Geral
OBR;Montagem de instalacoes provisorias - Materiais para area de centrais de armacao e carpintaria;01050200205OBR;4901;Cabo flexivel PVC 750V verde 2,5 mm²;M;Elétrica - Fios e Cabos; 72,00 ; 1,60 ; 115,34 ;Geral
OBR;Montagem de instalacoes provisorias - Materiais para area de centrais de armacao e carpintaria;01050200205OBR;4848;Cabo flexivel PVC 750V azul 2,5 mm²;M;Elétrica - Fios e Cabos; 72,00 ; 1,60 ; 115,34 ;Geral
OBR;Montagem de instalacoes provisorias - Materiais para area de centrais de armacao e carpintaria;01050200205OBR;4691;Cabo flexivel 750V preto PP 4 x 6,0 mm;M;Elétrica - Fios e Cabos; 30,00 ; 20,19 ; 605,81 ;Geral
OBR;Montagem de instalacoes provisorias - Materiais para area de centrais de armacao e carpintaria;01050200205OBR;4921;Cabo flexivel PVC 750V vermelho 2,5 mm²;M;Elétrica - Fios e Cabos; 72,00 ; 1,60 ; 115,34 ;Geral
OBR;Montagem de instalacoes provisorias - Materiais para area de centrais de armacao e carpintaria;01050200205OBR;2878;"Ripa de pinus 1"" x 3"" x 2,5 m";UN;Madeira; 24,00 ; 4,44 ; 106,59 ;Geral
OBR;Montagem de instalacoes provisorias - Materiais para area de centrais de armacao e carpintaria;01050200205OBR;2890;"Caibro pinus 2"" x 4"" 3,0 m";UN;Madeira; 66,00 ; 18,99 ; 1.253,07 ;Geral
OBR;Montagem de instalacoes provisorias - Materiais para area de centrais de armacao e carpintaria;01050200205OBR;2603;Madeirite chapa compensada plastificada 1,10 x 2,20 m 14 mm;UN;Madeira; 36,00 ; 108,01 ; 3.888,35 ;Geral
OBR;Montagem de instalacoes provisorias - Materiais para infra estrutura de entrada de energia;01050200208OBR;4734;Cabo flexivel HEPR 0,6/1kV preto 1 x 10,0 mm²;M;Elétrica - Fios e Cabos; 18,40 ; 6,86 ; 126,13 ;Geral
OBR;Montagem de instalacoes provisorias - Materiais para infra estrutura de entrada de energia;01050200208OBR;4737;Cabo flexivel HEPR 0,6/1kV preto 1 x 16,0 mm²;M;Elétrica - Fios e Cabos; 2,30 ; 10,24 ; 23,54 ;Geral
OBR;Montagem de instalacoes provisorias - Materiais para infra estrutura de entrada de energia;01050200208OBR;4709;Cabo flexivel HEPR 0,6/1kV azul 1 x 25,0 mm²;M;Elétrica - Fios e Cabos; 2,30 ; 16,00 ; 36,79 ;Geral
OBR;Montagem de instalacoes provisorias - Materiais para infra estrutura de entrada de energia;01050200208OBR;4740;Cabo flexivel HEPR 0,6/1kV preto 1 x 25,0 mm²;M;Elétrica - Fios e Cabos; 2,30 ; 16,00 ; 36,79 ;Geral
OBR;Montagem de instalacoes provisorias - Materiais para infra estrutura de entrada de energia;01050200208OBR;4703;Cabo flexivel HEPR 0,6/1kV azul 1 x 10,0 mm²;M;Elétrica - Fios e Cabos; 18,40 ; 6,85 ; 126,00 ;Geral
OBR;Montagem de instalacoes provisorias - Materiais para infra estrutura de entrada de energia;01050200208OBR;4706;Cabo flexivel HEPR 0,6/1kV azul 1 x 16,0 mm²;M;Elétrica - Fios e Cabos; 2,30 ; 15,80 ; 36,34 ;Geral
OBR;Montagem de instalacoes provisorias - Materiais para infra estrutura de entrada de energia;01050200208OBR;4748;Cabo flexivel HEPR 0,6/1kV verde 1 x 10,0 mm²;M;Elétrica - Fios e Cabos; 18,40 ; 7,71 ; 141,86 ;Geral
OBR;Montagem de instalacoes provisorias - Materiais para infra estrutura de entrada de energia;01050200208OBR;4750;Cabo flexivel HEPR 0,6/1kV verde 1 x 16,0 mm²;M;Elétrica - Fios e Cabos; 2,30 ; 10,08 ; 23,18 ;Geral
OBR;Montagem de instalacoes provisorias - Materiais para infra estrutura de entrada de energia;01050200208OBR;4753;Cabo flexivel HEPR 0,6/1kV verde 1 x 25,0 mm²;M;Elétrica - Fios e Cabos; 2,30 ; 16,45 ; 37,84 ;Geral
OBR;Montagem de instalacoes provisorias - Armario (roupeiro) em aco - 16 portas;01050200209OBR;9261;Armario roupeiro em aco 16 portas;UN;Materiais de Escritório e Informática; 4,00 ; 1.840,90 ; 7.363,62 ;Geral
OBR;Montagem de instalacoes provisorias - Materiais para area de chuveiro;01050200210OBR;4926;Cabo flexivel PVC 750V vermelho 6,0 mm²;M;Elétrica - Fios e Cabos; 96,88 ; 3,52 ; 340,61 ;Geral
OBR;Montagem de instalacoes provisorias - Materiais para area de chuveiro;01050200210OBR;4906;Cabo flexivel PVC 750V verde 6,0 mm²;M;Elétrica - Fios e Cabos; 65,63 ; 3,95 ; 259,54 ;Geral
OBR;Montagem de instalacoes provisorias - Materiais para area de chuveiro;01050200210OBR;3702;Saboneteira barra plastica de sobrepor;UN;Louças, Metais e Acessórios; 5,00 ; 23,08 ; 115,42 ;Geral
OBR;Montagem de instalacoes provisorias - Materiais para area de chuveiro;01050200210OBR;3768;"Braco para chuveiro PVC 32cm 1/2""";UN;Louças, Metais e Acessórios; 5,00 ; 11,81 ; 59,05 ;Geral
OBR;Montagem de instalacoes provisorias - Materiais para area de chuveiro;01050200210OBR;2878;"Ripa de pinus 1"" x 3"" x 2,5 m";UN;Madeira; 27,00 ; 4,44 ; 119,91 ;Geral
OBR;Montagem de instalacoes provisorias - Materiais para area de chuveiro;01050200210OBR;2890;"Caibro pinus 2"" x 4"" 3,0 m";UN;Madeira; 113,25 ; 18,99 ; 2.150,16 ;Geral
OBR;Montagem de instalacoes provisorias - Materiais para area de chuveiro;01050200210OBR;2603;Madeirite chapa compensada plastificada 1,10 x 2,20 m 14 mm;UN;Madeira; 106,63 ; 108,01 ; 11.516,55 ;Geral
OBR;Montagem de instalacoes provisorias - Materiais para area de chuveiro;01050200210OBR;8027;Estrado plastico modular 50 x 50 cm;UN;Materiais de Higiene e Limpeza; 8,00 ; 29,80 ; 238,42 ;Geral
OBR;Montagem de instalacoes provisorias - Materiais para area de lavatorio tipo calha;01050200211OBR;3700;Lavatorio coletivo tipo calha 1,80 m;UN;Louças, Metais e Acessórios; 1,00 ; 683,39 ; 683,39 ;Geral
OBR;Montagem de instalacoes provisorias - Materiais para area de lavatorio tipo calha;01050200211OBR;3708;Dispenser para sabonete liquido de parede branco mod. Invoq ou similar;UN;Materiais de Escritório e Informática; 2,00 ; 34,59 ; 69,19 ;Geral
OBR;Montagem de instalacoes provisorias - Materiais para area de mictorio tipo calha;01050200212OBR;3782;Mictorio Coletivo tipo calha 1,80 m;UN;Louças, Metais e Acessórios; 1,00 ; 675,96 ; 675,96 ;Geral
OBR;Montagem de instalacoes provisorias - Materiais para lavatotio tipo cuba individual;01050200213OBR;3699;Lavatorio plastico 36 x 26 cm;UN;Louças, Metais e Acessórios; 2,00 ; 24,34 ; 48,67 ;Geral
OBR;Montagem de instalacoes provisorias - Materiais para lavatotio tipo cuba individual;01050200213OBR;3708;Dispenser para sabonete liquido de parede branco mod. Invoq ou similar;UN;Materiais de Escritório e Informática; 2,00 ; 34,59 ; 69,19 ;Geral
OBR;Montagem de instalacoes provisorias - Materiais para lavatotio tipo cuba individual;01050200213OBR;3711;"Torneira PVC para lavatorio 1/2""";UN;Louças, Metais e Acessórios; 2,00 ; 25,56 ; 51,12 ;Geral
OBR;Montagem de instalacoes provisorias - Materiais para area de vaso sanitario;01050200214OBR;3709;Papeleira plastica de sobrepor com rolete;UN;Materiais de Escritório e Informática; 5,00 ; 32,67 ; 163,37 ;Geral
OBR;Montagem de instalacoes provisorias - Materiais para area de vaso sanitario;01050200214OBR;2878;"Ripa de pinus 1"" x 3"" x 2,5 m";UN;Madeira; 9,00 ; 4,44 ; 39,97 ;Geral
OBR;Montagem de instalacoes provisorias - Materiais para area de vaso sanitario;01050200214OBR;2890;"Caibro pinus 2"" x 4"" 3,0 m";UN;Madeira; 5,00 ; 18,99 ; 94,93 ;Geral
OBR;Montagem de instalacoes provisorias - Materiais para area de vaso sanitario;01050200214OBR;3658;Caixa de descarga capacidade 9 L;UN;Louças, Metais e Acessórios; 5,00 ; 34,47 ; 172,33 ;Geral
OBR;Montagem de instalacoes provisorias - Materiais para area de vaso sanitario;01050200214OBR;2603;Madeirite chapa compensada plastificada 1,10 x 2,20 m 14 mm;UN;Madeira; 10,00 ; 108,01 ; 1.080,10 ;Geral
OBR;Montagem de instalacoes provisorias - Materiais para area de vaso sanitario;01050200214OBR;3671;Bacia sanitaria convencional;UN;Louças, Metais e Acessórios; 5,00 ; 206,49 ; 1.032,46 ;Geral
OBR;Montagem de instalacoes provisorias - Materiais para area de vaso sanitario;01050200214OBR;3674;Assento sanitario;UN;Louças, Metais e Acessórios; 5,00 ; 25,94 ; 129,69 ;Geral
OBR;Montagem de instalacoes provisorias - Materiais para area de vestiario;01050200215OBR;4865;Cabo flexivel PVC 750V branco 2,5 mm²;M;Elétrica - Fios e Cabos; 42,00 ; 1,67 ; 70,19 ;Geral
OBR;Montagem de instalacoes provisorias - Materiais para area de vestiario;01050200215OBR;4901;Cabo flexivel PVC 750V verde 2,5 mm²;M;Elétrica - Fios e Cabos; 84,00 ; 1,60 ; 134,56 ;Geral
OBR;Montagem de instalacoes provisorias - Materiais para area de vestiario;01050200215OBR;4848;Cabo flexivel PVC 750V azul 2,5 mm²;M;Elétrica - Fios e Cabos; 84,00 ; 1,60 ; 134,56 ;Geral
OBR;Montagem de instalacoes provisorias - Materiais para area de vestiario;01050200215OBR;4921;Cabo flexivel PVC 750V vermelho 2,5 mm²;M;Elétrica - Fios e Cabos; 84,00 ; 1,60 ; 134,56 ;Geral
OBR;Montagem de instalacoes provisorias - Materiais para area de vestiario;01050200215OBR;2878;"Ripa de pinus 1"" x 3"" x 2,5 m";UN;Madeira; 28,00 ; 4,44 ; 124,35 ;Geral
OBR;Montagem de instalacoes provisorias - Materiais para area de vestiario;01050200215OBR;2890;"Caibro pinus 2"" x 4"" 3,0 m";UN;Madeira; 77,00 ; 18,99 ; 1.461,92 ;Geral
OBR;Montagem de instalacoes provisorias - Materiais para area de vestiario;01050200215OBR;2603;Madeirite chapa compensada plastificada 1,10 x 2,20 m 14 mm;UN;Madeira; 56,00 ; 108,01 ; 6.048,55 ;Geral
OBR;Montagem de instalacoes provisorias - Materiais para area de escritorio e refeitorio;01050200216OBR;4865;Cabo flexivel PVC 750V branco 2,5 mm²;M;Elétrica - Fios e Cabos; 72,00 ; 1,67 ; 120,32 ;Geral
OBR;Montagem de instalacoes provisorias - Materiais para area de escritorio e refeitorio;01050200216OBR;4901;Cabo flexivel PVC 750V verde 2,5 mm²;M;Elétrica - Fios e Cabos; 144,00 ; 1,60 ; 230,68 ;Geral
OBR;Montagem de instalacoes provisorias - Materiais para area de escritorio e refeitorio;01050200216OBR;4848;Cabo flexivel PVC 750V azul 2,5 mm²;M;Elétrica - Fios e Cabos; 144,00 ; 1,60 ; 230,68 ;Geral
OBR;Montagem de instalacoes provisorias - Materiais para area de escritorio e refeitorio;01050200216OBR;4921;Cabo flexivel PVC 750V vermelho 2,5 mm²;M;Elétrica - Fios e Cabos; 144,00 ; 1,60 ; 230,68 ;Geral
OBR;Montagem de instalacoes provisorias - Materiais para area de escritorio e refeitorio;01050200216OBR;8927;"Corrente zincada com elos curtos soldada 5/16"" (8 mm)";M;Ferramentas; 4,80 ; 53,13 ; 255,03 ;Geral
OBR;Montagem de instalacoes provisorias - Materiais para area de escritorio e refeitorio;01050200216OBR;8849;Cadeado com segredo 40 mm;UN;Ferramentas; 3,60 ; 36,10 ; 129,95 ;Geral
OBR;Montagem de instalacoes provisorias - Materiais para area de escritorio e refeitorio;01050200216OBR;2878;"Ripa de pinus 1"" x 3"" x 2,5 m";UN;Madeira; 48,00 ; 4,44 ; 213,18 ;Geral
OBR;Montagem de instalacoes provisorias - Materiais para area de escritorio e refeitorio;01050200216OBR;2890;"Caibro pinus 2"" x 4"" 3,0 m";UN;Madeira; 132,00 ; 18,99 ; 2.506,14 ;Geral
OBR;Montagem de instalacoes provisorias - Materiais para area de escritorio e refeitorio;01050200216OBR;2603;Madeirite chapa compensada plastificada 1,10 x 2,20 m 14 mm;UN;Madeira; 96,00 ; 108,01 ; 10.368,94 ;Geral
OBR;Montagem de instalacoes provisorias - Bebedouro coluna inox - 02 torneiras;01050200217OBR;9022;"Filtro para bebedouro com mangueira 1/2""";UN;Ferramentas; 4,00 ; 59,48 ; 237,92 ;Geral
OBR;Montagem de instalacoes provisorias - Bebedouro coluna inox - 02 torneiras;01050200217OBR;9267;Bebedouro coluna inox 02 torneiras;UN;Materiais de Escritório e Informática; 2,00 ; 1.892,41 ; 3.784,81 ;Geral
OBR;Montagem de instalacoes provisorias - Cadeira para escritorio giratoria;01050200220OBR;7920;Cadeira para escritorio giratoria;UN;Materiais de Escritório e Informática; 6,00 ; 455,81 ; 2.734,86 ;Geral
OBR;Montagem de instalacoes provisorias - Arquivo metalico;01050200221OBR;7943;Arquivo metalico;UN;Materiais de Escritório e Informática; 2,00 ; 1.394,12 ; 2.788,24 ;Geral
OBR;Montagem de instalacoes provisorias - Marmiteiro eletrico (tipo banho maria) 110V - para 12 marmitas;01050200222OBR;9064;Marmiteiro eletrico tipo banho maria 110V para 12 marmitas;UN;Ferramentas; 1,00 ; 847,34 ; 847,34 ;Geral
OBR;Montagem de instalacoes provisorias - Ventilador de mesa (40 cm)  - 3 velocidades - 140W - 110 V;01050200223OBR;9858;Ventilador de mesa 40 cm 3 velocidades 110V;PC;Materiais de Escritório e Informática; 2,00 ; 126,20 ; 252,40 ;Geral
OBR;Montagem de instalacoes provisorias - Ar condicionado inverter 20.000 BTUs;01050200224OBR;9859;Ar condicionado inverter 20.000 BTUs;PC;Eletrodomésticos; 1,00 ; 6.174,39 ; 6.174,39 ;Geral
OBR;Montagem de instalacoes provisorias - Materiais para tanque plastico;01050200225OBR;3708;Dispenser para sabonete liquido de parede branco mod. Invoq ou similar;UN;Materiais de Escritório e Informática; 4,00 ; 34,59 ; 138,38 ;Geral
OBR;Montagem de instalacoes provisorias - Materiais para tanque plastico;01050200225OBR;3711;"Torneira PVC para lavatorio 1/2""";UN;Louças, Metais e Acessórios; 4,00 ; 25,56 ; 102,25 ;Geral
OBR;Montagem de instalacoes provisorias - Materiais para tanque plastico;01050200225OBR;3693;Tanque de PVC com materiais para fixacao 21 L;UN;Louças, Metais e Acessórios; 4,00 ; 63,37 ; 253,46 ;Geral
OBR;Conteiner - locacao mensal;01050200226OBR;10263;Conteiner locacao mensal;MES;Locação de Equipamentos Pesados; 16,00 ; 545,00 ; 8.719,98 ;Geral
OBR;Conteiner hidrossanitario - locacao mensal;01050200227OBR;10377;Conteiner hidrossanitario locacao mensal;MES;Locação de Equipamentos Pesados; 6,00 ; 1.092,50 ; 6.555,00 ;Geral
OBR;Montagem de instalacoes provisorias - Materiais de escritorio;01050200234OBR;8071;Pacote de acucar;KG;Materiais de Copa; 10,00 ; 4,60 ; 46,00 ;Geral
OBR;Montagem de instalacoes provisorias - Materiais de escritorio;01050200234OBR;8063;Filtro para cafe;PCT;Materiais de Copa; 10,00 ; 4,60 ; 46,00 ;Geral
OBR;Montagem de instalacoes provisorias - Materiais de escritorio;01050200234OBR;10021;Caneta hidrográfica 12 cores;UN;Materiais de Escritório e Informática; 1,00 ; 6,90 ; 6,90 ;Geral
OBR;Montagem de instalacoes provisorias - Materiais de escritorio;01050200234OBR;10347;Pincel marcador - verde;UN;Materiais de Escritório e Informática; 10,00 ; 2,30 ; 23,00 ;Geral
OBR;Montagem de instalacoes provisorias - Materiais de escritorio;01050200234OBR;10346;Pincel marcador - azul;UN;Materiais de Escritório e Informática; 10,00 ; 2,30 ; 23,00 ;Geral
OBR;Montagem de instalacoes provisorias - Materiais de escritorio;01050200234OBR;10349;Pincel marcador - vermelho;UN;Materiais de Escritório e Informática; 10,00 ; 2,30 ; 23,00 ;Geral
OBR;Montagem de instalacoes provisorias - Materiais de escritorio;01050200234OBR;10023;Grampo para grampeador caixa;UN;Materiais de Escritório e Informática; 1,00 ; 11,50 ; 11,50 ;Geral
OBR;Montagem de instalacoes provisorias - Materiais de escritorio;01050200234OBR;10162;Escalimetro;UN;Materiais de Escritório e Informática; 5,00 ; 23,00 ; 115,00 ;Geral
OBR;Montagem de instalacoes provisorias - Materiais de escritorio;01050200234OBR;10350;Organizador de documentos triplo;UN;Materiais de Escritório e Informática; 3,00 ; 69,00 ; 207,00 ;Geral
OBR;Montagem de instalacoes provisorias - Materiais de escritorio;01050200234OBR;9011;"Estilete emborrachado 6""";UN;Ferramentas; 5,00 ; 19,55 ; 97,75 ;Geral
OBR;Montagem de instalacoes provisorias - Materiais de escritorio;01050200234OBR;10353;Caneta esferografica azul - ponta fina;UN;Materiais de Escritório e Informática; 20,00 ; 2,30 ; 46,00 ;Geral
OBR;Montagem de instalacoes provisorias - Materiais de escritorio;01050200234OBR;9129;"Regua de pedreiro em aluminio bitubular 3"" x 1"" x 3 m";UN;Ferramentas; 5,00 ; 84,13 ; 420,63 ;Geral
OBR;Montagem de instalacoes provisorias - Materiais de escritorio;01050200234OBR;9219;Trena com fibra de vidro 30 m;UN;Ferramentas; 5,00 ; 34,50 ; 172,50 ;Geral
OBR;Montagem de instalacoes provisorias - Materiais de escritorio;01050200234OBR;10022;Prancheta A4;UN;Materiais de Escritório e Informática; 6,00 ; 8,05 ; 48,30 ;Geral
OBR;Montagem de instalacoes provisorias - Materiais de escritorio;01050200234OBR;10163;Corretivo em fita;UN;Materiais de Escritório e Informática; 10,00 ; 17,25 ; 172,50 ;Geral
OBR;Montagem de instalacoes provisorias - Materiais de escritorio;01050200234OBR;7951;Grampeador;UN;Materiais de Escritório e Informática; 1,00 ; 57,50 ; 57,50 ;Geral
OBR;Montagem de instalacoes provisorias - Materiais de escritorio;01050200234OBR;8052;Cartucho compativel HP CARTRIDGE 667 preto;UN;Materiais de Escritório e Informática; 10,00 ; 74,79 ; 747,90 ;Geral
OBR;Montagem de instalacoes provisorias - Materiais de escritorio;01050200234OBR;8050;Cartucho compativel HP CARTRIDGE 667 colorido;UN;Materiais de Escritório e Informática; 10,00 ; 69,00 ; 690,00 ;Geral
OBR;Montagem de instalacoes provisorias - Materiais de escritorio;01050200234OBR;8072;Pacote de cafe - 500g;UN;Materiais de Copa; 10,00 ; 13,80 ; 138,00 ;Geral
OBR;Ferramentas internas - mao de obra propria - por obra;01050300101OBR;9087;Pa concha quadrada com cabo;UN;Ferramentas; 1,00 ; 36,50 ; 36,50 ;Geral
OBR;Ferramentas internas - mao de obra propria - por obra;01050300101OBR;9091;Pa cortadeira quadrada com cabo;UN;Ferramentas; 1,00 ; 37,89 ; 37,89 ;Geral
OBR;Ferramentas internas - mao de obra propria - por obra;01050300101OBR;9094;"Pe de cabra 60 cm x 5/8""";UN;Ferramentas; 1,00 ; 32,44 ; 32,44 ;Geral
OBR;Ferramentas internas - mao de obra propria - por obra;01050300101OBR;9226;Trena com fita de aco 8 m;UN;Ferramentas; 2,00 ; 39,23 ; 78,45 ;Geral
OBR;Ferramentas internas - mao de obra propria - por obra;01050300101OBR;8859;Carrinho de mao com pneu e camara metalico;UN;Ferramentas; 1,00 ; 194,27 ; 194,27 ;Geral
OBR;Ferramentas internas - mao de obra propria - por obra;01050300101OBR;9085;Pa concha bico com cabo;UN;Ferramentas; 1,00 ; 40,74 ; 40,74 ;Geral
OBR;Ferramentas internas - mao de obra propria - por obra;01050300101OBR;9118;Prumo de parede em aco 500 g;UN;Ferramentas; 2,00 ; 23,78 ; 47,56 ;Geral
OBR;Ferramentas internas - mao de obra propria - por obra;01050300101OBR;8991;Enxada com cabo de madeira larga;UN;Ferramentas; 1,00 ; 38,17 ; 38,17 ;Geral
OBR;Ferramentas internas - mao de obra propria - por obra;01050300101OBR;9220;Trena com fibra de vidro 50 m;UN;Ferramentas; 1,00 ; 57,13 ; 57,13 ;Geral
OBR;Ferramentas internas - mao de obra propria - por obra;01050300101OBR;8863;Cavadeira articulada com cabo em madeira polaca 1,20 m;UN;Ferramentas; 1,00 ; 48,88 ; 48,88 ;Geral
OBR;Ferramentas internas - mao de obra propria - por obra;01050300101OBR;9010;Esquadro metalico 80 cm;UN;Ferramentas; 2,00 ; 182,36 ; 364,72 ;Geral
OBR;Ferramentas internas - mao de obra propria - por obra;01050300101OBR;9072;Martelo com cabo de fibra 27 mm;UN;Ferramentas; 2,00 ; 29,21 ; 58,41 ;Geral
OBR;Ferramentas internas - mao de obra propria - por obra;01050300101OBR;9129;"Regua de pedreiro em aluminio bitubular 3"" x 1"" x 3 m";UN;Ferramentas; 2,00 ; 84,13 ; 168,25 ;Geral
OBR;Ferramentas internas - mao de obra propria - por obra;01050300101OBR;9130;Rodo aluminio com cabo em madeira plastificado 1,2 m 40 cm;UN;Ferramentas; 2,00 ; 18,35 ; 36,70 ;Geral
OBR;Ferramentas internas - mao de obra propria - por obra;01050300101OBR;9098;Picareta ponta e pa larga com cabo;UN;Ferramentas; 1,00 ; 98,99 ; 98,99 ;Geral
OBR;Ferramentas internas - mao de obra propria - por obra;01050300101OBR;9258;Vassourao com cabo e cerdas piacava 40 cm;UN;Materiais de Escritório e Informática; 3,00 ; 24,86 ; 74,59 ;Geral
OBR;Ferramentas internas - mao de obra propria - por obra;01050300101OBR;9127;"Regua de pedreiro em aluminio bitubular 2"" x 1"" x 2 m";UN;Ferramentas; 2,00 ; 34,64 ; 69,28 ;Geral
OBR;Ferramentas internas - mao de obra propria - por obra;01050300101OBR;9251;"Trincha para pintura media cerda sintetica 4""";UN;Ferramentas; 5,00 ; 9,65 ; 48,25 ;Geral
OBR;Ferramentas internas - mao de obra propria - por obra;01050300101OBR;8067;Kit radio walk talk comunicador 4 unidades;UN;Materiais de Escritório e Informática; 1,00 ; 402,31 ; 402,31 ;Geral
OBR;Duto coletor - por pavimento;01050300102OBR;8797;Boca coletora de entulho em polietileno;UN;Ferramentas; 9,00 ; 241,48 ; 2.173,33 ;Geral
OBR;Duto coletor - por pavimento;01050300102OBR;8987;Duto coletor de entulho em polietileno;UN;Ferramentas; 18,00 ; 229,90 ; 4.138,26 ;Geral
OBR;Duto coletor - por pavimento;01050300102OBR;9194;Suporte metalico para coletor de entulho;UN;Ferramentas; 9,00 ; 176,36 ; 1.587,20 ;Geral
OBR;Vareta de inspecao para ceramica;01050300103OBR;13637;Vareta de inspecao para ceramica;UN;Ferramentas; 0,01 ; 1,15 ; 0,01 ;Geral
OBR;Entrega de churrasqueiras por caminhao munck ate 12 ton - locacao horaria;01050400103OBR;10260;Caminhao munck ate 12 ton locacao horaria;H;Locação de Equipamentos Pesados; 28,08 ; 263,00 ; 7.385,12 ;Geral
OBR;Entrega de cabo por caminhao munck ate 12 ton - locacao horaria;01050400104OBR;10260;Caminhao munck ate 12 ton locacao horaria;H;Locação de Equipamentos Pesados; 2,31 ; 263,00 ; 607,93 ;Geral
OBR;Entrega de aco por caminhao munck acima de 12 ton a 14.7 ton - locacao horaria;01050400105OBR;10258;Caminhao munck acima de 12 ton a 14,7 ton locacao horaria;H;Locação de Equipamentos Pesados; 274,18 ; 351,80 ; 96.455,98 ;Geral
OBR;Destinacao de residuos - Classes A/B/C/D;01050500101OBR;10273;Cacamba capacidade 5 m³ locacao e transporte;UN;Locação de Equipamentos Leves; 105,03 ; 225,46 ; 23.679,50 ;Geral
OBR;Escada metalica com guarda-corpo para segurança do trabalho;01060100103OBR;7082;Escada metalica com guarda-corpo para seguranca do trabalho h=3,2m;UN;Serralheria; 1,00 ; 652,64 ; 652,64 ;Geral
OBR;Guarda corpo provisorio na escadaria;01060100104OBR;1274;Servico de corte e dobra de aco industrializado;KG;Aço e Acessórios; 19,82 ; 0,80 ; 15,89 ;Geral
OBR;Guarda corpo provisorio na escadaria;01060100104OBR;963;Aco CA50 8 mm;KG;Aço e Acessórios; 19,82 ; 6,88 ; 136,27 ;Geral
OBR;Guarda corpo provisorio na escadaria;01060100104OBR;2877;"Ripa de pinus 1"" x 3"" x 3,0 m";UN;Madeira; 111,49 ; 6,95 ; 774,29 ;Geral
OBR;Guarda corpo provisorio na escadaria;01060100104OBR;2884;"Caibro pinus 3"" x 3"" 3,0 m";UN;Madeira; 89,18 ; 21,23 ; 1.893,32 ;Geral
OBR;Guarda corpo provisorio na escadaria;01060100104OBR;2612;Madeirite chapa compensada fenolica 1,10 x 2,20 m 14 mm;UN;Madeira; 13,81 ; 78,13 ; 1.079,23 ;Geral
OBR;Guarda corpo provisorio na periferia;01060100105OBR;1274;Servico de corte e dobra de aco industrializado;KG;Aço e Acessórios; 526,72 ; 0,80 ; 422,25 ;Geral
OBR;Guarda corpo provisorio na periferia;01060100105OBR;963;Aco CA50 8 mm;KG;Aço e Acessórios; 526,72 ; 6,88 ; 3.622,24 ;Geral
OBR;Guarda corpo provisorio na periferia;01060100105OBR;9808;"Tabua pinus bruto 1"" x 8"" x 3,0 m";UN;Madeira; 306,54 ; 19,06 ; 5.841,19 ;Geral
OBR;Guarda corpo provisorio na periferia;01060100105OBR;2877;"Ripa de pinus 1"" x 3"" x 3,0 m";UN;Madeira; 1.348,94 ; 6,95 ; 9.368,64 ;Geral
OBR;Guarda corpo provisorio na periferia;01060100105OBR;2884;"Caibro pinus 3"" x 3"" 3,0 m";UN;Madeira; 757,20 ; 21,23 ; 16.075,85 ;Geral
OBR;Guarda corpo provisorio para sacadas;01060100106OBR;1274;Servico de corte e dobra de aco industrializado;KG;Aço e Acessórios; 112,65 ; 0,80 ; 90,31 ;Geral
OBR;Guarda corpo provisorio para sacadas;01060100106OBR;963;Aco CA50 8 mm;KG;Aço e Acessórios; 112,65 ; 6,88 ; 774,69 ;Geral
OBR;Guarda corpo provisorio para sacadas;01060100106OBR;9808;"Tabua pinus bruto 1"" x 8"" x 3,0 m";UN;Madeira; 65,56 ; 19,06 ; 1.249,27 ;Geral
OBR;Guarda corpo provisorio para sacadas;01060100106OBR;2877;"Ripa de pinus 1"" x 3"" x 3,0 m";UN;Madeira; 288,50 ; 6,95 ; 2.003,69 ;Geral
OBR;Guarda corpo provisorio para sacadas;01060100106OBR;2884;"Caibro pinus 3"" x 3"" 3,0 m";UN;Madeira; 161,94 ; 21,23 ; 3.438,17 ;Geral
OBR;Guarda corpo provisorio para elevador cremalheira (2m);01060100107OBR;9808;"Tabua pinus bruto 1"" x 8"" x 3,0 m";UN;Madeira; 7,27 ; 19,06 ; 138,59 ;Geral
OBR;Guarda corpo provisorio para elevador cremalheira (2m);01060100107OBR;2877;"Ripa de pinus 1"" x 3"" x 3,0 m";UN;Madeira; 32,00 ; 6,95 ; 222,25 ;Geral
OBR;Guarda corpo provisorio para elevador cremalheira (2m);01060100107OBR;2884;"Caibro pinus 3"" x 3"" 3,0 m";UN;Madeira; 17,96 ; 21,23 ; 381,39 ;Geral
OBR;Guarda corpo provisorio para elevador cremalheira (2m);01060100107OBR;2612;Madeirite chapa compensada fenolica 1,10 x 2,20 m 14 mm;UN;Madeira; 9,92 ; 78,13 ; 774,85 ;Geral
OBR;Execucao de base para elevador cremalheira;01060100108OBR;957;Aco CA50 10 mm;KG;Aço e Acessórios; 111,00 ; 6,67 ; 740,37 ;Geral
OBR;Execucao de base para elevador cremalheira;01060100108OBR;1274;Servico de corte e dobra de aco industrializado;KG;Aço e Acessórios; 111,00 ; 0,80 ; 88,98 ;Geral
OBR;Execucao de base para elevador cremalheira;01060100108OBR;2878;"Ripa de pinus 1"" x 3"" x 2,5 m";UN;Madeira; 71,90 ; 4,44 ; 319,31 ;Geral
OBR;Execucao de base para elevador cremalheira;01060100108OBR;2885;"Caibro pinus 3"" x 3"" 2,5 m";UN;Madeira; 34,20 ; 13,85 ; 473,59 ;Geral
OBR;Execucao de base para elevador cremalheira;01060100108OBR;2615;Madeirite chapa compensada fenolica 1,10 x 2,20 m 10 mm;UN;Madeira; 9,06 ; 52,23 ; 473,07 ;Geral
OBR;Guarda corpo provisorio para guincho (2m);01060100109OBR;9808;"Tabua pinus bruto 1"" x 8"" x 3,0 m";UN;Madeira; 7,27 ; 19,06 ; 138,59 ;Geral
OBR;Guarda corpo provisorio para guincho (2m);01060100109OBR;2877;"Ripa de pinus 1"" x 3"" x 3,0 m";UN;Madeira; 32,00 ; 6,95 ; 222,25 ;Geral
OBR;Guarda corpo provisorio para guincho (2m);01060100109OBR;2884;"Caibro pinus 3"" x 3"" 3,0 m";UN;Madeira; 17,96 ; 21,23 ; 381,39 ;Geral
OBR;Guarda corpo provisorio para minigrua (2m);01060100110OBR;9808;"Tabua pinus bruto 1"" x 8"" x 3,0 m";UN;Madeira; 7,27 ; 19,06 ; 138,59 ;Geral
OBR;Guarda corpo provisorio para minigrua (2m);01060100110OBR;2877;"Ripa de pinus 1"" x 3"" x 3,0 m";UN;Madeira; 32,00 ; 6,95 ; 222,25 ;Geral
OBR;Guarda corpo provisorio para minigrua (2m);01060100110OBR;2884;"Caibro pinus 3"" x 3"" 3,0 m";UN;Madeira; 17,96 ; 21,23 ; 381,39 ;Geral
OBR;Guarda corpo provisorio para guincho;01060100112OBR;9808;"Tabua pinus bruto 1"" x 8"" x 3,0 m";UN;Madeira; 34,91 ; 19,06 ; 665,14 ;Geral
OBR;Guarda corpo provisorio para guincho;01060100112OBR;2877;"Ripa de pinus 1"" x 3"" x 3,0 m";UN;Madeira; 153,60 ; 6,95 ; 1.066,78 ;Geral
OBR;Guarda corpo provisorio para guincho;01060100112OBR;2884;"Caibro pinus 3"" x 3"" 3,0 m";UN;Madeira; 86,23 ; 21,23 ; 1.830,67 ;Geral
OBR;Guarda corpo provisorio para mini grua;01060100113OBR;9808;"Tabua pinus bruto 1"" x 8"" x 3,0 m";UN;Madeira; 34,91 ; 19,06 ; 665,14 ;Geral
OBR;Guarda corpo provisorio para mini grua;01060100113OBR;2877;"Ripa de pinus 1"" x 3"" x 3,0 m";UN;Madeira; 153,60 ; 6,95 ; 1.066,78 ;Geral
OBR;Guarda corpo provisorio para mini grua;01060100113OBR;2884;"Caibro pinus 3"" x 3"" 3,0 m";UN;Madeira; 86,23 ; 21,23 ; 1.830,67 ;Geral
OBR;Fechamento provisorio de janelas;01060100114OBR;9808;"Tabua pinus bruto 1"" x 8"" x 3,0 m";UN;Madeira; 99,28 ; 19,06 ; 1.891,77 ;Geral
OBR;Fechamento provisorio de janelas;01060100114OBR;2877;"Ripa de pinus 1"" x 3"" x 3,0 m";UN;Madeira; 436,86 ; 6,95 ; 3.034,05 ;Geral
OBR;Fechamento provisorio de janelas;01060100114OBR;2884;"Caibro pinus 3"" x 3"" 3,0 m";UN;Madeira; 245,25 ; 21,23 ; 5.206,75 ;Geral
OBR;Haste de tela fachadeira - viga com suporte metalico - locacao mensal;01060100119OBR;10283;Haste de tela fachadeira viga com suporte metalico locacao mensal;MES;Locação de Equipamentos Leves; 204,00 ; 6,12 ; 1.248,92 ;Geral
OBR;Bandejao de protecao primaria - materiais;01060100201OBR;1274;Servico de corte e dobra de aco industrializado;KG;Aço e Acessórios; 90,20 ; 0,80 ; 72,31 ;Geral
OBR;Bandejao de protecao primaria - materiais;01060100201OBR;963;Aco CA50 8 mm;KG;Aço e Acessórios; 90,20 ; 6,88 ; 620,32 ;Geral
OBR;Bandejao de protecao primaria - materiais;01060100201OBR;1888;Tela aco 5mm malha 10 x 10 cm reforcado 2,0 x 3,0m;UN;Aço e Acessórios; 58,81 ; 194,74 ; 11.453,33 ;Geral
OBR;Bandejao de protecao primaria - materiais;01060100201OBR;2877;"Ripa de pinus 1"" x 3"" x 3,0 m";UN;Madeira; 67,22 ; 6,95 ; 466,88 ;Geral
OBR;Bandejao de protecao primaria - materiais;01060100201OBR;2884;"Caibro pinus 3"" x 3"" 3,0 m";UN;Madeira; 168,05 ; 21,23 ; 3.567,90 ;Geral
OBR;Bandejao de protecao primaria - materiais;01060100201OBR;2612;Madeirite chapa compensada fenolica 1,10 x 2,20 m 14 mm;UN;Madeira; 145,83 ; 78,13 ; 11.394,41 ;Geral
OBR;Bandejao de protecao secundaria - materiais;01060100202OBR;964;Barra de aco CA50 10 mm barra 12 m;BAR;Aço e Acessórios; 24,42 ; 56,44 ; 1.378,17 ;Geral
OBR;Bandejao de protecao secundaria - materiais;01060100202OBR;2877;"Ripa de pinus 1"" x 3"" x 3,0 m";UN;Madeira; 134,77 ; 6,95 ; 935,98 ;Geral
OBR;Bandejao de protecao secundaria - materiais;01060100202OBR;2884;"Caibro pinus 3"" x 3"" 3,0 m";UN;Madeira; 202,14 ; 21,23 ; 4.291,58 ;Geral
OBR;Bandejao de protecao secundaria - materiais;01060100202OBR;2612;Madeirite chapa compensada fenolica 1,10 x 2,20 m 14 mm;UN;Madeira; 200,46 ; 78,13 ; 15.663,05 ;Geral
OBR;Linha de vida - alvenaria periferia - varal;01060100501OBR;1274;Servico de corte e dobra de aco industrializado;KG;Aço e Acessórios; 16,73 ; 0,80 ; 13,41 ;Geral
OBR;Linha de vida - alvenaria periferia - varal;01060100501OBR;963;Aco CA50 8 mm;KG;Aço e Acessórios; 16,73 ; 6,88 ; 115,04 ;Geral
OBR;Linha de vida - alvenaria sacada - varal;01060100502OBR;1274;Servico de corte e dobra de aco industrializado;KG;Aço e Acessórios; 10,88 ; 0,80 ; 8,72 ;Geral
OBR;Linha de vida - alvenaria sacada - varal;01060100502OBR;963;Aco CA50 8 mm;KG;Aço e Acessórios; 10,88 ; 6,88 ; 74,80 ;Geral
OBR;Caminho seguro para obra - inclui guarda-corpos de fechamento lateral e cobertura em telha trapezoidal;01060100601OBR;9808;"Tabua pinus bruto 1"" x 8"" x 3,0 m";UN;Madeira; 22,67 ; 19,06 ; 431,94 ;Geral
OBR;Caminho seguro para obra - inclui guarda-corpos de fechamento lateral e cobertura em telha trapezoidal;01060100601OBR;2877;"Ripa de pinus 1"" x 3"" x 3,0 m";UN;Madeira; 99,73 ; 6,95 ; 692,66 ;Geral
OBR;Caminho seguro para obra - inclui guarda-corpos de fechamento lateral e cobertura em telha trapezoidal;01060100601OBR;2884;"Caibro pinus 3"" x 3"" 3,0 m";UN;Madeira; 93,01 ; 21,23 ; 1.974,68 ;Geral
OBR;Caminho seguro para obra - inclui guarda-corpos de fechamento lateral e cobertura em telha trapezoidal;01060100601OBR;2614;Madeirite chapa compensada fenolica 1,10 x 2,20 m 12 mm;UN;Madeira; 14,05 ; 97,52 ; 1.370,09 ;Geral
OBR;Protecao poco do elevador - Fase 1: Forracao de piso;01060100701OBR;1888;Tela aco 5mm malha 10 x 10 cm reforcado 2,0 x 3,0m;UN;Aço e Acessórios; 6,08 ; 194,74 ; 1.184,55 ;Geral
OBR;Protecao poco do elevador - Fase 1: Forracao de piso;01060100701OBR;2614;Madeirite chapa compensada fenolica 1,10 x 2,20 m 12 mm;UN;Madeira; 15,08 ; 97,52 ; 1.470,41 ;Geral
OBR;Protecao poco do elevador - Fase 2: Guarda corpo provisorio;01060100702OBR;1274;Servico de corte e dobra de aco industrializado;KG;Aço e Acessórios; 41,75 ; 0,80 ; 33,47 ;Geral
OBR;Protecao poco do elevador - Fase 2: Guarda corpo provisorio;01060100702OBR;963;Aco CA50 8 mm;KG;Aço e Acessórios; 41,75 ; 6,88 ; 287,11 ;Geral
OBR;Protecao poco do elevador - Fase 2: Guarda corpo provisorio;01060100702OBR;9808;"Tabua pinus bruto 1"" x 8"" x 3,0 m";UN;Madeira; 24,30 ; 19,06 ; 463,00 ;Geral
OBR;Protecao poco do elevador - Fase 2: Guarda corpo provisorio;01060100702OBR;2877;"Ripa de pinus 1"" x 3"" x 3,0 m";UN;Madeira; 106,92 ; 6,95 ; 742,60 ;Geral
OBR;Protecao poco do elevador - Fase 2: Guarda corpo provisorio;01060100702OBR;2884;"Caibro pinus 3"" x 3"" 3,0 m";UN;Madeira; 60,02 ; 21,23 ; 1.274,24 ;Geral
OBR;Protecao poco do elevador - Fase 3: Fechamento para alvenaria;01060100703OBR;9808;"Tabua pinus bruto 1"" x 8"" x 3,0 m";UN;Madeira; 14,26 ; 19,06 ; 271,82 ;Geral
OBR;Protecao poco do elevador - Fase 3: Fechamento para alvenaria;01060100703OBR;2877;"Ripa de pinus 1"" x 3"" x 3,0 m";UN;Madeira; 62,77 ; 6,95 ; 435,94 ;Geral
OBR;Protecao poco do elevador - Fase 3: Fechamento para alvenaria;01060100703OBR;2884;"Caibro pinus 3"" x 3"" 3,0 m";UN;Madeira; 35,24 ; 21,23 ; 748,13 ;Geral
OBR;Protecao poco do elevador - Fase 3: Fechamento para alvenaria;01060100703OBR;2614;Madeirite chapa compensada fenolica 1,10 x 2,20 m 12 mm;UN;Madeira; 19,45 ; 97,52 ; 1.897,09 ;Geral
OBR;Mobilizacao de Perfuratriz leve para Estaca Helice Continua;01070100101OBR;183;Mobilizacao de perfuratriz leve para estaca helice continua;UN;Mão de Obra de Contenção e Fundação; 1,00 ; 11.649,80 ; 11.649,80 ;Geral
OBR;Estaca helice continua - DN 20 cm (furacao) - servico por metro;01070100201OBR;10032;Furacao de estaca helice continua DN20 cm;M;Mão de Obra de Contenção e Fundação; 177,00 ; 40,27 ; 7.127,51 ;Geral
OBR;Estaca helice continua - DN 30 cm (furacao) - servico por metro;01070100301OBR;175;Furacao de estaca helice continua DN30 cm;M;Mão de Obra de Contenção e Fundação; 678,00 ; 61,22 ; 41.506,94 ;Geral
OBR;Arrasamento de estacas - DN 20 cm;01070100601OBR;10033;Arrasamento de estacas DN 20 cm;UN;Mão de Obra de Contenção e Fundação; 45,00 ; 49,83 ; 2.242,33 ;Geral
OBR;Arrasamento de estacas - DN 30 cm;01070100603OBR;1162;Arrasamento de estacas DN 30 cm;UN;Mão de Obra de Contenção e Fundação; 110,00 ; 74,94 ; 8.243,59 ;Geral
OBR;Concreto usinado - 30 MPa - brita 0 - slump 24+-2 (helice continua);01070100701OBR;616;Concreto usinado Fck 30 MPa brita 0 slump 24+-2 C=400 kg/m³;M3;Concreto Usinado; 58,30 ; 482,56 ; 28.133,52 ;Geral
OBR;Bomba lanca - horario comercial - Curitiba;01070100702OBR;10302;Bomba lanca - comprimento 32 m;M3;Concreto Usinado; 53,00 ; 37,66 ; 1.996,06 ;Geral
OBR;Concreto usinado - Adicional metro cubico faltante;01070100704OBR;598;Concreto usinado Adicional metro cubico faltante;M3;Concreto Usinado; 5,00 ; 127,25 ; 636,24 ;Geral
OBR;Bomba lanca - Adicional de metro cubico faltante;01070100705OBR;10301;Bomba lanca - adicional metro cubico;M3;Concreto Usinado; 5,00 ; 40,25 ; 201,25 ;Geral
OBR;Armadura em barra de aco CA-50 - 12 m - 16 mm - somente material;01070100801OBR;966;Barra de aco CA50 16 mm barra 12 m;BAR;Aço e Acessórios; 293,18 ; 150,11 ; 44.008,98 ;Geral
OBR;Armadura em barra de aco CA-50 - 12 m - 16 mm - somente material;01070100801OBR;1881;Arame recozido 18 BWG;KG;Aço e Acessórios; 166,47 ; 15,08 ; 2.511,13 ;Geral
OBR;Armadura em barra de aco CA-50 - 12 m - 6.3 mm - somente material;01070100802OBR;969;Barra de aco CA50 6,3 mm barra 12 m;BAR;Aço e Acessórios; 397,58 ; 23,83 ; 9.474,56 ;Geral
OBR;Armadura em barra de aco CA-50 - 12 m - 6.3 mm - somente material;01070100802OBR;1881;Arame recozido 18 BWG;KG;Aço e Acessórios; 33,41 ; 15,08 ; 503,96 ;Geral
OBR;Muro em bloco de concreto - e: 15 cm - baldrame e estaca - concreto usinado;01070100901OBR;970;Barra de aco CA50 8 mm barra 12 m;BAR;Aço e Acessórios; 73,50 ; 38,17 ; 2.805,23 ;Geral
OBR;Muro em bloco de concreto - e: 15 cm - baldrame e estaca - concreto usinado;01070100901OBR;975;Barra de aco CA60 5 mm barra 12 m;BAR;Aço e Acessórios; 85,91 ; 16,65 ; 1.430,58 ;Geral
OBR;Muro em bloco de concreto - e: 15 cm - baldrame e estaca - concreto usinado;01070100901OBR;964;Barra de aco CA50 10 mm barra 12 m;BAR;Aço e Acessórios; 91,89 ; 56,44 ; 5.186,04 ;Geral
OBR;Muro em bloco de concreto - e: 15 cm - baldrame e estaca - concreto usinado;01070100901OBR;1154;Mao de obra de muro fundacao estacas e vigas baldrame;M;Mão de Obra de Contenção e Fundação; 220,51 ; 69,00 ; 15.215,19 ;Geral
OBR;Muro em bloco de concreto - e: 15 cm - baldrame e estaca - concreto usinado;01070100901OBR;604;Concreto usinado Fck 25 MPa brita 0 slump 10+-2;M3;Concreto Usinado; 19,27 ; 409,53 ; 7.892,68 ;Geral
OBR;Muro em bloco de concreto - e: 15 cm - baldrame e estaca - concreto usinado;01070100901OBR;2878;"Ripa de pinus 1"" x 3"" x 2,5 m";UN;Madeira; 762,08 ; 4,44 ; 3.384,55 ;Geral
OBR;Muro em bloco de concreto - e: 15 cm - baldrame e estaca - concreto usinado;01070100901OBR;2885;"Caibro pinus 3"" x 3"" 2,5 m";UN;Madeira; 211,69 ; 13,85 ; 2.931,83 ;Geral
OBR;Muro em bloco de concreto - e: 15 cm - baldrame e estaca - concreto usinado;01070100901OBR;2615;Madeirite chapa compensada fenolica 1,10 x 2,20 m 10 mm;UN;Madeira; 64,15 ; 52,23 ; 3.350,18 ;Geral
OBR;Concreto usinado - 30 MPa - brita 0 - slump 24+-2 (helice continua);01070101301OBR;616;Concreto usinado Fck 30 MPa brita 0 slump 24+-2 C=400 kg/m³;M3;Concreto Usinado; 22,33 ; 482,56 ; 10.775,67 ;Geral
OBR;Bomba lanca - horario comercial - Curitiba;01070101302OBR;10302;Bomba lanca - comprimento 32 m;M3;Concreto Usinado; 20,30 ; 37,66 ; 764,53 ;Geral
OBR;Armadura em barra de aco CA-50 - 12 m - 12.5 mm - somente material;01070101401OBR;965;Barra de aco CA50 12,5 mm barra 12 m;BAR;Aço e Acessórios; 146,61 ; 88,63 ; 12.993,65 ;Geral
OBR;Armadura em barra de aco CA-50 - 12 m - 12.5 mm - somente material;01070101401OBR;1881;Arame recozido 18 BWG;KG;Aço e Acessórios; 50,69 ; 15,08 ; 764,59 ;Geral
OBR;Armadura em barra de aco CA-50 - 12 m - 10 mm - somente material;01070101402OBR;964;Barra de aco CA50 10 mm barra 12 m;BAR;Aço e Acessórios; 42,18 ; 56,44 ; 2.380,40 ;Geral
OBR;Armadura em barra de aco CA-50 - 12 m - 10 mm - somente material;01070101402OBR;1881;Arame recozido 18 BWG;KG;Aço e Acessórios; 9,62 ; 15,08 ; 145,11 ;Geral
OBR;Armadura em barra de aco CA-50 - 12 m - 8 mm - somente material;01070101403OBR;970;Barra de aco CA50 8 mm barra 12 m;BAR;Aço e Acessórios; 54,98 ; 38,17 ; 2.098,43 ;Geral
OBR;Armadura em barra de aco CA-50 - 12 m - 8 mm - somente material;01070101403OBR;1881;Arame recozido 18 BWG;KG;Aço e Acessórios; 7,92 ; 15,08 ; 119,47 ;Geral
OBR;Mao de obra para execucao de blocos de concreto - Muro de arrimo;01070200101OBR;1142;Execucao muro de arrimo de flexao - blocos de concreto - contraforte;M2;Mão de Obra de Contenção e Fundação; 189,08 ; 1,89 ; 358,17 ;Geral
OBR;Muro em bloco de concreto - e: 15 cm - baldrame e estaca - concreto usinado;01070200102OBR;970;Barra de aco CA50 8 mm barra 12 m;BAR;Aço e Acessórios; 78,83 ; 38,17 ; 3.008,99 ;Geral
OBR;Muro em bloco de concreto - e: 15 cm - baldrame e estaca - concreto usinado;01070200102OBR;975;Barra de aco CA60 5 mm barra 12 m;BAR;Aço e Acessórios; 92,15 ; 16,65 ; 1.534,50 ;Geral
OBR;Muro em bloco de concreto - e: 15 cm - baldrame e estaca - concreto usinado;01070200102OBR;964;Barra de aco CA50 10 mm barra 12 m;BAR;Aço e Acessórios; 98,56 ; 56,44 ; 5.562,73 ;Geral
OBR;Muro em bloco de concreto - e: 15 cm - baldrame e estaca - concreto usinado;01070200102OBR;1154;Mao de obra de muro fundacao estacas e vigas baldrame;M;Mão de Obra de Contenção e Fundação; 236,53 ; 69,00 ; 16.320,36 ;Geral
OBR;Muro em bloco de concreto - e: 15 cm - baldrame e estaca - concreto usinado;01070200102OBR;604;Concreto usinado Fck 25 MPa brita 0 slump 10+-2;M3;Concreto Usinado; 20,67 ; 409,53 ; 8.465,97 ;Geral
OBR;Muro em bloco de concreto - e: 15 cm - baldrame e estaca - concreto usinado;01070200102OBR;2878;"Ripa de pinus 1"" x 3"" x 2,5 m";UN;Madeira; 817,44 ; 4,44 ; 3.630,39 ;Geral
OBR;Muro em bloco de concreto - e: 15 cm - baldrame e estaca - concreto usinado;01070200102OBR;2885;"Caibro pinus 3"" x 3"" 2,5 m";UN;Madeira; 227,07 ; 13,85 ; 3.144,79 ;Geral
OBR;Muro em bloco de concreto - e: 15 cm - baldrame e estaca - concreto usinado;01070200102OBR;2615;Madeirite chapa compensada fenolica 1,10 x 2,20 m 10 mm;UN;Madeira; 68,81 ; 52,23 ; 3.593,52 ;Geral
OBR;Drenagem de muro de arrimo com manta geocomposta e tubo dreno - Servico de execucao drenagem em manta geocomposta para muro de arrimo;01070200301OBR;1138;Execucao de drenagem em manta geocomposta para muro de arrimo;M2;Mão de Obra de Contenção e Fundação; 189,08 ; 6,36 ; 1.202,45 ;Geral
OBR;Mobilizacao de Perfuratriz leve para Estaca Helice Continua;01070300102OBR;183;Mobilizacao de perfuratriz leve para estaca helice continua;UN;Mão de Obra de Contenção e Fundação; 1,00 ; 11.649,80 ; 11.649,80 ;Geral
OBR;Locacao de estacas - gabarito continuo;01070300103OBR;1126;Montagem de gabarito para locacao de estacas;M;Mão de Obra de Contenção e Fundação; 117,80 ; 9,20 ; 1.083,76 ;Geral
OBR;Locacao de estacas - gabarito continuo;01070300103OBR;9048;Linha nylon pedreiro 0,80 mm x 100 m;UN;Ferramentas; 11,78 ; 18,73 ; 220,68 ;Geral
OBR;Locacao de estacas - gabarito continuo;01070300103OBR;2877;"Ripa de pinus 1"" x 3"" x 3,0 m";UN;Madeira; 39,26 ; 6,95 ; 272,69 ;Geral
OBR;Locacao de estacas - gabarito continuo;01070300103OBR;2884;"Caibro pinus 3"" x 3"" 3,0 m";UN;Madeira; 26,18 ; 21,23 ; 555,72 ;Geral
OBR;Estaca helice continua - DN 40 cm (furacao) - servico por metro;01080100101OBR;176;Furacao de estaca helice continua DN40 cm;M;Mão de Obra de Contenção e Fundação; 90,00 ; 56,95 ; 5.125,45 ;Geral
OBR;Estaca helice continua - DN 50 cm (furacao) - servico por metro;01080100201OBR;177;Furacao de estaca helice continua DN50 cm;M;Mão de Obra de Contenção e Fundação; 725,00 ; 72,60 ; 52.631,97 ;Geral
OBR;Estaca helice continua - DN 60 cm (furacao) - servico por metro;01080100301OBR;178;Furacao de estaca helice continua DN60 cm;M;Mão de Obra de Contenção e Fundação; 540,00 ; 111,91 ; 60.430,75 ;Geral
OBR;Arrasamento de estacas - DN 40 cm;01080100501OBR;1163;Arrasamento de estacas DN 40 cm;UN;Mão de Obra de Contenção e Fundação; 14,00 ; 67,56 ; 945,88 ;Geral
OBR;Arrasamento de estacas - DN 50 cm;01080100502OBR;1164;Arrasamento de estacas DN 50 cm;UN;Mão de Obra de Contenção e Fundação; 47,00 ; 71,01 ; 3.337,59 ;Geral
OBR;Arrasamento de estacas - DN 60 cm;01080100503OBR;1165;Arrasamento de estacas DN 60 cm;UN;Mão de Obra de Contenção e Fundação; 36,00 ; 77,17 ; 2.777,94 ;Geral
OBR;Concreto usinado - 30 MPa - brita 0 - slump 24+-2 (helice continua) - com bomba estacionaria (sem perdas);01080100601OBR;616;Concreto usinado Fck 30 MPa brita 0 slump 24+-2 C=400 kg/m³;M3;Concreto Usinado; 417,00 ; 482,56 ; 201.229,44 ;Geral
OBR;Bomba lanca - horario comercial - Curitiba;01080100602OBR;10302;Bomba lanca - comprimento 32 m;M3;Concreto Usinado; 417,00 ; 37,66 ; 15.704,88 ;Geral
OBR;Concreto usinado - Adicional metro cubico faltante;01080100604OBR;598;Concreto usinado Adicional metro cubico faltante;M3;Concreto Usinado; 10,00 ; 127,25 ; 1.272,48 ;Geral
OBR;Bomba lanca - Adicional de metro cubico faltante;01080100605OBR;10301;Bomba lanca - adicional metro cubico;M3;Concreto Usinado; 10,00 ; 40,25 ; 402,50 ;Geral
OBR;Armadura em barra de aco CA-50 - 12 m - 16 mm - Espacador tipo rolete (50 mm) - somente material;01080100701OBR;966;Barra de aco CA50 16 mm barra 12 m;BAR;Aço e Acessórios; 327,87 ; 150,11 ; 49.216,49 ;Geral
OBR;Armadura em barra de aco CA-50 - 12 m - 16 mm - Espacador tipo rolete (50 mm) - somente material;01080100701OBR;1881;Arame recozido 18 BWG;KG;Aço e Acessórios; 186,17 ; 15,08 ; 2.808,27 ;Geral
OBR;Armadura em barra de aco CA-50 - 12 m - 10 mm - somente material;01080100702OBR;964;Barra de aco CA50 10 mm barra 12 m;BAR;Aço e Acessórios; 33,57 ; 56,44 ; 1.894,91 ;Geral
OBR;Armadura em barra de aco CA-50 - 12 m - 10 mm - somente material;01080100702OBR;1881;Arame recozido 18 BWG;KG;Aço e Acessórios; 7,66 ; 15,08 ; 115,51 ;Geral
OBR;Armadura em barra de aco CA-50 - 12 m - 6.3 mm - somente material;01080100703OBR;969;Barra de aco CA50 6,3 mm barra 12 m;BAR;Aço e Acessórios; 532,73 ; 23,83 ; 12.695,28 ;Geral
OBR;Armadura em barra de aco CA-50 - 12 m - 6.3 mm - somente material;01080100703OBR;1881;Arame recozido 18 BWG;KG;Aço e Acessórios; 44,77 ; 15,08 ; 675,28 ;Geral
OBR;Forma para fundacao - com madeirite - bloco coroamento - hmed: 0.7 m - somente material;01080200101OBR;2878;"Ripa de pinus 1"" x 3"" x 2,5 m";UN;Madeira; 749,48 ; 4,44 ; 3.328,58 ;Geral
OBR;Forma para fundacao - com madeirite - bloco coroamento - hmed: 0.7 m - somente material;01080200101OBR;2885;"Caibro pinus 3"" x 3"" 2,5 m";UN;Madeira; 356,46 ; 13,85 ; 4.936,86 ;Geral
OBR;Forma para fundacao - com madeirite - bloco coroamento - hmed: 0.7 m - somente material;01080200101OBR;2612;Madeirite chapa compensada fenolica 1,10 x 2,20 m 14 mm;UN;Madeira; 94,42 ; 78,13 ; 7.377,18 ;Geral
OBR;Forma para fundacao - com madeirite - viga baldrame - hmed: 0.4 m - somente material;01080200102OBR;2878;"Ripa de pinus 1"" x 3"" x 2,5 m";UN;Madeira; 1.557,36 ; 4,44 ; 6.916,52 ;Geral
OBR;Forma para fundacao - com madeirite - viga baldrame - hmed: 0.4 m - somente material;01080200102OBR;2885;"Caibro pinus 3"" x 3"" 2,5 m";UN;Madeira; 432,60 ; 13,85 ; 5.991,37 ;Geral
OBR;Forma para fundacao - com madeirite - viga baldrame - hmed: 0.4 m - somente material;01080200102OBR;2612;Madeirite chapa compensada fenolica 1,10 x 2,20 m 14 mm;UN;Madeira; 148,96 ; 78,13 ; 11.638,83 ;Geral
OBR;Concreto usinado - 30 MPa - brita 0 - slump 10+-2 - somente material;01080200201OBR;612;Concreto usinado Fck 30 MPa brita 0 slump 10+-2;M3;Concreto Usinado; 169,95 ; 440,93 ; 74.935,78 ;Geral
OBR;Bomba lanca - horario comercial - Curitiba;01080200202OBR;10302;Bomba lanca - comprimento 32 m;M3;Concreto Usinado; 154,50 ; 37,66 ; 5.818,71 ;Geral
OBR;Armadura em aco CA-60 - 5 mm - corte e dobra industrializado - somente material;01080200301OBR;972;Aco CA60 5 mm;KG;Aço e Acessórios; 151,00 ; 7,43 ; 1.121,78 ;Geral
OBR;Armadura em aco CA-60 - 5 mm - corte e dobra industrializado - somente material;01080200301OBR;1274;Servico de corte e dobra de aco industrializado;KG;Aço e Acessórios; 151,00 ; 0,80 ; 121,05 ;Geral
OBR;Armadura em aco CA-50 - 6.3 mm - corte e dobra industrializado - somente material;01080200302OBR;962;Aco CA50 6,3 mm;KG;Aço e Acessórios; 163,00 ; 6,79 ; 1.105,96 ;Geral
OBR;Armadura em aco CA-50 - 6.3 mm - corte e dobra industrializado - somente material;01080200302OBR;1274;Servico de corte e dobra de aco industrializado;KG;Aço e Acessórios; 163,00 ; 0,80 ; 130,67 ;Geral
OBR;Armadura em aco CA-50 - 8 mm - corte e dobra industrializado - somente material;01080200303OBR;1274;Servico de corte e dobra de aco industrializado;KG;Aço e Acessórios; 2.153,00 ; 0,80 ; 1.725,98 ;Geral
OBR;Armadura em aco CA-50 - 8 mm - corte e dobra industrializado - somente material;01080200303OBR;963;Aco CA50 8 mm;KG;Aço e Acessórios; 2.153,00 ; 6,88 ; 14.806,18 ;Geral
OBR;Armadura em aco CA-50 - 10 mm - corte e dobra industrializado - somente material;01080200304OBR;957;Aco CA50 10 mm;KG;Aço e Acessórios; 1.423,00 ; 6,67 ; 9.491,41 ;Geral
OBR;Armadura em aco CA-50 - 10 mm - corte e dobra industrializado - somente material;01080200304OBR;1274;Servico de corte e dobra de aco industrializado;KG;Aço e Acessórios; 1.423,00 ; 0,80 ; 1.140,77 ;Geral
OBR;Armadura em aco CA-50 - 12.5 mm - corte e dobra industrializado - somente material;01080200305OBR;958;Aco CA50 12,5 mm;KG;Aço e Acessórios; 5.033,00 ; 6,84 ; 34.443,51 ;Geral
OBR;Armadura em aco CA-50 - 12.5 mm - corte e dobra industrializado - somente material;01080200305OBR;1274;Servico de corte e dobra de aco industrializado;KG;Aço e Acessórios; 5.033,00 ; 0,80 ; 4.034,78 ;Geral
OBR;Armadura em aco CA-50 - 16 mm - corte e dobra industrializado - somente material;01080200306OBR;959;Aco CA50 16 mm;KG;Aço e Acessórios; 659,00 ; 6,96 ; 4.586,43 ;Geral
OBR;Armadura em aco CA-50 - 16 mm - corte e dobra industrializado - somente material;01080200306OBR;1274;Servico de corte e dobra de aco industrializado;KG;Aço e Acessórios; 659,00 ; 0,80 ; 528,30 ;Geral
OBR;Armadura em aco CA-50 - 20 mm - corte e dobra industrializado - somente material;01080200307OBR;960;Aco CA50 20 mm;KG;Aço e Acessórios; 3.860,00 ; 7,56 ; 29.176,66 ;Geral
OBR;Armadura em aco CA-50 - 20 mm - corte e dobra industrializado - somente material;01080200307OBR;1274;Servico de corte e dobra de aco industrializado;KG;Aço e Acessórios; 3.860,00 ; 0,80 ; 3.094,43 ;Geral
OBR;Armadura em aco CA-50 - 25 mm - corte e dobra industrializado - somente material;01080200308OBR;961;Aco CA50 25 mm;KG;Aço e Acessórios; 3.498,00 ; 7,62 ; 26.672,11 ;Geral
OBR;Armadura em aco CA-50 - 25 mm - corte e dobra industrializado - somente material;01080200308OBR;1274;Servico de corte e dobra de aco industrializado;KG;Aço e Acessórios; 3.498,00 ; 0,80 ; 2.804,22 ;Geral
OBR;Arame recozido - 18 BWG;01080200309OBR;1881;Arame recozido 18 BWG;KG;Aço e Acessórios; 427,86 ; 15,08 ; 6.453,93 ;Geral
OBR;Armadura em aco CA-60 - 5 mm - corte e dobra industrializado - somente material;01090100101OBR;972;Aco CA60 5 mm;KG;Aço e Acessórios; 5.978,00 ; 7,43 ; 44.410,56 ;Geral
OBR;Armadura em aco CA-60 - 5 mm - corte e dobra industrializado - somente material;01090100101OBR;1274;Servico de corte e dobra de aco industrializado;KG;Aço e Acessórios; 5.978,00 ; 0,80 ; 4.792,35 ;Geral
OBR;Armadura em aco CA-50 - 6.3 mm - corte e dobra industrializado - somente material;01090100102OBR;962;Aco CA50 6,3 mm;KG;Aço e Acessórios; 10.476,00 ; 6,79 ; 71.079,66 ;Geral
OBR;Armadura em aco CA-50 - 6.3 mm - corte e dobra industrializado - somente material;01090100102OBR;1274;Servico de corte e dobra de aco industrializado;KG;Aço e Acessórios; 10.476,00 ; 0,80 ; 8.398,24 ;Geral
OBR;Armadura em aco CA-50 - 8 mm - corte e dobra industrializado - somente material;01090100103OBR;1274;Servico de corte e dobra de aco industrializado;KG;Aço e Acessórios; 13.864,00 ; 0,80 ; 11.114,28 ;Geral
OBR;Armadura em aco CA-50 - 8 mm - corte e dobra industrializado - somente material;01090100103OBR;963;Aco CA50 8 mm;KG;Aço e Acessórios; 13.864,00 ; 6,88 ; 95.342,73 ;Geral
OBR;Armadura em aco CA-50 - 10 mm - corte e dobra industrializado - somente material;01090100104OBR;957;Aco CA50 10 mm;KG;Aço e Acessórios; 16.537,00 ; 6,67 ; 110.301,79 ;Geral
OBR;Armadura em aco CA-50 - 10 mm - corte e dobra industrializado - somente material;01090100104OBR;1274;Servico de corte e dobra de aco industrializado;KG;Aço e Acessórios; 16.537,00 ; 0,80 ; 13.257,13 ;Geral
OBR;Armadura em aco CA-50 - 12.5 mm - corte e dobra industrializado - somente material;01090100105OBR;958;Aco CA50 12,5 mm;KG;Aço e Acessórios; 17.152,00 ; 6,84 ; 117.380,31 ;Geral
OBR;Armadura em aco CA-50 - 12.5 mm - corte e dobra industrializado - somente material;01090100105OBR;1274;Servico de corte e dobra de aco industrializado;KG;Aço e Acessórios; 17.152,00 ; 0,80 ; 13.750,16 ;Geral
OBR;Armadura em aco CA-50 - 16 mm - corte e dobra industrializado - somente material;01090100106OBR;959;Aco CA50 16 mm;KG;Aço e Acessórios; 10.820,00 ; 6,96 ; 75.303,79 ;Geral
OBR;Armadura em aco CA-50 - 16 mm - corte e dobra industrializado - somente material;01090100106OBR;1274;Servico de corte e dobra de aco industrializado;KG;Aço e Acessórios; 10.820,00 ; 0,80 ; 8.674,02 ;Geral
OBR;Armadura em aco CA-50 - 20 mm - corte e dobra industrializado - somente material;01090100107OBR;960;Aco CA50 20 mm;KG;Aço e Acessórios; 11.518,00 ; 7,56 ; 87.061,34 ;Geral
OBR;Armadura em aco CA-50 - 20 mm - corte e dobra industrializado - somente material;01090100107OBR;1274;Servico de corte e dobra de aco industrializado;KG;Aço e Acessórios; 11.518,00 ; 0,80 ; 9.233,58 ;Geral
OBR;Armadura em aco CA-50 - 25 mm - corte e dobra industrializado - somente material;01090100108OBR;961;Aco CA50 25 mm;KG;Aço e Acessórios; 11.536,00 ; 7,62 ; 87.961,54 ;Geral
OBR;Armadura em aco CA-50 - 25 mm - corte e dobra industrializado - somente material;01090100108OBR;1274;Servico de corte e dobra de aco industrializado;KG;Aço e Acessórios; 11.536,00 ; 0,80 ; 9.248,01 ;Geral
OBR;Arame recozido - 18 BWG;01090100201OBR;1881;Arame recozido 18 BWG;KG;Aço e Acessórios; 2.936,43 ; 15,08 ; 44.293,71 ;Geral
OBR;Concreto usinado - 30 MPa - brita 0 - slump 10+-2 - somente material;01090200101OBR;612;Concreto usinado Fck 30 MPa brita 0 slump 10+-2;M3;Concreto Usinado; 1.315,05 ; 440,93 ; 579.842,89 ;Geral
OBR;Bomba lanca - horario comercial - Curitiba;01090200102OBR;10302;Bomba lanca - comprimento 32 m;M3;Concreto Usinado; 801,50 ; 37,66 ; 30.185,76 ;Geral
OBR;Concreto usinado - Adicional metro cubico faltante;01090200105OBR;598;Concreto usinado Adicional metro cubico faltante;M3;Concreto Usinado; 42,00 ; 127,25 ; 5.344,40 ;Geral
OBR;Bomba lanca - Adicional de metro cubico faltante;01090200106OBR;10301;Bomba lanca - adicional metro cubico;M3;Concreto Usinado; 42,00 ; 40,25 ; 1.690,50 ;Geral
OBR;Forma para estrutura - laje macica - 5 reaproveitamentos - plastificada 17 mm - somente material;01090400101OBR;1878;Arame recozido 12 BWG;KG;Aço e Acessórios; 666,23 ; 14,76 ; 9.831,96 ;Geral
OBR;Forma para estrutura - laje macica - 5 reaproveitamentos - plastificada 17 mm - somente material;01090400101OBR;2878;"Ripa de pinus 1"" x 3"" x 2,5 m";UN;Madeira; 532,98 ; 4,44 ; 2.367,06 ;Geral
OBR;Forma para estrutura - laje macica - 5 reaproveitamentos - plastificada 17 mm - somente material;01090400101OBR;2885;"Caibro pinus 3"" x 3"" 2,5 m";UN;Madeira; 1.421,28 ; 13,85 ; 19.684,27 ;Geral
OBR;Forma para estrutura - laje macica - 5 reaproveitamentos - plastificada 17 mm - somente material;01090400101OBR;2602;Madeirite chapa compensada plastificada 1,10 x 2,20 m 17 mm;UN;Madeira; 453,03 ; 132,43 ; 59.995,41 ;Geral
OBR;Forma para estrutura - vigas e pilares - 5 aproveitamentos - plastificada 17 mm - somente material;01090400102OBR;1878;Arame recozido 12 BWG;KG;Aço e Acessórios; 770,03 ; 14,76 ; 11.363,81 ;Geral
OBR;Forma para estrutura - vigas e pilares - 5 aproveitamentos - plastificada 17 mm - somente material;01090400102OBR;2878;"Ripa de pinus 1"" x 3"" x 2,5 m";UN;Madeira; 7.392,24 ; 4,44 ; 32.830,31 ;Geral
OBR;Forma para estrutura - vigas e pilares - 5 aproveitamentos - plastificada 17 mm - somente material;01090400102OBR;2885;"Caibro pinus 3"" x 3"" 2,5 m";UN;Madeira; 5.420,98 ; 13,85 ; 75.078,78 ;Geral
OBR;Forma para estrutura - vigas e pilares - 5 aproveitamentos - plastificada 17 mm - somente material;01090400102OBR;2602;Madeirite chapa compensada plastificada 1,10 x 2,20 m 17 mm;UN;Madeira; 718,69 ; 132,43 ; 95.176,51 ;Geral
OBR;Alvenaria - e: 9 cm - bloco ceramico vedacao - Argamassa estabilizada;01100100101OBR;1895;Tela para amarracao aco galvanizado malha 15 x 15 mm - 7,5 x 50 cm;PCT;Aço e Acessórios; 5,50 ; 193,34 ; 1.063,37 ;Geral
OBR;Alvenaria - e: 14 cm - bloco ceramico vedacao com canaletas estruturais para execução de verga- Argamassa estabilizada;01100100102OBR;970;Barra de aco CA50 8 mm barra 12 m;BAR;Aço e Acessórios; 2,81 ; 38,17 ; 107,22 ;Geral
OBR;Alvenaria - e: 14 cm - bloco ceramico vedacao com canaletas estruturais para execução de verga- Argamassa estabilizada;01100100102OBR;1892;Tela para amarracao aco galvanizado malha 15 x 15 mm - 12 x 50 cm;PCT;Aço e Acessórios; 1,76 ; 206,46 ; 363,62 ;Geral
OBR;Alvenaria - e: 19 cm - bloco ceramico vedacao com canaletas estruturais para execução de verga - Argamassa estabilizada;01100100103OBR;970;Barra de aco CA50 8 mm barra 12 m;BAR;Aço e Acessórios; 2,64 ; 38,17 ; 100,93 ;Geral
OBR;Alvenaria - e: 19 cm - bloco ceramico vedacao com canaletas estruturais para execução de verga - Argamassa estabilizada;01100100103OBR;1892;Tela para amarracao aco galvanizado malha 15 x 15 mm - 12 x 50 cm;PCT;Aço e Acessórios; 2,24 ; 206,46 ; 462,07 ;Geral
OBR;Alvenaria - e: 9 cm - bloco ceramico vedacao - Argamassa estabilizada;01100100201OBR;1895;Tela para amarracao aco galvanizado malha 15 x 15 mm - 7,5 x 50 cm;PCT;Aço e Acessórios; 6,32 ; 193,34 ; 1.222,62 ;Geral
OBR;Alvenaria - e: 14 cm - bloco ceramico vedacao com canaletas estruturais para execução de verga- Argamassa estabilizada;01100100202OBR;970;Barra de aco CA50 8 mm barra 12 m;BAR;Aço e Acessórios; 7,10 ; 38,17 ; 271,00 ;Geral
OBR;Alvenaria - e: 14 cm - bloco ceramico vedacao com canaletas estruturais para execução de verga- Argamassa estabilizada;01100100202OBR;1892;Tela para amarracao aco galvanizado malha 15 x 15 mm - 12 x 50 cm;PCT;Aço e Acessórios; 4,45 ; 206,46 ; 919,06 ;Geral
OBR;Alvenaria - e: 19 cm - bloco ceramico vedacao com canaletas estruturais para execução de verga - Argamassa estabilizada;01100100203OBR;970;Barra de aco CA50 8 mm barra 12 m;BAR;Aço e Acessórios; 21,17 ; 38,17 ; 807,84 ;Geral
OBR;Alvenaria - e: 19 cm - bloco ceramico vedacao com canaletas estruturais para execução de verga - Argamassa estabilizada;01100100203OBR;1892;Tela para amarracao aco galvanizado malha 15 x 15 mm - 12 x 50 cm;PCT;Aço e Acessórios; 17,91 ; 206,46 ; 3.698,60 ;Geral
OBR;Alvenaria - e: 9 cm - bloco ceramico vedacao - Argamassa estabilizada;01100100301OBR;1895;Tela para amarracao aco galvanizado malha 15 x 15 mm - 7,5 x 50 cm;PCT;Aço e Acessórios; 8,83 ; 193,34 ; 1.707,42 ;Geral
OBR;Alvenaria - e: 14 cm - bloco ceramico vedacao com canaletas estruturais para execução de verga- Argamassa estabilizada;01100100302OBR;970;Barra de aco CA50 8 mm barra 12 m;BAR;Aço e Acessórios; 5,48 ; 38,17 ; 208,98 ;Geral
OBR;Alvenaria - e: 14 cm - bloco ceramico vedacao com canaletas estruturais para execução de verga- Argamassa estabilizada;01100100302OBR;1892;Tela para amarracao aco galvanizado malha 15 x 15 mm - 12 x 50 cm;PCT;Aço e Acessórios; 3,43 ; 206,46 ; 708,75 ;Geral
OBR;Alvenaria - e: 19 cm - bloco ceramico vedacao com canaletas estruturais para execução de verga - Argamassa estabilizada;01100100303OBR;970;Barra de aco CA50 8 mm barra 12 m;BAR;Aço e Acessórios; 17,18 ; 38,17 ; 655,71 ;Geral
OBR;Alvenaria - e: 19 cm - bloco ceramico vedacao com canaletas estruturais para execução de verga - Argamassa estabilizada;01100100303OBR;1892;Tela para amarracao aco galvanizado malha 15 x 15 mm - 12 x 50 cm;PCT;Aço e Acessórios; 14,54 ; 206,46 ; 3.002,12 ;Geral
OBR;Alvenaria - e: 9 cm - bloco ceramico vedacao - Argamassa estabilizada;01100100401OBR;1895;Tela para amarracao aco galvanizado malha 15 x 15 mm - 7,5 x 50 cm;PCT;Aço e Acessórios; 6,83 ; 193,34 ; 1.319,95 ;Geral
OBR;Alvenaria - e: 14 cm - bloco ceramico vedacao com canaletas estruturais para execução de verga- Argamassa estabilizada;01100100402OBR;970;Barra de aco CA50 8 mm barra 12 m;BAR;Aço e Acessórios; 5,14 ; 38,17 ; 196,03 ;Geral
OBR;Alvenaria - e: 14 cm - bloco ceramico vedacao com canaletas estruturais para execução de verga- Argamassa estabilizada;01100100402OBR;1892;Tela para amarracao aco galvanizado malha 15 x 15 mm - 12 x 50 cm;PCT;Aço e Acessórios; 3,22 ; 206,46 ; 664,82 ;Geral
OBR;Alvenaria - e: 19 cm - bloco ceramico vedacao com canaletas estruturais para execução de verga - Argamassa estabilizada;01100100403OBR;970;Barra de aco CA50 8 mm barra 12 m;BAR;Aço e Acessórios; 17,34 ; 38,17 ; 661,86 ;Geral
OBR;Alvenaria - e: 19 cm - bloco ceramico vedacao com canaletas estruturais para execução de verga - Argamassa estabilizada;01100100403OBR;1892;Tela para amarracao aco galvanizado malha 15 x 15 mm - 12 x 50 cm;PCT;Aço e Acessórios; 14,68 ; 206,46 ; 3.030,26 ;Geral
OBR;Alvenaria - e: 9 cm - bloco ceramico vedacao - Argamassa estabilizada;01100100501OBR;1895;Tela para amarracao aco galvanizado malha 15 x 15 mm - 7,5 x 50 cm;PCT;Aço e Acessórios; 6,83 ; 193,34 ; 1.319,95 ;Geral
OBR;Alvenaria - e: 14 cm - bloco ceramico vedacao com canaletas estruturais para execução de verga- Argamassa estabilizada;01100100502OBR;970;Barra de aco CA50 8 mm barra 12 m;BAR;Aço e Acessórios; 5,14 ; 38,17 ; 196,03 ;Geral
OBR;Alvenaria - e: 14 cm - bloco ceramico vedacao com canaletas estruturais para execução de verga- Argamassa estabilizada;01100100502OBR;1892;Tela para amarracao aco galvanizado malha 15 x 15 mm - 12 x 50 cm;PCT;Aço e Acessórios; 3,22 ; 206,46 ; 664,82 ;Geral
OBR;Alvenaria - e: 19 cm - bloco ceramico vedacao com canaletas estruturais para execução de verga - Argamassa estabilizada;01100100503OBR;970;Barra de aco CA50 8 mm barra 12 m;BAR;Aço e Acessórios; 17,34 ; 38,17 ; 661,86 ;Geral
OBR;Alvenaria - e: 19 cm - bloco ceramico vedacao com canaletas estruturais para execução de verga - Argamassa estabilizada;01100100503OBR;1892;Tela para amarracao aco galvanizado malha 15 x 15 mm - 12 x 50 cm;PCT;Aço e Acessórios; 14,68 ; 206,46 ; 3.030,26 ;Geral
OBR;Alvenaria - e: 9 cm - bloco ceramico vedacao - Argamassa estabilizada;01100100601OBR;1895;Tela para amarracao aco galvanizado malha 15 x 15 mm - 7,5 x 50 cm;PCT;Aço e Acessórios; 6,83 ; 193,34 ; 1.319,95 ;Geral
OBR;Alvenaria - e: 14 cm - bloco ceramico vedacao com canaletas estruturais para execução de verga- Argamassa estabilizada;01100100602OBR;970;Barra de aco CA50 8 mm barra 12 m;BAR;Aço e Acessórios; 5,34 ; 38,17 ; 203,90 ;Geral
OBR;Alvenaria - e: 14 cm - bloco ceramico vedacao com canaletas estruturais para execução de verga- Argamassa estabilizada;01100100602OBR;1892;Tela para amarracao aco galvanizado malha 15 x 15 mm - 12 x 50 cm;PCT;Aço e Acessórios; 3,35 ; 206,46 ; 691,49 ;Geral
OBR;Alvenaria - e: 19 cm - bloco ceramico vedacao com canaletas estruturais para execução de verga - Argamassa estabilizada;01100100603OBR;970;Barra de aco CA50 8 mm barra 12 m;BAR;Aço e Acessórios; 21,18 ; 38,17 ; 808,41 ;Geral
OBR;Alvenaria - e: 19 cm - bloco ceramico vedacao com canaletas estruturais para execução de verga - Argamassa estabilizada;01100100603OBR;1892;Tela para amarracao aco galvanizado malha 15 x 15 mm - 12 x 50 cm;PCT;Aço e Acessórios; 17,93 ; 206,46 ; 3.701,20 ;Geral
OBR;Alvenaria - e: 9 cm - bloco ceramico vedacao - Argamassa estabilizada;01100100701OBR;1895;Tela para amarracao aco galvanizado malha 15 x 15 mm - 7,5 x 50 cm;PCT;Aço e Acessórios; 6,83 ; 193,34 ; 1.319,95 ;Geral
OBR;Alvenaria - e: 14 cm - bloco ceramico vedacao com canaletas estruturais para execução de verga- Argamassa estabilizada;01100100702OBR;970;Barra de aco CA50 8 mm barra 12 m;BAR;Aço e Acessórios; 5,14 ; 38,17 ; 196,03 ;Geral
OBR;Alvenaria - e: 14 cm - bloco ceramico vedacao com canaletas estruturais para execução de verga- Argamassa estabilizada;01100100702OBR;1892;Tela para amarracao aco galvanizado malha 15 x 15 mm - 12 x 50 cm;PCT;Aço e Acessórios; 3,22 ; 206,46 ; 664,82 ;Geral
OBR;Alvenaria - e: 19 cm - bloco ceramico vedacao com canaletas estruturais para execução de verga - Argamassa estabilizada;01100100703OBR;970;Barra de aco CA50 8 mm barra 12 m;BAR;Aço e Acessórios; 17,34 ; 38,17 ; 661,86 ;Geral
OBR;Alvenaria - e: 19 cm - bloco ceramico vedacao com canaletas estruturais para execução de verga - Argamassa estabilizada;01100100703OBR;1892;Tela para amarracao aco galvanizado malha 15 x 15 mm - 12 x 50 cm;PCT;Aço e Acessórios; 14,68 ; 206,46 ; 3.030,26 ;Geral
OBR;Alvenaria - e: 9 cm - bloco ceramico vedacao - Argamassa estabilizada;01100100801OBR;1895;Tela para amarracao aco galvanizado malha 15 x 15 mm - 7,5 x 50 cm;PCT;Aço e Acessórios; 6,83 ; 193,34 ; 1.319,95 ;Geral
OBR;Alvenaria - e: 14 cm - bloco ceramico vedacao com canaletas estruturais para execução de verga- Argamassa estabilizada;01100100802OBR;970;Barra de aco CA50 8 mm barra 12 m;BAR;Aço e Acessórios; 5,14 ; 38,17 ; 196,03 ;Geral
OBR;Alvenaria - e: 14 cm - bloco ceramico vedacao com canaletas estruturais para execução de verga- Argamassa estabilizada;01100100802OBR;1892;Tela para amarracao aco galvanizado malha 15 x 15 mm - 12 x 50 cm;PCT;Aço e Acessórios; 3,22 ; 206,46 ; 664,82 ;Geral
OBR;Alvenaria - e: 19 cm - bloco ceramico vedacao com canaletas estruturais para execução de verga - Argamassa estabilizada;01100100803OBR;970;Barra de aco CA50 8 mm barra 12 m;BAR;Aço e Acessórios; 17,34 ; 38,17 ; 661,86 ;Geral
OBR;Alvenaria - e: 19 cm - bloco ceramico vedacao com canaletas estruturais para execução de verga - Argamassa estabilizada;01100100803OBR;1892;Tela para amarracao aco galvanizado malha 15 x 15 mm - 12 x 50 cm;PCT;Aço e Acessórios; 14,68 ; 206,46 ; 3.030,26 ;Geral
OBR;Alvenaria - e: 9 cm - bloco ceramico vedacao - Argamassa estabilizada;01100100901OBR;1895;Tela para amarracao aco galvanizado malha 15 x 15 mm - 7,5 x 50 cm;PCT;Aço e Acessórios; 6,81 ; 193,34 ; 1.317,44 ;Geral
OBR;Alvenaria - e: 14 cm - bloco ceramico vedacao com canaletas estruturais para execução de verga- Argamassa estabilizada;01100100902OBR;970;Barra de aco CA50 8 mm barra 12 m;BAR;Aço e Acessórios; 5,19 ; 38,17 ; 198,26 ;Geral
OBR;Alvenaria - e: 14 cm - bloco ceramico vedacao com canaletas estruturais para execução de verga- Argamassa estabilizada;01100100902OBR;1892;Tela para amarracao aco galvanizado malha 15 x 15 mm - 12 x 50 cm;PCT;Aço e Acessórios; 3,26 ; 206,46 ; 672,37 ;Geral
OBR;Alvenaria - e: 19 cm - bloco ceramico vedacao com canaletas estruturais para execução de verga - Argamassa estabilizada;01100100903OBR;970;Barra de aco CA50 8 mm barra 12 m;BAR;Aço e Acessórios; 17,81 ; 38,17 ; 679,81 ;Geral
OBR;Alvenaria - e: 19 cm - bloco ceramico vedacao com canaletas estruturais para execução de verga - Argamassa estabilizada;01100100903OBR;1892;Tela para amarracao aco galvanizado malha 15 x 15 mm - 12 x 50 cm;PCT;Aço e Acessórios; 15,07 ; 206,46 ; 3.112,43 ;Geral
OBR;Alvenaria - e: 9 cm - bloco ceramico vedacao - Argamassa estabilizada;01100101001OBR;1895;Tela para amarracao aco galvanizado malha 15 x 15 mm - 7,5 x 50 cm;PCT;Aço e Acessórios; 2,90 ; 193,34 ; 560,49 ;Geral
OBR;Alvenaria - e: 14 cm - bloco ceramico vedacao com canaletas estruturais para execução de verga- Argamassa estabilizada;01100101002OBR;970;Barra de aco CA50 8 mm barra 12 m;BAR;Aço e Acessórios; 4,60 ; 38,17 ; 175,54 ;Geral
OBR;Alvenaria - e: 14 cm - bloco ceramico vedacao com canaletas estruturais para execução de verga- Argamassa estabilizada;01100101002OBR;1892;Tela para amarracao aco galvanizado malha 15 x 15 mm - 12 x 50 cm;PCT;Aço e Acessórios; 2,88 ; 206,46 ; 595,32 ;Geral
OBR;Alvenaria - e: 19 cm - bloco ceramico vedacao com canaletas estruturais para execução de verga - Argamassa estabilizada;01100101003OBR;970;Barra de aco CA50 8 mm barra 12 m;BAR;Aço e Acessórios; 7,11 ; 38,17 ; 271,53 ;Geral
OBR;Alvenaria - e: 19 cm - bloco ceramico vedacao com canaletas estruturais para execução de verga - Argamassa estabilizada;01100101003OBR;1892;Tela para amarracao aco galvanizado malha 15 x 15 mm - 12 x 50 cm;PCT;Aço e Acessórios; 6,02 ; 206,46 ; 1.243,18 ;Geral
OBR;Alvenaria - e: 9 cm - bloco ceramico vedacao - Argamassa estabilizada;01100101101OBR;1895;Tela para amarracao aco galvanizado malha 15 x 15 mm - 7,5 x 50 cm;PCT;Aço e Acessórios; 0,15 ; 193,34 ; 29,76 ;Geral
OBR;Alvenaria - e: 14 cm - bloco ceramico vedacao com canaletas estruturais para execução de verga- Argamassa estabilizada;01100101102OBR;970;Barra de aco CA50 8 mm barra 12 m;BAR;Aço e Acessórios; 6,54 ; 38,17 ; 249,65 ;Geral
OBR;Alvenaria - e: 14 cm - bloco ceramico vedacao com canaletas estruturais para execução de verga- Argamassa estabilizada;01100101102OBR;1892;Tela para amarracao aco galvanizado malha 15 x 15 mm - 12 x 50 cm;PCT;Aço e Acessórios; 4,10 ; 206,46 ; 846,67 ;Geral
OBR;Impermeabilizacao com manta asfaltica aplicada a quente sobre asfalto e protecao mecanica armada;01110201003OBR;793;"Tela galvanizada hexagonal malha 1"" pinteiro";M2;Aço e Acessórios; 48,65 ; 6,75 ; 328,47 ;Geral
OBR;Bobina salva piso para protecao da impermeabilizacao;01110201201OBR;7376;Bobina de salva piso sem cola 1,3 x 100 m;UN;Materiais de Escritório e Informática; 0,22 ; 585,26 ; 128,41 ;Geral
OBR;Bobina salva piso para protecao da impermeabilizacao;01110201301OBR;7376;Bobina de salva piso sem cola 1,3 x 100 m;UN;Materiais de Escritório e Informática; 3,19 ; 585,26 ; 1.865,98 ;Geral
OBR;Bobina salva piso para protecao da impermeabilizacao;01110201401OBR;7376;Bobina de salva piso sem cola 1,3 x 100 m;UN;Materiais de Escritório e Informática; 1,05 ; 585,26 ; 612,00 ;Geral
OBR;Bobina salva piso para protecao da impermeabilizacao;01110201501OBR;7376;Bobina de salva piso sem cola 1,3 x 100 m;UN;Materiais de Escritório e Informática; 0,96 ; 585,26 ; 560,38 ;Geral
OBR;Bobina salva piso para protecao da impermeabilizacao;01110201601OBR;7376;Bobina de salva piso sem cola 1,3 x 100 m;UN;Materiais de Escritório e Informática; 0,96 ; 585,26 ; 560,38 ;Geral
OBR;Bobina salva piso para protecao da impermeabilizacao;01110201701OBR;7376;Bobina de salva piso sem cola 1,3 x 100 m;UN;Materiais de Escritório e Informática; 0,96 ; 585,26 ; 560,38 ;Geral
OBR;Bobina salva piso para protecao da impermeabilizacao;01110201801OBR;7376;Bobina de salva piso sem cola 1,3 x 100 m;UN;Materiais de Escritório e Informática; 0,96 ; 585,26 ; 560,38 ;Geral
OBR;Bobina salva piso para protecao da impermeabilizacao;01110201901OBR;7376;Bobina de salva piso sem cola 1,3 x 100 m;UN;Materiais de Escritório e Informática; 0,96 ; 585,26 ; 560,38 ;Geral
OBR;Bobina salva piso para protecao da impermeabilizacao;01110202001OBR;7376;Bobina de salva piso sem cola 1,3 x 100 m;UN;Materiais de Escritório e Informática; 0,95 ; 585,26 ; 555,88 ;Geral
OBR;Bobina salva piso para protecao da impermeabilizacao;01110202101OBR;7376;Bobina de salva piso sem cola 1,3 x 100 m;UN;Materiais de Escritório e Informática; 3,11 ; 585,26 ; 1.818,46 ;Geral
OBR;Bobina salva piso para protecao da impermeabilizacao;01110202201OBR;7376;Bobina de salva piso sem cola 1,3 x 100 m;UN;Materiais de Escritório e Informática; 1,61 ; 585,26 ; 941,15 ;Geral
OBR;Cabo flexivel 2.5 mm² 750V PVC preto;01120102101OBR;4886;Cabo flexivel PVC 750V preto 2,5 mm²;M;Elétrica - Fios e Cabos; 350,85 ; 1,65 ; 578,18 ;Geral
OBR;Cabo flexivel 2.5 mm² 750V PVC vermelho;01120102102OBR;4921;Cabo flexivel PVC 750V vermelho 2,5 mm²;M;Elétrica - Fios e Cabos; 44,29 ; 1,60 ; 70,95 ;Geral
OBR;Cabo flexivel 2.5 mm² 750V PVC verde;01120102103OBR;4901;Cabo flexivel PVC 750V verde 2,5 mm²;M;Elétrica - Fios e Cabos; 287,69 ; 1,60 ; 460,86 ;Geral
OBR;Cabo flexivel 1.5 mm² 750V PVC preto;01120102104OBR;4878;Cabo flexivel PVC 750V preto 1,5 mm²;M;Elétrica - Fios e Cabos; 429,74 ; 0,97 ; 416,07 ;Geral
OBR;Cabo flexivel 1.5 mm² 750V PVC azul;01120102105OBR;4842;Cabo flexivel PVC 750V azul 1,5 mm²;M;Elétrica - Fios e Cabos; 428,11 ; 0,97 ; 413,46 ;Geral
OBR;Cabo flexivel 1.5 mm² 750V PVC amarelo;01120102106OBR;4836;Cabo flexivel PVC 750V amarelo 1,5 mm²;M;Elétrica - Fios e Cabos; 723,78 ; 1,07 ; 771,34 ;Geral
OBR;Cabo flexivel 2.5 mm² 750V PVC azul;01120102107OBR;4848;Cabo flexivel PVC 750V azul 2,5 mm²;M;Elétrica - Fios e Cabos; 306,56 ; 1,60 ; 491,09 ;Geral
OBR;Cabo flexivel 4.0 mm² 750V PVC preto;01120102108OBR;4889;Cabo flexivel PVC 750V preto 4,0 mm²;M;Elétrica - Fios e Cabos; 508,50 ; 2,51 ; 1.275,69 ;Geral
OBR;Cabo flexivel 4.0 mm² 750V PVC azul;01120102109OBR;4851;Cabo flexivel PVC 750V azul 4,0 mm²;M;Elétrica - Fios e Cabos; 359,28 ; 2,53 ; 908,07 ;Geral
OBR;Cabo flexivel 4.0 mm² 750V PVC verde;01120102110OBR;4904;Cabo flexivel PVC 750V verde 4,0 mm²;M;Elétrica - Fios e Cabos; 424,50 ; 2,53 ; 1.072,91 ;Geral
OBR;Cabo flexivel 6.0 mm² 750V PVC preto;01120102111OBR;4892;Cabo flexivel PVC 750V preto 6,0 mm²;M;Elétrica - Fios e Cabos; 145,42 ; 3,86 ; 560,98 ;Geral
OBR;Cabo flexivel 6.0 mm² 750V PVC verde;01120102112OBR;4906;Cabo flexivel PVC 750V verde 6,0 mm²;M;Elétrica - Fios e Cabos; 143,16 ; 3,95 ; 566,19 ;Geral
OBR;Cabo flexivel 4.0 mm² 750V PVC vermelho;01120102113OBR;4924;Cabo flexivel PVC 750V vermelho 4,0 mm²;M;Elétrica - Fios e Cabos; 149,22 ; 3,11 ; 464,55 ;Geral
OBR;Cabo flexivel 6.0 mm² 750V PVC vermelho;01120102114OBR;4926;Cabo flexivel PVC 750V vermelho 6,0 mm²;M;Elétrica - Fios e Cabos; 145,42 ; 3,52 ; 511,30 ;Geral
OBR;Cabo flexivel 2.5 mm² 750V PVC preto;01120102201OBR;4886;Cabo flexivel PVC 750V preto 2,5 mm²;M;Elétrica - Fios e Cabos; 226,61 ; 1,65 ; 373,45 ;Geral
OBR;Cabo flexivel 2.5 mm² 750V PVC vermelho;01120102202OBR;4921;Cabo flexivel PVC 750V vermelho 2,5 mm²;M;Elétrica - Fios e Cabos; 19,84 ; 1,60 ; 31,78 ;Geral
OBR;Cabo flexivel 2.5 mm² 750V PVC verde;01120102203OBR;4901;Cabo flexivel PVC 750V verde 2,5 mm²;M;Elétrica - Fios e Cabos; 193,86 ; 1,60 ; 310,55 ;Geral
OBR;Cabo flexivel 1.5 mm² 750V PVC preto;01120102204OBR;4878;Cabo flexivel PVC 750V preto 1,5 mm²;M;Elétrica - Fios e Cabos; 357,35 ; 0,97 ; 345,98 ;Geral
OBR;Cabo flexivel 1.5 mm² 750V PVC azul;01120102205OBR;4842;Cabo flexivel PVC 750V azul 1,5 mm²;M;Elétrica - Fios e Cabos; 234,70 ; 0,97 ; 226,67 ;Geral
OBR;Cabo flexivel 1.5 mm² 750V PVC amarelo;01120102206OBR;4836;Cabo flexivel PVC 750V amarelo 1,5 mm²;M;Elétrica - Fios e Cabos; 665,10 ; 1,07 ; 708,80 ;Geral
OBR;Cabo flexivel 2.5 mm² 750V PVC azul;01120102207OBR;4848;Cabo flexivel PVC 750V azul 2,5 mm²;M;Elétrica - Fios e Cabos; 206,78 ; 1,60 ; 331,25 ;Geral
OBR;Cabo flexivel 4.0 mm² 750V PVC preto;01120102208OBR;4889;Cabo flexivel PVC 750V preto 4,0 mm²;M;Elétrica - Fios e Cabos; 551,95 ; 2,51 ; 1.384,69 ;Geral
OBR;Cabo flexivel 4.0 mm² 750V PVC azul;01120102209OBR;4851;Cabo flexivel PVC 750V azul 4,0 mm²;M;Elétrica - Fios e Cabos; 436,19 ; 2,53 ; 1.102,46 ;Geral
OBR;Cabo flexivel 4.0 mm² 750V PVC verde;01120102210OBR;4904;Cabo flexivel PVC 750V verde 4,0 mm²;M;Elétrica - Fios e Cabos; 453,63 ; 2,53 ; 1.146,54 ;Geral
OBR;Cabo flexivel 6.0 mm² 750V PVC preto;01120102211OBR;4892;Cabo flexivel PVC 750V preto 6,0 mm²;M;Elétrica - Fios e Cabos; 132,59 ; 3,86 ; 511,49 ;Geral
OBR;Cabo flexivel 6.0 mm² 750V PVC verde;01120102212OBR;4906;Cabo flexivel PVC 750V verde 6,0 mm²;M;Elétrica - Fios e Cabos; 120,75 ; 3,95 ; 477,56 ;Geral
OBR;Cabo flexivel 4.0 mm² 750V PVC vermelho;01120102213OBR;4924;Cabo flexivel PVC 750V vermelho 4,0 mm²;M;Elétrica - Fios e Cabos; 115,76 ; 3,11 ; 360,38 ;Geral
OBR;Cabo flexivel 6.0 mm² 750V PVC vermelho;01120102214OBR;4926;Cabo flexivel PVC 750V vermelho 6,0 mm²;M;Elétrica - Fios e Cabos; 132,59 ; 3,52 ; 466,19 ;Geral
OBR;Cabo flexivel 1.5 mm² 750V PVC verde;01120102215OBR;4895;Cabo flexivel PVC 750V verde 1,5 mm²;M;Elétrica - Fios e Cabos; 46,34 ; 0,98 ; 45,20 ;Geral
OBR;Cabo flexivel 2.5 mm² 750V PVC preto;01120102301OBR;4886;Cabo flexivel PVC 750V preto 2,5 mm²;M;Elétrica - Fios e Cabos; 226,61 ; 1,65 ; 373,45 ;Geral
OBR;Cabo flexivel 2.5 mm² 750V PVC vermelho;01120102302OBR;4921;Cabo flexivel PVC 750V vermelho 2,5 mm²;M;Elétrica - Fios e Cabos; 19,84 ; 1,60 ; 31,78 ;Geral
OBR;Cabo flexivel 2.5 mm² 750V PVC verde;01120102303OBR;4901;Cabo flexivel PVC 750V verde 2,5 mm²;M;Elétrica - Fios e Cabos; 193,86 ; 1,60 ; 310,55 ;Geral
OBR;Cabo flexivel 1.5 mm² 750V PVC preto;01120102304OBR;4878;Cabo flexivel PVC 750V preto 1,5 mm²;M;Elétrica - Fios e Cabos; 357,35 ; 0,97 ; 345,98 ;Geral
OBR;Cabo flexivel 1.5 mm² 750V PVC azul;01120102305OBR;4842;Cabo flexivel PVC 750V azul 1,5 mm²;M;Elétrica - Fios e Cabos; 234,70 ; 0,97 ; 226,67 ;Geral
OBR;Cabo flexivel 1.5 mm² 750V PVC amarelo;01120102306OBR;4836;Cabo flexivel PVC 750V amarelo 1,5 mm²;M;Elétrica - Fios e Cabos; 665,10 ; 1,07 ; 708,80 ;Geral
OBR;Cabo flexivel 2.5 mm² 750V PVC azul;01120102307OBR;4848;Cabo flexivel PVC 750V azul 2,5 mm²;M;Elétrica - Fios e Cabos; 206,78 ; 1,60 ; 331,25 ;Geral
OBR;Cabo flexivel 4.0 mm² 750V PVC preto;01120102308OBR;4889;Cabo flexivel PVC 750V preto 4,0 mm²;M;Elétrica - Fios e Cabos; 551,95 ; 2,51 ; 1.384,69 ;Geral
OBR;Cabo flexivel 4.0 mm² 750V PVC azul;01120102309OBR;4851;Cabo flexivel PVC 750V azul 4,0 mm²;M;Elétrica - Fios e Cabos; 436,19 ; 2,53 ; 1.102,46 ;Geral
OBR;Cabo flexivel 4.0 mm² 750V PVC verde;01120102310OBR;4904;Cabo flexivel PVC 750V verde 4,0 mm²;M;Elétrica - Fios e Cabos; 453,63 ; 2,53 ; 1.146,54 ;Geral
OBR;Cabo flexivel 6.0 mm² 750V PVC preto;01120102311OBR;4892;Cabo flexivel PVC 750V preto 6,0 mm²;M;Elétrica - Fios e Cabos; 132,59 ; 3,86 ; 511,49 ;Geral
OBR;Cabo flexivel 6.0 mm² 750V PVC verde;01120102312OBR;4906;Cabo flexivel PVC 750V verde 6,0 mm²;M;Elétrica - Fios e Cabos; 120,75 ; 3,95 ; 477,56 ;Geral
OBR;Cabo flexivel 4.0 mm² 750V PVC vermelho;01120102313OBR;4924;Cabo flexivel PVC 750V vermelho 4,0 mm²;M;Elétrica - Fios e Cabos; 115,76 ; 3,11 ; 360,38 ;Geral
OBR;Cabo flexivel 6.0 mm² 750V PVC vermelho;01120102314OBR;4926;Cabo flexivel PVC 750V vermelho 6,0 mm²;M;Elétrica - Fios e Cabos; 132,59 ; 3,52 ; 466,19 ;Geral
OBR;Cabo flexivel 1.5 mm² 750V PVC verde;01120102315OBR;4895;Cabo flexivel PVC 750V verde 1,5 mm²;M;Elétrica - Fios e Cabos; 46,34 ; 0,98 ; 45,20 ;Geral
OBR;Cabo flexivel 2.5 mm² 750V PVC preto;01120102401OBR;4886;Cabo flexivel PVC 750V preto 2,5 mm²;M;Elétrica - Fios e Cabos; 226,61 ; 1,65 ; 373,45 ;Geral
OBR;Cabo flexivel 2.5 mm² 750V PVC vermelho;01120102402OBR;4921;Cabo flexivel PVC 750V vermelho 2,5 mm²;M;Elétrica - Fios e Cabos; 19,84 ; 1,60 ; 31,78 ;Geral
OBR;Cabo flexivel 2.5 mm² 750V PVC verde;01120102403OBR;4901;Cabo flexivel PVC 750V verde 2,5 mm²;M;Elétrica - Fios e Cabos; 193,86 ; 1,60 ; 310,55 ;Geral
OBR;Cabo flexivel 1.5 mm² 750V PVC preto;01120102404OBR;4878;Cabo flexivel PVC 750V preto 1,5 mm²;M;Elétrica - Fios e Cabos; 357,35 ; 0,97 ; 345,98 ;Geral
OBR;Cabo flexivel 1.5 mm² 750V PVC azul;01120102405OBR;4842;Cabo flexivel PVC 750V azul 1,5 mm²;M;Elétrica - Fios e Cabos; 234,70 ; 0,97 ; 226,67 ;Geral
OBR;Cabo flexivel 1.5 mm² 750V PVC amarelo;01120102406OBR;4836;Cabo flexivel PVC 750V amarelo 1,5 mm²;M;Elétrica - Fios e Cabos; 665,10 ; 1,07 ; 708,80 ;Geral
OBR;Cabo flexivel 2.5 mm² 750V PVC azul;01120102407OBR;4848;Cabo flexivel PVC 750V azul 2,5 mm²;M;Elétrica - Fios e Cabos; 206,78 ; 1,60 ; 331,25 ;Geral
OBR;Cabo flexivel 4.0 mm² 750V PVC preto;01120102408OBR;4889;Cabo flexivel PVC 750V preto 4,0 mm²;M;Elétrica - Fios e Cabos; 551,95 ; 2,51 ; 1.384,69 ;Geral
OBR;Cabo flexivel 4.0 mm² 750V PVC azul;01120102409OBR;4851;Cabo flexivel PVC 750V azul 4,0 mm²;M;Elétrica - Fios e Cabos; 436,19 ; 2,53 ; 1.102,46 ;Geral
OBR;Cabo flexivel 4.0 mm² 750V PVC verde;01120102410OBR;4904;Cabo flexivel PVC 750V verde 4,0 mm²;M;Elétrica - Fios e Cabos; 453,63 ; 2,53 ; 1.146,54 ;Geral
OBR;Cabo flexivel 6.0 mm² 750V PVC preto;01120102411OBR;4892;Cabo flexivel PVC 750V preto 6,0 mm²;M;Elétrica - Fios e Cabos; 132,59 ; 3,86 ; 511,49 ;Geral
OBR;Cabo flexivel 6.0 mm² 750V PVC verde;01120102412OBR;4906;Cabo flexivel PVC 750V verde 6,0 mm²;M;Elétrica - Fios e Cabos; 120,75 ; 3,95 ; 477,56 ;Geral
OBR;Cabo flexivel 4.0 mm² 750V PVC vermelho;01120102413OBR;4924;Cabo flexivel PVC 750V vermelho 4,0 mm²;M;Elétrica - Fios e Cabos; 115,76 ; 3,11 ; 360,38 ;Geral
OBR;Cabo flexivel 6.0 mm² 750V PVC vermelho;01120102414OBR;4926;Cabo flexivel PVC 750V vermelho 6,0 mm²;M;Elétrica - Fios e Cabos; 132,59 ; 3,52 ; 466,19 ;Geral
OBR;Cabo flexivel 1.5 mm² 750V PVC verde;01120102415OBR;4895;Cabo flexivel PVC 750V verde 1,5 mm²;M;Elétrica - Fios e Cabos; 46,34 ; 0,98 ; 45,20 ;Geral
OBR;Cabo flexivel 2.5 mm² 750V PVC preto;01120102501OBR;4886;Cabo flexivel PVC 750V preto 2,5 mm²;M;Elétrica - Fios e Cabos; 226,61 ; 1,65 ; 373,45 ;Geral
OBR;Cabo flexivel 2.5 mm² 750V PVC vermelho;01120102502OBR;4921;Cabo flexivel PVC 750V vermelho 2,5 mm²;M;Elétrica - Fios e Cabos; 19,84 ; 1,60 ; 31,78 ;Geral
OBR;Cabo flexivel 2.5 mm² 750V PVC verde;01120102503OBR;4901;Cabo flexivel PVC 750V verde 2,5 mm²;M;Elétrica - Fios e Cabos; 193,86 ; 1,60 ; 310,55 ;Geral
OBR;Cabo flexivel 1.5 mm² 750V PVC preto;01120102504OBR;4878;Cabo flexivel PVC 750V preto 1,5 mm²;M;Elétrica - Fios e Cabos; 357,35 ; 0,97 ; 345,98 ;Geral
OBR;Cabo flexivel 1.5 mm² 750V PVC azul;01120102505OBR;4842;Cabo flexivel PVC 750V azul 1,5 mm²;M;Elétrica - Fios e Cabos; 234,70 ; 0,97 ; 226,67 ;Geral
OBR;Cabo flexivel 1.5 mm² 750V PVC amarelo;01120102506OBR;4836;Cabo flexivel PVC 750V amarelo 1,5 mm²;M;Elétrica - Fios e Cabos; 665,10 ; 1,07 ; 708,80 ;Geral
OBR;Cabo flexivel 2.5 mm² 750V PVC azul;01120102507OBR;4848;Cabo flexivel PVC 750V azul 2,5 mm²;M;Elétrica - Fios e Cabos; 206,78 ; 1,60 ; 331,25 ;Geral
OBR;Cabo flexivel 4.0 mm² 750V PVC preto;01120102508OBR;4889;Cabo flexivel PVC 750V preto 4,0 mm²;M;Elétrica - Fios e Cabos; 551,95 ; 2,51 ; 1.384,69 ;Geral
OBR;Cabo flexivel 4.0 mm² 750V PVC azul;01120102509OBR;4851;Cabo flexivel PVC 750V azul 4,0 mm²;M;Elétrica - Fios e Cabos; 436,19 ; 2,53 ; 1.102,46 ;Geral
OBR;Cabo flexivel 4.0 mm² 750V PVC verde;01120102510OBR;4904;Cabo flexivel PVC 750V verde 4,0 mm²;M;Elétrica - Fios e Cabos; 453,63 ; 2,53 ; 1.146,54 ;Geral
OBR;Cabo flexivel 6.0 mm² 750V PVC preto;01120102511OBR;4892;Cabo flexivel PVC 750V preto 6,0 mm²;M;Elétrica - Fios e Cabos; 132,59 ; 3,86 ; 511,49 ;Geral
OBR;Cabo flexivel 6.0 mm² 750V PVC verde;01120102512OBR;4906;Cabo flexivel PVC 750V verde 6,0 mm²;M;Elétrica - Fios e Cabos; 120,75 ; 3,95 ; 477,56 ;Geral
OBR;Cabo flexivel 4.0 mm² 750V PVC vermelho;01120102513OBR;4924;Cabo flexivel PVC 750V vermelho 4,0 mm²;M;Elétrica - Fios e Cabos; 115,76 ; 3,11 ; 360,38 ;Geral
OBR;Cabo flexivel 6.0 mm² 750V PVC vermelho;01120102514OBR;4926;Cabo flexivel PVC 750V vermelho 6,0 mm²;M;Elétrica - Fios e Cabos; 132,59 ; 3,52 ; 466,19 ;Geral
OBR;Cabo flexivel 1.5 mm² 750V PVC verde;01120102515OBR;4895;Cabo flexivel PVC 750V verde 1,5 mm²;M;Elétrica - Fios e Cabos; 46,34 ; 0,98 ; 45,20 ;Geral
OBR;Cabo flexivel 2.5 mm² 750V PVC preto;01120102601OBR;4886;Cabo flexivel PVC 750V preto 2,5 mm²;M;Elétrica - Fios e Cabos; 226,61 ; 1,65 ; 373,45 ;Geral
OBR;Cabo flexivel 2.5 mm² 750V PVC vermelho;01120102602OBR;4921;Cabo flexivel PVC 750V vermelho 2,5 mm²;M;Elétrica - Fios e Cabos; 19,84 ; 1,60 ; 31,78 ;Geral
OBR;Cabo flexivel 2.5 mm² 750V PVC verde;01120102603OBR;4901;Cabo flexivel PVC 750V verde 2,5 mm²;M;Elétrica - Fios e Cabos; 193,86 ; 1,60 ; 310,55 ;Geral
OBR;Cabo flexivel 1.5 mm² 750V PVC preto;01120102604OBR;4878;Cabo flexivel PVC 750V preto 1,5 mm²;M;Elétrica - Fios e Cabos; 357,35 ; 0,97 ; 345,98 ;Geral
OBR;Cabo flexivel 1.5 mm² 750V PVC azul;01120102605OBR;4842;Cabo flexivel PVC 750V azul 1,5 mm²;M;Elétrica - Fios e Cabos; 234,70 ; 0,97 ; 226,67 ;Geral
OBR;Cabo flexivel 1.5 mm² 750V PVC amarelo;01120102606OBR;4836;Cabo flexivel PVC 750V amarelo 1,5 mm²;M;Elétrica - Fios e Cabos; 665,10 ; 1,07 ; 708,80 ;Geral
OBR;Cabo flexivel 2.5 mm² 750V PVC azul;01120102607OBR;4848;Cabo flexivel PVC 750V azul 2,5 mm²;M;Elétrica - Fios e Cabos; 206,78 ; 1,60 ; 331,25 ;Geral
OBR;Cabo flexivel 4.0 mm² 750V PVC preto;01120102608OBR;4889;Cabo flexivel PVC 750V preto 4,0 mm²;M;Elétrica - Fios e Cabos; 551,95 ; 2,51 ; 1.384,69 ;Geral
OBR;Cabo flexivel 4.0 mm² 750V PVC azul;01120102609OBR;4851;Cabo flexivel PVC 750V azul 4,0 mm²;M;Elétrica - Fios e Cabos; 436,19 ; 2,53 ; 1.102,46 ;Geral
OBR;Cabo flexivel 4.0 mm² 750V PVC verde;01120102610OBR;4904;Cabo flexivel PVC 750V verde 4,0 mm²;M;Elétrica - Fios e Cabos; 453,63 ; 2,53 ; 1.146,54 ;Geral
OBR;Cabo flexivel 6.0 mm² 750V PVC preto;01120102611OBR;4892;Cabo flexivel PVC 750V preto 6,0 mm²;M;Elétrica - Fios e Cabos; 132,59 ; 3,86 ; 511,49 ;Geral
OBR;Cabo flexivel 6.0 mm² 750V PVC verde;01120102612OBR;4906;Cabo flexivel PVC 750V verde 6,0 mm²;M;Elétrica - Fios e Cabos; 120,75 ; 3,95 ; 477,56 ;Geral
OBR;Cabo flexivel 4.0 mm² 750V PVC vermelho;01120102613OBR;4924;Cabo flexivel PVC 750V vermelho 4,0 mm²;M;Elétrica - Fios e Cabos; 115,76 ; 3,11 ; 360,38 ;Geral
OBR;Cabo flexivel 6.0 mm² 750V PVC vermelho;01120102614OBR;4926;Cabo flexivel PVC 750V vermelho 6,0 mm²;M;Elétrica - Fios e Cabos; 132,59 ; 3,52 ; 466,19 ;Geral
OBR;Cabo flexivel 1.5 mm² 750V PVC verde;01120102615OBR;4895;Cabo flexivel PVC 750V verde 1,5 mm²;M;Elétrica - Fios e Cabos; 46,34 ; 0,98 ; 45,20 ;Geral
OBR;Cabo flexivel 2.5 mm² 750V PVC preto;01120102701OBR;4886;Cabo flexivel PVC 750V preto 2,5 mm²;M;Elétrica - Fios e Cabos; 226,61 ; 1,65 ; 373,45 ;Geral
OBR;Cabo flexivel 2.5 mm² 750V PVC vermelho;01120102702OBR;4921;Cabo flexivel PVC 750V vermelho 2,5 mm²;M;Elétrica - Fios e Cabos; 19,84 ; 1,60 ; 31,78 ;Geral
OBR;Cabo flexivel 2.5 mm² 750V PVC verde;01120102703OBR;4901;Cabo flexivel PVC 750V verde 2,5 mm²;M;Elétrica - Fios e Cabos; 193,86 ; 1,60 ; 310,55 ;Geral
OBR;Cabo flexivel 1.5 mm² 750V PVC preto;01120102704OBR;4878;Cabo flexivel PVC 750V preto 1,5 mm²;M;Elétrica - Fios e Cabos; 357,35 ; 0,97 ; 345,98 ;Geral
OBR;Cabo flexivel 1.5 mm² 750V PVC azul;01120102705OBR;4842;Cabo flexivel PVC 750V azul 1,5 mm²;M;Elétrica - Fios e Cabos; 234,70 ; 0,97 ; 226,67 ;Geral
OBR;Cabo flexivel 1.5 mm² 750V PVC amarelo;01120102706OBR;4836;Cabo flexivel PVC 750V amarelo 1,5 mm²;M;Elétrica - Fios e Cabos; 665,10 ; 1,07 ; 708,80 ;Geral
OBR;Cabo flexivel 2.5 mm² 750V PVC azul;01120102707OBR;4848;Cabo flexivel PVC 750V azul 2,5 mm²;M;Elétrica - Fios e Cabos; 206,78 ; 1,60 ; 331,25 ;Geral
OBR;Cabo flexivel 4.0 mm² 750V PVC preto;01120102708OBR;4889;Cabo flexivel PVC 750V preto 4,0 mm²;M;Elétrica - Fios e Cabos; 551,95 ; 2,51 ; 1.384,69 ;Geral
OBR;Cabo flexivel 4.0 mm² 750V PVC azul;01120102709OBR;4851;Cabo flexivel PVC 750V azul 4,0 mm²;M;Elétrica - Fios e Cabos; 436,19 ; 2,53 ; 1.102,46 ;Geral
OBR;Cabo flexivel 4.0 mm² 750V PVC verde;01120102710OBR;4904;Cabo flexivel PVC 750V verde 4,0 mm²;M;Elétrica - Fios e Cabos; 453,63 ; 2,53 ; 1.146,54 ;Geral
OBR;Cabo flexivel 6.0 mm² 750V PVC preto;01120102711OBR;4892;Cabo flexivel PVC 750V preto 6,0 mm²;M;Elétrica - Fios e Cabos; 132,59 ; 3,86 ; 511,49 ;Geral
OBR;Cabo flexivel 6.0 mm² 750V PVC verde;01120102712OBR;4906;Cabo flexivel PVC 750V verde 6,0 mm²;M;Elétrica - Fios e Cabos; 120,75 ; 3,95 ; 477,56 ;Geral
OBR;Cabo flexivel 4.0 mm² 750V PVC vermelho;01120102713OBR;4924;Cabo flexivel PVC 750V vermelho 4,0 mm²;M;Elétrica - Fios e Cabos; 115,76 ; 3,11 ; 360,38 ;Geral
OBR;Cabo flexivel 6.0 mm² 750V PVC vermelho;01120102714OBR;4926;Cabo flexivel PVC 750V vermelho 6,0 mm²;M;Elétrica - Fios e Cabos; 132,59 ; 3,52 ; 466,19 ;Geral
OBR;Cabo flexivel 1.5 mm² 750V PVC verde;01120102715OBR;4895;Cabo flexivel PVC 750V verde 1,5 mm²;M;Elétrica - Fios e Cabos; 46,34 ; 0,98 ; 45,20 ;Geral
OBR;Cabo flexivel 2.5 mm² 750V PVC preto;01120102801OBR;4886;Cabo flexivel PVC 750V preto 2,5 mm²;M;Elétrica - Fios e Cabos; 226,61 ; 1,65 ; 373,45 ;Geral
OBR;Cabo flexivel 2.5 mm² 750V PVC vermelho;01120102802OBR;4921;Cabo flexivel PVC 750V vermelho 2,5 mm²;M;Elétrica - Fios e Cabos; 19,84 ; 1,60 ; 31,78 ;Geral
OBR;Cabo flexivel 2.5 mm² 750V PVC verde;01120102803OBR;4901;Cabo flexivel PVC 750V verde 2,5 mm²;M;Elétrica - Fios e Cabos; 193,86 ; 1,60 ; 310,55 ;Geral
OBR;Cabo flexivel 1.5 mm² 750V PVC preto;01120102804OBR;4878;Cabo flexivel PVC 750V preto 1,5 mm²;M;Elétrica - Fios e Cabos; 357,35 ; 0,97 ; 345,98 ;Geral
OBR;Cabo flexivel 1.5 mm² 750V PVC azul;01120102805OBR;4842;Cabo flexivel PVC 750V azul 1,5 mm²;M;Elétrica - Fios e Cabos; 234,70 ; 0,97 ; 226,67 ;Geral
OBR;Cabo flexivel 1.5 mm² 750V PVC amarelo;01120102806OBR;4836;Cabo flexivel PVC 750V amarelo 1,5 mm²;M;Elétrica - Fios e Cabos; 665,10 ; 1,07 ; 708,80 ;Geral
OBR;Cabo flexivel 2.5 mm² 750V PVC azul;01120102807OBR;4848;Cabo flexivel PVC 750V azul 2,5 mm²;M;Elétrica - Fios e Cabos; 206,78 ; 1,60 ; 331,25 ;Geral
OBR;Cabo flexivel 4.0 mm² 750V PVC preto;01120102808OBR;4889;Cabo flexivel PVC 750V preto 4,0 mm²;M;Elétrica - Fios e Cabos; 551,95 ; 2,51 ; 1.384,69 ;Geral
OBR;Cabo flexivel 4.0 mm² 750V PVC azul;01120102809OBR;4851;Cabo flexivel PVC 750V azul 4,0 mm²;M;Elétrica - Fios e Cabos; 436,19 ; 2,53 ; 1.102,46 ;Geral
OBR;Cabo flexivel 4.0 mm² 750V PVC verde;01120102810OBR;4904;Cabo flexivel PVC 750V verde 4,0 mm²;M;Elétrica - Fios e Cabos; 453,63 ; 2,53 ; 1.146,54 ;Geral
OBR;Cabo flexivel 6.0 mm² 750V PVC preto;01120102811OBR;4892;Cabo flexivel PVC 750V preto 6,0 mm²;M;Elétrica - Fios e Cabos; 132,59 ; 3,86 ; 511,49 ;Geral
OBR;Cabo flexivel 6.0 mm² 750V PVC verde;01120102812OBR;4906;Cabo flexivel PVC 750V verde 6,0 mm²;M;Elétrica - Fios e Cabos; 120,75 ; 3,95 ; 477,56 ;Geral
OBR;Cabo flexivel 4.0 mm² 750V PVC vermelho;01120102813OBR;4924;Cabo flexivel PVC 750V vermelho 4,0 mm²;M;Elétrica - Fios e Cabos; 115,76 ; 3,11 ; 360,38 ;Geral
OBR;Cabo flexivel 6.0 mm² 750V PVC vermelho;01120102814OBR;4926;Cabo flexivel PVC 750V vermelho 6,0 mm²;M;Elétrica - Fios e Cabos; 132,59 ; 3,52 ; 466,19 ;Geral
OBR;Cabo flexivel 1.5 mm² 750V PVC verde;01120102815OBR;4895;Cabo flexivel PVC 750V verde 1,5 mm²;M;Elétrica - Fios e Cabos; 46,34 ; 0,98 ; 45,20 ;Geral
OBR;Cabo flexivel 2.5 mm² 750V PVC preto;01120102901OBR;4886;Cabo flexivel PVC 750V preto 2,5 mm²;M;Elétrica - Fios e Cabos; 688,30 ; 1,65 ; 1.134,28 ;Geral
OBR;Cabo flexivel 2.5 mm² 750V PVC vermelho;01120102902OBR;4921;Cabo flexivel PVC 750V vermelho 2,5 mm²;M;Elétrica - Fios e Cabos; 47,68 ; 1,60 ; 76,38 ;Geral
OBR;Cabo flexivel 2.5 mm² 750V PVC verde;01120102903OBR;4901;Cabo flexivel PVC 750V verde 2,5 mm²;M;Elétrica - Fios e Cabos; 275,11 ; 1,60 ; 440,71 ;Geral
OBR;Cabo flexivel 2.5 mm² 750V PVC azul;01120102904OBR;4848;Cabo flexivel PVC 750V azul 2,5 mm²;M;Elétrica - Fios e Cabos; 629,44 ; 1,60 ; 1.008,33 ;Geral
OBR;Cabo flexivel 4.0 mm² 750V PVC preto;01120102905OBR;4889;Cabo flexivel PVC 750V preto 4,0 mm²;M;Elétrica - Fios e Cabos; 72,46 ; 2,51 ; 181,78 ;Geral
OBR;Cabo flexivel 4.0 mm² 750V PVC azul;01120102906OBR;4851;Cabo flexivel PVC 750V azul 4,0 mm²;M;Elétrica - Fios e Cabos; 51,70 ; 2,53 ; 130,67 ;Geral
OBR;Cabo flexivel 4.0 mm² 750V PVC verde;01120102907OBR;4904;Cabo flexivel PVC 750V verde 4,0 mm²;M;Elétrica - Fios e Cabos; 51,94 ; 2,53 ; 131,28 ;Geral
OBR;Cabo flexivel 6.0 mm² 750V PVC preto;01120102908OBR;4892;Cabo flexivel PVC 750V preto 6,0 mm²;M;Elétrica - Fios e Cabos; 10,04 ; 3,86 ; 38,73 ;Geral
OBR;Cabo flexivel 6.0 mm² 750V PVC verde;01120102909OBR;4906;Cabo flexivel PVC 750V verde 6,0 mm²;M;Elétrica - Fios e Cabos; 9,84 ; 3,95 ; 38,92 ;Geral
OBR;Cabo flexivel 2.5 mm² 750V PVC amarelo;01120102910OBR;4838;Cabo flexivel PVC 750V amarelo 2,5 mm²;M;Elétrica - Fios e Cabos; 118,85 ; 1,65 ; 196,50 ;Geral
OBR;Cabo flexivel 4.0 mm² 750V PVC vermelho;01120102911OBR;4924;Cabo flexivel PVC 750V vermelho 4,0 mm²;M;Elétrica - Fios e Cabos; 29,66 ; 3,11 ; 92,34 ;Geral
OBR;Cabo flexivel 4.0 mm² 750V PVC branco;01120102912OBR;4868;Cabo flexivel PVC 750V branco 4,0 mm²;M;Elétrica - Fios e Cabos; 8,91 ; 3,10 ; 27,62 ;Geral
OBR;Cabo flexivel 6.0 mm² 750V PVC vermelho;01120102913OBR;4926;Cabo flexivel PVC 750V vermelho 6,0 mm²;M;Elétrica - Fios e Cabos; 10,04 ; 3,52 ; 35,30 ;Geral
OBR;Cabo flexivel 2.5 mm² 750V PVC preto;01120103001OBR;4886;Cabo flexivel PVC 750V preto 2,5 mm²;M;Elétrica - Fios e Cabos; 1.202,19 ; 1,65 ; 1.981,15 ;Geral
OBR;Cabo flexivel 2.5 mm² 750V PVC vermelho;01120103002OBR;4921;Cabo flexivel PVC 750V vermelho 2,5 mm²;M;Elétrica - Fios e Cabos; 27,87 ; 1,60 ; 44,65 ;Geral
OBR;Cabo flexivel 2.5 mm² 750V PVC branco;01120103003OBR;4865;Cabo flexivel PVC 750V branco 2,5 mm²;M;Elétrica - Fios e Cabos; 27,87 ; 1,67 ; 46,58 ;Geral
OBR;Cabo flexivel 2.5 mm² 750V PVC verde;01120103004OBR;4901;Cabo flexivel PVC 750V verde 2,5 mm²;M;Elétrica - Fios e Cabos; 641,07 ; 1,60 ; 1.026,96 ;Geral
OBR;Cabo flexivel 2.5 mm² 750V PVC azul;01120103005OBR;4848;Cabo flexivel PVC 750V azul 2,5 mm²;M;Elétrica - Fios e Cabos; 1.179,77 ; 1,60 ; 1.889,93 ;Geral
OBR;Cabo flexivel 4.0 mm² 750V PVC preto;01120103006OBR;4889;Cabo flexivel PVC 750V preto 4,0 mm²;M;Elétrica - Fios e Cabos; 573,17 ; 2,51 ; 1.437,93 ;Geral
OBR;Cabo flexivel 4.0 mm² 750V PVC azul;01120103007OBR;4851;Cabo flexivel PVC 750V azul 4,0 mm²;M;Elétrica - Fios e Cabos; 556,75 ; 2,53 ; 1.407,17 ;Geral
OBR;Cabo flexivel 4.0 mm² 750V PVC verde;01120103008OBR;4904;Cabo flexivel PVC 750V verde 4,0 mm²;M;Elétrica - Fios e Cabos; 472,82 ; 2,53 ; 1.195,04 ;Geral
OBR;Cabo flexivel 2.5 mm² 750V PVC amarelo;01120103009OBR;4838;Cabo flexivel PVC 750V amarelo 2,5 mm²;M;Elétrica - Fios e Cabos; 294,74 ; 1,65 ; 487,31 ;Geral
OBR;Cabo flexivel 4.0 mm² 750V PVC vermelho;01120103010OBR;4924;Cabo flexivel PVC 750V vermelho 4,0 mm²;M;Elétrica - Fios e Cabos; 12,97 ; 3,11 ; 40,38 ;Geral
OBR;Cabo flexivel 4.0 mm² 750V PVC branco;01120103011OBR;4868;Cabo flexivel PVC 750V branco 4,0 mm²;M;Elétrica - Fios e Cabos; 12,97 ; 3,10 ; 40,20 ;Geral
OBR;Cabo flexivel 1.5 mm² 750V PVC preto;01120103012OBR;4878;Cabo flexivel PVC 750V preto 1,5 mm²;M;Elétrica - Fios e Cabos; 129,68 ; 0,97 ; 125,55 ;Geral
OBR;Cabo flexivel 1.5 mm² 750V PVC azul;01120103013OBR;4842;Cabo flexivel PVC 750V azul 1,5 mm²;M;Elétrica - Fios e Cabos; 118,40 ; 0,97 ; 114,35 ;Geral
OBR;Cabo flexivel 1.5 mm² 750V PVC amarelo;01120103014OBR;4836;Cabo flexivel PVC 750V amarelo 1,5 mm²;M;Elétrica - Fios e Cabos; 16,46 ; 1,07 ; 17,54 ;Geral
OBR;Cabo flexivel 6.0 mm² 750V PVC preto;01120103015OBR;4892;Cabo flexivel PVC 750V preto 6,0 mm²;M;Elétrica - Fios e Cabos; 56,65 ; 3,86 ; 218,54 ;Geral
OBR;Cabo flexivel 16.0 mm² 750V PVC azul;01120103016OBR;4846;Cabo flexivel PVC 750V azul 16,0 mm²;M;Elétrica - Fios e Cabos; 38,74 ; 10,55 ; 408,58 ;Geral
OBR;Cabo flexivel 16.0 mm² 750V PVC preto;01120103017OBR;4883;Cabo flexivel PVC 750V preto 16,0 mm²;M;Elétrica - Fios e Cabos; 38,74 ; 10,55 ; 408,58 ;Geral
OBR;Cabo flexivel 16.0 mm² 750V PVC verde;01120103018OBR;4899;Cabo flexivel PVC 750V verde 16,0 mm²;M;Elétrica - Fios e Cabos; 38,74 ; 10,55 ; 408,58 ;Geral
OBR;Cabo flexivel 16.0 mm² 750V PVC vermelho;01120103019OBR;4920;Cabo flexivel PVC 750V vermelho 16,0 mm²;M;Elétrica - Fios e Cabos; 38,74 ; 11,91 ; 461,49 ;Geral
OBR;Cabo flexivel 4.0 mm² 750V PVC amarelo;01120103020OBR;4840;Cabo flexivel PVC 750V amarelo 4,0 mm²;M;Elétrica - Fios e Cabos; 61,16 ; 3,91 ; 239,14 ;Geral
OBR;Cabo flexivel 16.0 mm² 750V PVC branco;01120103021OBR;4863;Cabo flexivel PVC 750V branco 16,0 mm²;M;Elétrica - Fios e Cabos; 38,74 ; 11,96 ; 463,38 ;Geral
OBR;Cabo flexivel 1.5 mm² 750V PVC verde;01120103022OBR;4895;Cabo flexivel PVC 750V verde 1,5 mm²;M;Elétrica - Fios e Cabos; 30,33 ; 0,98 ; 29,58 ;Geral
OBR;Fitilho para amarracao - 50 m;01120105211OBR;8768;Fitilho para amarracao 50 m;UN;Ferramentas; 288,94 ; 16,92 ; 4.890,19 ;Geral
OBR;Cabo de cobre nu - 35 mm²;01120105401OBR;5097;Cabo de cobre nu 35,0 mm²;M;Elétrica - Fios e Cabos; 50,72 ; 20,08 ; 1.018,45 ;Geral
OBR;Cabo de cobre nu - 70.0 mm²;01120105504OBR;5101;Cabo de cobre nu 70,0 mm²;M;Elétrica - Fios e Cabos; 12,09 ; 63,03 ; 762,05 ;Geral
OBR;"Valvula esfera passagem plena alavanca (femea-femea) - 1.1/2""";01130100105OBR;3591;"Valvula esfera passagem plena alavanca femea-femea 1.1/2""";UN;Louças, Metais e Acessórios; 1,00 ; 135,99 ; 135,99 ;Geral
OBR;"Valvula esfera passagem plena alavanca (femea-femea) - 1""";01130100115OBR;3590;"Valvula esfera passagem plena alavanca femea-femea 1""";UN;Louças, Metais e Acessórios; 1,00 ; 60,09 ; 60,09 ;Geral
OBR;"Torneira de jardim curta sem canopla - 1/2"" - Padrao I";01130100120OBR;3749;"Torneira jardim metalica cromada curta 1/2""";UN;Louças, Metais e Acessórios; 5,00 ; 28,37 ; 141,87 ;Geral
OBR;"Torneira de jardim curta sem canopla - 1/2"" - Padrao I";01130100122OBR;3749;"Torneira jardim metalica cromada curta 1/2""";UN;Louças, Metais e Acessórios; 1,00 ; 28,37 ; 28,37 ;Geral
OBR;"Registro de pressao base - 25 mm (3/4"")";01130100204OBR;4456;"Registro de pressao base 25 mm 3/4""";UN;Louças, Metais e Acessórios; 2,00 ; 43,21 ; 86,41 ;Geral
OBR;"Registro de gaveta volante (bruto) - 25 mm (3/4"")";01130100214OBR;4445;"Registro de gaveta volante bruto 25 mm 3/4""";UN;Louças, Metais e Acessórios; 32,00 ; 36,04 ; 1.153,15 ;Geral
OBR;"Torneira de jardim curta sem canopla - 1/2"" - Padrao I";01130100228OBR;3749;"Torneira jardim metalica cromada curta 1/2""";UN;Louças, Metais e Acessórios; 1,00 ; 28,37 ; 28,37 ;Geral
OBR;"Registro de pressao base - 25 mm (3/4"")";01130100302OBR;4456;"Registro de pressao base 25 mm 3/4""";UN;Louças, Metais e Acessórios; 2,00 ; 43,21 ; 86,41 ;Geral
OBR;"Registro de gaveta volante (bruto) - 25 mm (3/4"")";01130100310OBR;4445;"Registro de gaveta volante bruto 25 mm 3/4""";UN;Louças, Metais e Acessórios; 31,00 ; 36,04 ; 1.117,12 ;Geral
OBR;"Registro de pressao base - 25 mm (3/4"")";01130100402OBR;4456;"Registro de pressao base 25 mm 3/4""";UN;Louças, Metais e Acessórios; 2,00 ; 43,21 ; 86,41 ;Geral
OBR;"Registro de gaveta volante (bruto) - 25 mm (3/4"")";01130100410OBR;4445;"Registro de gaveta volante bruto 25 mm 3/4""";UN;Louças, Metais e Acessórios; 31,00 ; 36,04 ; 1.117,12 ;Geral
OBR;"Registro de pressao base - 25 mm (3/4"")";01130100502OBR;4456;"Registro de pressao base 25 mm 3/4""";UN;Louças, Metais e Acessórios; 2,00 ; 43,21 ; 86,41 ;Geral
OBR;"Registro de gaveta volante (bruto) - 25 mm (3/4"")";01130100510OBR;4445;"Registro de gaveta volante bruto 25 mm 3/4""";UN;Louças, Metais e Acessórios; 31,00 ; 36,04 ; 1.117,12 ;Geral
OBR;"Registro de pressao base - 25 mm (3/4"")";01130100602OBR;4456;"Registro de pressao base 25 mm 3/4""";UN;Louças, Metais e Acessórios; 2,00 ; 43,21 ; 86,41 ;Geral
OBR;"Registro de gaveta volante (bruto) - 25 mm (3/4"")";01130100610OBR;4445;"Registro de gaveta volante bruto 25 mm 3/4""";UN;Louças, Metais e Acessórios; 31,00 ; 36,04 ; 1.117,12 ;Geral
OBR;"Registro de pressao base - 25 mm (3/4"")";01130100702OBR;4456;"Registro de pressao base 25 mm 3/4""";UN;Louças, Metais e Acessórios; 2,00 ; 43,21 ; 86,41 ;Geral
OBR;"Registro de gaveta volante (bruto) - 25 mm (3/4"")";01130100712OBR;4445;"Registro de gaveta volante bruto 25 mm 3/4""";UN;Louças, Metais e Acessórios; 31,00 ; 36,04 ; 1.117,12 ;Geral
OBR;"Registro de pressao base - 25 mm (3/4"")";01130100802OBR;4456;"Registro de pressao base 25 mm 3/4""";UN;Louças, Metais e Acessórios; 2,00 ; 43,21 ; 86,41 ;Geral
OBR;"Registro de gaveta volante (bruto) - 25 mm (3/4"")";01130100811OBR;4445;"Registro de gaveta volante bruto 25 mm 3/4""";UN;Louças, Metais e Acessórios; 31,00 ; 36,04 ; 1.117,12 ;Geral
OBR;"Registro de pressao base - 25 mm (3/4"")";01130100902OBR;4456;"Registro de pressao base 25 mm 3/4""";UN;Louças, Metais e Acessórios; 2,00 ; 43,21 ; 86,41 ;Geral
OBR;"Registro de gaveta volante (bruto) - 25 mm (3/4"")";01130100912OBR;4445;"Registro de gaveta volante bruto 25 mm 3/4""";UN;Louças, Metais e Acessórios; 31,00 ; 36,04 ; 1.117,12 ;Geral
OBR;"Registro de gaveta volante (bruto) - 25 mm (3/4"")";01130101008OBR;4445;"Registro de gaveta volante bruto 25 mm 3/4""";UN;Louças, Metais e Acessórios; 5,00 ; 36,04 ; 180,18 ;Geral
OBR;"Valvula esfera passagem plena alavanca (femea-femea) - 1.1/2""";01130101111OBR;3591;"Valvula esfera passagem plena alavanca femea-femea 1.1/2""";UN;Louças, Metais e Acessórios; 7,00 ; 135,99 ; 951,93 ;Geral
OBR;"Valvula esfera passagem plena alavanca (femea-femea) - 1.1/4""";01130101128OBR;3592;"Valvula esfera passagem plena alavanca femea-femea 1.1/4""";UN;Louças, Metais e Acessórios; 2,00 ; 92,32 ; 184,64 ;Geral
OBR;"Valvula de retencao vertical - 1.1/4""";01130101130OBR;3646;"Valvula de retencao vertical 1.1/4""";UN;Louças, Metais e Acessórios; 2,00 ; 141,32 ; 282,65 ;Geral
OBR;"Registro de gaveta base - 25 mm (3/4"")";01130101205OBR;4433;"Registro de gaveta base 25 mm 3/4""";UN;Louças, Metais e Acessórios; 17,00 ; 29,29 ; 497,86 ;Geral
OBR;"Base Misturador Monocomando 3/4""";01130101206OBR;10063;"Base Misturador Monocomando 3/4""";UN;Louças, Metais e Acessórios; 10,00 ; 440,91 ; 4.409,10 ;Geral
OBR;"Registro de gaveta base - 25 mm (3/4"")";01130101305OBR;4433;"Registro de gaveta base 25 mm 3/4""";UN;Louças, Metais e Acessórios; 17,00 ; 29,29 ; 497,86 ;Geral
OBR;"Base Misturador Monocomando 3/4""";01130101306OBR;10063;"Base Misturador Monocomando 3/4""";UN;Louças, Metais e Acessórios; 10,00 ; 440,91 ; 4.409,10 ;Geral
OBR;"Registro de gaveta base - 25 mm (3/4"")";01130101405OBR;4433;"Registro de gaveta base 25 mm 3/4""";UN;Louças, Metais e Acessórios; 17,00 ; 29,29 ; 497,86 ;Geral
OBR;"Base Misturador Monocomando 3/4""";01130101406OBR;10063;"Base Misturador Monocomando 3/4""";UN;Louças, Metais e Acessórios; 10,00 ; 440,91 ; 4.409,10 ;Geral
OBR;"Registro de gaveta base - 25 mm (3/4"")";01130101505OBR;4433;"Registro de gaveta base 25 mm 3/4""";UN;Louças, Metais e Acessórios; 17,00 ; 29,29 ; 497,86 ;Geral
OBR;"Base Misturador Monocomando 3/4""";01130101506OBR;10063;"Base Misturador Monocomando 3/4""";UN;Louças, Metais e Acessórios; 10,00 ; 440,91 ; 4.409,10 ;Geral
OBR;"Registro de gaveta base - 25 mm (3/4"")";01130101605OBR;4433;"Registro de gaveta base 25 mm 3/4""";UN;Louças, Metais e Acessórios; 17,00 ; 29,29 ; 497,86 ;Geral
OBR;"Base Misturador Monocomando 3/4""";01130101606OBR;10063;"Base Misturador Monocomando 3/4""";UN;Louças, Metais e Acessórios; 10,00 ; 440,91 ; 4.409,10 ;Geral
OBR;"Registro de gaveta base - 25 mm (3/4"")";01130101705OBR;4433;"Registro de gaveta base 25 mm 3/4""";UN;Louças, Metais e Acessórios; 17,00 ; 29,29 ; 497,86 ;Geral
OBR;"Base Misturador Monocomando 3/4""";01130101706OBR;10063;"Base Misturador Monocomando 3/4""";UN;Louças, Metais e Acessórios; 10,00 ; 440,91 ; 4.409,10 ;Geral
OBR;"Registro de gaveta base - 25 mm (3/4"")";01130101805OBR;4433;"Registro de gaveta base 25 mm 3/4""";UN;Louças, Metais e Acessórios; 17,00 ; 29,29 ; 497,86 ;Geral
OBR;"Base Misturador Monocomando 3/4""";01130101806OBR;10063;"Base Misturador Monocomando 3/4""";UN;Louças, Metais e Acessórios; 10,00 ; 440,91 ; 4.409,10 ;Geral
OBR;"Registro de gaveta base - 25 mm (3/4"")";01130101905OBR;4433;"Registro de gaveta base 25 mm 3/4""";UN;Louças, Metais e Acessórios; 17,00 ; 29,29 ; 497,86 ;Geral
OBR;"Base Misturador Monocomando 3/4""";01130101906OBR;10063;"Base Misturador Monocomando 3/4""";UN;Louças, Metais e Acessórios; 10,00 ; 440,91 ; 4.409,10 ;Geral
OBR;"Registro de gaveta volante (bruto) - 95 mm (2.1/2"")";01130102124OBR;4452;"Registro de gaveta volante bruto 95 mm 3.1/2""";UN;Louças, Metais e Acessórios; 2,00 ; 202,94 ; 405,89 ;Geral
OBR;Conjunto de lixas para tubulacao por empreendimento;01130103202OBR;8748;Lixa ferro grao 100;UN;Ferramentas; 80,00 ; 2,41 ; 192,45 ;Geral
OBR;"Registro de gaveta volante (bruto) - 65 mm (2.1/2"")";01130106513OBR;4450;"Registro de gaveta volante bruto 65 mm 2.1/2""";UN;Louças, Metais e Acessórios; 12,00 ; 333,46 ; 4.001,48 ;Geral
OBR;Cabo de alarme de incendio blindado - 2 vias - 1.50 mm²;01130106601OBR;6321;Cabo de alarme de incendio blindado 2 vias 1,50 mm²;M;Elétrica - Fios e Cabos; 111,68 ; 7,85 ; 876,39 ;Geral
OBR;Pintura de tubulacao de incendio (mao de obra) - 2 demaos  - Area total construida;01130213102OBR;1472;Pintura de tubulacao incendio;M2;Mão de obra de Pintura e Outros Acabamentos; 1.049,37 ; 1,33 ; 1.399,86 ;Geral
OBR;Pintura de tubulacao de incendio (mao de obra) - 2 demaos  - Area total construida;01130213202OBR;1472;Pintura de tubulacao incendio;M2;Mão de obra de Pintura e Outros Acabamentos; 474,61 ; 1,33 ; 633,13 ;Geral
OBR;Pintura de tubulacao de incendio (mao de obra) - 2 demaos  - Area total construida;01130213302OBR;1472;Pintura de tubulacao incendio;M2;Mão de obra de Pintura e Outros Acabamentos; 479,93 ; 1,33 ; 640,23 ;Geral
OBR;Pintura de tubulacao de incendio (mao de obra) - 2 demaos  - Area total construida;01130213402OBR;1472;Pintura de tubulacao incendio;M2;Mão de obra de Pintura e Outros Acabamentos; 479,92 ; 1,33 ; 640,21 ;Geral
OBR;Pintura de tubulacao de incendio (mao de obra) - 2 demaos  - Area total construida;01130213502OBR;1472;Pintura de tubulacao incendio;M2;Mão de obra de Pintura e Outros Acabamentos; 479,92 ; 1,33 ; 640,21 ;Geral
OBR;Pintura de tubulacao de incendio (mao de obra) - 2 demaos  - Area total construida;01130213602OBR;1472;Pintura de tubulacao incendio;M2;Mão de obra de Pintura e Outros Acabamentos; 479,92 ; 1,33 ; 640,21 ;Geral
OBR;Pintura de tubulacao de incendio (mao de obra) - 2 demaos  - Area total construida;01130213702OBR;1472;Pintura de tubulacao incendio;M2;Mão de obra de Pintura e Outros Acabamentos; 479,92 ; 1,33 ; 640,21 ;Geral
OBR;Pintura de tubulacao de incendio (mao de obra) - 2 demaos  - Area total construida;01130213802OBR;1472;Pintura de tubulacao incendio;M2;Mão de obra de Pintura e Outros Acabamentos; 479,92 ; 1,33 ; 640,21 ;Geral
OBR;Pintura de tubulacao de incendio (mao de obra) - 2 demaos  - Area total construida;01130213902OBR;1472;Pintura de tubulacao incendio;M2;Mão de obra de Pintura e Outros Acabamentos; 479,92 ; 1,33 ; 640,21 ;Geral
OBR;Pintura de tubulacao de incendio (mao de obra) - 2 demaos  - Area total construida;01130214002OBR;1472;Pintura de tubulacao incendio;M2;Mão de obra de Pintura e Outros Acabamentos; 152,91 ; 1,33 ; 203,98 ;Geral
OBR;Pintura de tubulacao de incendio (mao de obra) - 2 demaos  - Area total construida;01130214102OBR;1472;Pintura de tubulacao incendio;M2;Mão de obra de Pintura e Outros Acabamentos; 62,13 ; 1,33 ; 82,88 ;Geral
OBR;"Prolongador latao para torneira - curto 1/2""";01130300101OBR;4418;"Prolongador latao para torneira curto 1/2""";UN;Louças, Metais e Acessórios; 0,01 ; 1,15 ; 0,01 ;Geral
OBR;Kit serralheria para instalacao de elevador;01140100101OBR;7056;Conjunto de 3 ganchos de fixacao para elevador;UN;Serralheria; 1,00 ; 673,14 ; 673,14 ;Geral
OBR;Kit serralheria para instalacao de elevador;01140100101OBR;6861;Viga I para elevador;UN;Serralheria; 1,00 ; 1.322,61 ; 1.322,61 ;Geral
OBR;Montagem de instalacoes provisorias - deposito elevador;01140100103OBR;2878;"Ripa de pinus 1"" x 3"" x 2,5 m";UN;Madeira; 5,00 ; 4,44 ; 22,21 ;Geral
OBR;Montagem de instalacoes provisorias - deposito elevador;01140100103OBR;2884;"Caibro pinus 3"" x 3"" 3,0 m";UN;Madeira; 21,00 ; 21,23 ; 445,85 ;Geral
OBR;Montagem de instalacoes provisorias - deposito elevador;01140100103OBR;2603;Madeirite chapa compensada plastificada 1,10 x 2,20 m 14 mm;UN;Madeira; 22,00 ; 108,01 ; 2.376,22 ;Geral
OBR;Central GLP;01150300105OBR;970;Barra de aco CA50 8 mm barra 12 m;BAR;Aço e Acessórios; 29,01 ; 38,17 ; 1.107,30 ;Geral
OBR;Chamine tipo T em aluminio com vedacao;01150300108OBR;7065;Chamine tipo T em aluminio;UN;Serralheria; 40,00 ; 92,16 ; 3.686,59 ;Geral
OBR;Kit prolongador para registro cromado (liga de cobre) - 25 mm;01150300111OBR;3787;Kit prolongador para registro cromado liga de cobre 25 mm;UN;Louças, Metais e Acessórios; 136,00 ; 17,27 ; 2.348,27 ;Geral
OBR;Tela metalica na interface da alvenaria com viga/pilar;01160103102OBR;1890;Tela de aco galvanizada eletrosoldada malha 25 x 25 mm;R;Aço e Acessórios; 6,51 ; 253,02 ; 1.647,08 ;Geral
OBR;Tela metalica na interface da alvenaria com viga/pilar;01160103203OBR;1890;Tela de aco galvanizada eletrosoldada malha 25 x 25 mm;R;Aço e Acessórios; 11,00 ; 253,02 ; 2.782,95 ;Geral
OBR;Tela metalica na interface da alvenaria com viga/pilar;01160103303OBR;1890;Tela de aco galvanizada eletrosoldada malha 25 x 25 mm;R;Aço e Acessórios; 8,96 ; 253,02 ; 2.267,49 ;Geral
OBR;Tela metalica na interface da alvenaria com viga/pilar;01160103403OBR;1890;Tela de aco galvanizada eletrosoldada malha 25 x 25 mm;R;Aço e Acessórios; 8,96 ; 253,02 ; 2.267,49 ;Geral
OBR;Tela metalica na interface da alvenaria com viga/pilar;01160103503OBR;1890;Tela de aco galvanizada eletrosoldada malha 25 x 25 mm;R;Aço e Acessórios; 8,96 ; 253,02 ; 2.267,49 ;Geral
OBR;Tela metalica na interface da alvenaria com viga/pilar;01160103603OBR;1890;Tela de aco galvanizada eletrosoldada malha 25 x 25 mm;R;Aço e Acessórios; 8,96 ; 253,02 ; 2.267,49 ;Geral
OBR;Tela metalica na interface da alvenaria com viga/pilar;01160103703OBR;1890;Tela de aco galvanizada eletrosoldada malha 25 x 25 mm;R;Aço e Acessórios; 8,96 ; 253,02 ; 2.267,49 ;Geral
OBR;Tela metalica na interface da alvenaria com viga/pilar;01160103803OBR;1890;Tela de aco galvanizada eletrosoldada malha 25 x 25 mm;R;Aço e Acessórios; 8,96 ; 253,02 ; 2.267,49 ;Geral
OBR;Tela metalica na interface da alvenaria com viga/pilar;01160103903OBR;1890;Tela de aco galvanizada eletrosoldada malha 25 x 25 mm;R;Aço e Acessórios; 8,96 ; 253,02 ; 2.267,49 ;Geral
OBR;Tela metalica na interface da alvenaria com viga/pilar;01160104003OBR;1890;Tela de aco galvanizada eletrosoldada malha 25 x 25 mm;R;Aço e Acessórios; 6,88 ; 253,02 ; 1.740,60 ;Geral
OBR;Azulejo ceramico - Diamante branco fosco - Eliane - 33.5 x 60 cm (area) - Classe A - Padrao I - somente material;01160201801OBR;8036;Bloco de espuma;UN;Materiais de Higiene e Limpeza; 54,54 ; 2,78 ; 151,77 ;Geral
OBR;Tijoleta de revestimento -Acqua Grafite - 6.5 x 25.6 cm - Padrao I;01160201901OBR;8036;Bloco de espuma;UN;Materiais de Higiene e Limpeza; 0,68 ; 2,78 ; 1,89 ;Geral
OBR;Tijoleta de revestimento -Acqua Grafite - 6.5 x 25.6 cm - Padrao I;01160201901OBR;7991;Removedor para limpeza de pisos 5 L;UN;Materiais de Higiene e Limpeza; 0,54 ; 19,32 ; 10,49 ;Geral
OBR;Azulejo ceramico - Diamante branco fosco - Eliane - 33.5 x 60 cm (area) - Classe A - Padrao I - somente material;01160201902OBR;8036;Bloco de espuma;UN;Materiais de Higiene e Limpeza; 0,60 ; 2,78 ; 1,68 ;Geral
OBR;Porcelanato interno com rodapes - Urban Soft - Elizabeth - 62.5 x 62.5 cm - Sem cunha - Padrao I - somente material;01170301101OBR;8036;Bloco de espuma;UN;Materiais de Higiene e Limpeza; 35,35 ; 2,78 ; 98,38 ;Geral
OBR;Porcelanato interno com rodapes - Urban Soft - Elizabeth - 62.5 x 62.5 cm - Sem cunha - Padrao I - somente material;01170301101OBR;7376;Bobina de salva piso sem cola 1,3 x 100 m;UN;Materiais de Escritório e Informática; 4,97 ; 585,26 ; 2.906,63 ;Geral
OBR;Porcelanato interno com rodapes - Urban Gray SEG - Elizabeth - 62.5 x 62.5 cm - Sem cunha - Padrao I - somente material;01170301201OBR;8036;Bloco de espuma;UN;Materiais de Higiene e Limpeza; 21,94 ; 2,78 ; 61,05 ;Geral
OBR;Porcelanato interno com rodapes - Urban Gray SEG - Elizabeth - 62.5 x 62.5 cm - Sem cunha - Padrao I - somente material;01170301201OBR;7376;Bobina de salva piso sem cola 1,3 x 100 m;UN;Materiais de Escritório e Informática; 3,08 ; 585,26 ; 1.803,94 ;Geral
OBR;Porcelanato interno com rodapes - Urban Gray SEG - Elizabeth - 62.5 x 62.5 cm - Sem cunha - Padrao I - somente material;01170301301OBR;8036;Bloco de espuma;UN;Materiais de Higiene e Limpeza; 0,86 ; 2,78 ; 2,39 ;Geral
OBR;Porcelanato interno com rodapes - Urban Gray SEG - Elizabeth - 62.5 x 62.5 cm - Sem cunha - Padrao I - somente material;01170301301OBR;7376;Bobina de salva piso sem cola 1,3 x 100 m;UN;Materiais de Escritório e Informática; 0,12 ; 585,26 ; 70,58 ;Geral
OBR;Porcelanato interno com rodapes - Urban Soft SEG - Elizabeth - 62.5 x 62.5 cm - Sem cunha - Padrao I - somente material;01170301302OBR;8036;Bloco de espuma;UN;Materiais de Higiene e Limpeza; 88,19 ; 2,78 ; 245,43 ;Geral
OBR;Porcelanato interno com rodapes - Urban Soft SEG - Elizabeth - 62.5 x 62.5 cm - Sem cunha - Padrao I - somente material;01170301302OBR;7376;Bobina de salva piso sem cola 1,3 x 100 m;UN;Materiais de Escritório e Informática; 12,39 ; 585,26 ; 7.251,35 ;Geral
OBR;Tela metalica na interface da alvenaria com viga/pilar;01180101003OBR;1890;Tela de aco galvanizada eletrosoldada malha 25 x 25 mm;R;Aço e Acessórios; 18,03 ; 253,02 ; 4.561,20 ;Geral
OBR;Alvenaria - e: 9 cm - bloco ceramico vedacao - Argamassa estabilizada;01180200101OBR;1895;Tela para amarracao aco galvanizado malha 15 x 15 mm - 7,5 x 50 cm;PCT;Aço e Acessórios; 0,67 ; 193,34 ; 129,04 ;Geral
OBR;Alvenaria - e: 19 cm - bloco ceramico vedacao - Argamassa estabilizada;01180200104OBR;1892;Tela para amarracao aco galvanizado malha 15 x 15 mm - 12 x 50 cm;PCT;Aço e Acessórios; 0,33 ; 206,46 ; 68,67 ;Geral
OBR;Pintura externa - selador e textura projetada - cor: Cromio (B161);01180300102OBR;1466;Pintura com textura projetada;M2;Mão de obra de Pintura e Outros Acabamentos; 1.876,78 ; 18,40 ; 34.532,75 ;Geral
OBR;Pintura externa - selador e textura projetada - cor: Cromio (B161);01180300102OBR;1464;Pintura com selador;M2;Mão de obra de Pintura e Outros Acabamentos; 1.876,78 ; 2,88 ; 5.395,74 ;Geral
OBR;Pintura externa - selador e textura projetada - cor: Patativa (R385);01180300104OBR;1466;Pintura com textura projetada;M2;Mão de obra de Pintura e Outros Acabamentos; 1.850,74 ; 18,40 ; 34.053,62 ;Geral
OBR;Pintura externa - selador e textura projetada - cor: Patativa (R385);01180300104OBR;1464;Pintura com selador;M2;Mão de obra de Pintura e Outros Acabamentos; 1.850,74 ; 2,88 ; 5.320,88 ;Geral
OBR;Pintura externa - selador e textura projetada - cor: Pergaminho (P208);01180300105OBR;1466;Pintura com textura projetada;M2;Mão de obra de Pintura e Outros Acabamentos; 1.034,50 ; 18,40 ; 19.034,80 ;Geral
OBR;Pintura externa - selador e textura projetada - cor: Pergaminho (P208);01180300105OBR;1464;Pintura com selador;M2;Mão de obra de Pintura e Outros Acabamentos; 1.034,50 ; 2,88 ; 2.974,19 ;Geral
OBR;Pintura externa - Tinta acrilica fosca Funghi 1ª e 2ª demao;01180300107OBR;1461;Pintura 2ª demao;M2;Mão de obra de Pintura e Outros Acabamentos; 20,68 ; 4,47 ; 92,51 ;Geral
OBR;Pintura externa - Tinta acrilica fosca Funghi 1ª e 2ª demao;01180300107OBR;1459;Pintura 1ª demao;M2;Mão de obra de Pintura e Outros Acabamentos; 20,68 ; 4,47 ; 92,51 ;Geral
OBR;Pintura externa - Tinta acrilica fosca Saara 1ª e 2ª demao;01180300108OBR;1461;Pintura 2ª demao;M2;Mão de obra de Pintura e Outros Acabamentos; 11,62 ; 4,47 ; 51,98 ;Geral
OBR;Pintura externa - Tinta acrilica fosca Saara 1ª e 2ª demao;01180300108OBR;1459;Pintura 1ª demao;M2;Mão de obra de Pintura e Outros Acabamentos; 11,62 ; 4,47 ; 51,98 ;Geral
OBR;Pintura de piso - cor: cinza (area);01180300110OBR;1470;Pintura de piso area;M2;Mão de obra de Pintura e Outros Acabamentos; 67,39 ; 9,61 ; 647,89 ;Geral
OBR;Mao de obra para pintura efeito cimento queimado com massa corrida acrilica externa inclusa;01180300201OBR;1303;Emassamento 2ª demao;M2;Mão de obra de Pintura e Outros Acabamentos; 72,41 ; 4,47 ; 323,94 ;Geral
OBR;Mao de obra para pintura efeito cimento queimado com massa corrida acrilica externa inclusa;01180300201OBR;1319;Lixamento;M2;Mão de obra de Pintura e Outros Acabamentos; 72,41 ; 4,47 ; 323,94 ;Geral
OBR;Mao de obra para pintura efeito cimento queimado com massa corrida acrilica externa inclusa;01180300201OBR;1442;Execucao de pintura com efeito Cimento Queimado (KCQ);M2;Mão de obra de Pintura e Outros Acabamentos; 72,41 ; 31,05 ; 2.248,41 ;Geral
OBR;Mao de obra para pintura efeito cimento queimado com massa corrida acrilica externa inclusa;01180300201OBR;1301;Emassamento 1ª demao;M2;Mão de obra de Pintura e Outros Acabamentos; 72,41 ; 4,47 ; 323,94 ;Geral
OBR;Mao de obra para pintura - selador e textura projetada;01180300202OBR;1466;Pintura com textura projetada;M2;Mão de obra de Pintura e Outros Acabamentos; 1.190,51 ; 18,40 ; 21.905,29 ;Geral
OBR;Mao de obra para pintura - selador e textura projetada;01180300202OBR;1464;Pintura com selador;M2;Mão de obra de Pintura e Outros Acabamentos; 1.190,51 ; 2,88 ; 3.422,70 ;Geral
OBR;Mao de obra para pintura - selador e textura projetada linear;01180300203OBR;1465;Pintura com selador Linear;M;Mão de obra de Pintura e Outros Acabamentos; 190,30 ; 3,11 ; 590,88 ;Geral
OBR;Mao de obra para pintura - selador e textura projetada linear;01180300203OBR;1467;Pintura com textura projetada Linear;M;Mão de obra de Pintura e Outros Acabamentos; 190,30 ; 18,63 ; 3.545,27 ;Geral
OBR;Mao de obra para pintura - 1ª e 2ª demao;01180300205OBR;1461;Pintura 2ª demao;M2;Mão de obra de Pintura e Outros Acabamentos; 8,08 ; 4,47 ; 36,12 ;Geral
OBR;Mao de obra para pintura - 1ª e 2ª demao;01180300205OBR;1459;Pintura 1ª demao;M2;Mão de obra de Pintura e Outros Acabamentos; 8,08 ; 4,47 ; 36,12 ;Geral
OBR;Mao de obra para pintura de piso (area);01180300206OBR;1470;Pintura de piso area;M2;Mão de obra de Pintura e Outros Acabamentos; 69,62 ; 9,61 ; 669,33 ;Geral
OBR;Mao de obra para pintura efeito cimento queimado com massa corrida acrilica externa inclusa;01180300301OBR;1303;Emassamento 2ª demao;M2;Mão de obra de Pintura e Outros Acabamentos; 72,41 ; 4,47 ; 323,94 ;Geral
OBR;Mao de obra para pintura efeito cimento queimado com massa corrida acrilica externa inclusa;01180300301OBR;1319;Lixamento;M2;Mão de obra de Pintura e Outros Acabamentos; 72,41 ; 4,47 ; 323,94 ;Geral
OBR;Mao de obra para pintura efeito cimento queimado com massa corrida acrilica externa inclusa;01180300301OBR;1442;Execucao de pintura com efeito Cimento Queimado (KCQ);M2;Mão de obra de Pintura e Outros Acabamentos; 72,41 ; 31,05 ; 2.248,41 ;Geral
OBR;Mao de obra para pintura efeito cimento queimado com massa corrida acrilica externa inclusa;01180300301OBR;1301;Emassamento 1ª demao;M2;Mão de obra de Pintura e Outros Acabamentos; 72,41 ; 4,47 ; 323,94 ;Geral
OBR;Mao de obra para pintura - selador e textura projetada;01180300302OBR;1466;Pintura com textura projetada;M2;Mão de obra de Pintura e Outros Acabamentos; 1.190,51 ; 18,40 ; 21.905,29 ;Geral
OBR;Mao de obra para pintura - selador e textura projetada;01180300302OBR;1464;Pintura com selador;M2;Mão de obra de Pintura e Outros Acabamentos; 1.190,51 ; 2,88 ; 3.422,70 ;Geral
OBR;Mao de obra para pintura - selador e textura projetada linear;01180300303OBR;1465;Pintura com selador Linear;M;Mão de obra de Pintura e Outros Acabamentos; 190,30 ; 3,11 ; 590,88 ;Geral
OBR;Mao de obra para pintura - selador e textura projetada linear;01180300303OBR;1467;Pintura com textura projetada Linear;M;Mão de obra de Pintura e Outros Acabamentos; 190,30 ; 18,63 ; 3.545,27 ;Geral
OBR;Mao de obra para pintura - 1ª e 2ª demao;01180300305OBR;1461;Pintura 2ª demao;M2;Mão de obra de Pintura e Outros Acabamentos; 8,08 ; 4,47 ; 36,12 ;Geral
OBR;Mao de obra para pintura - 1ª e 2ª demao;01180300305OBR;1459;Pintura 1ª demao;M2;Mão de obra de Pintura e Outros Acabamentos; 8,08 ; 4,47 ; 36,12 ;Geral
OBR;Mao de obra para pintura efeito cimento queimado com massa corrida acrilica externa inclusa;01180300401OBR;1303;Emassamento 2ª demao;M2;Mão de obra de Pintura e Outros Acabamentos; 72,41 ; 4,47 ; 323,94 ;Geral
OBR;Mao de obra para pintura efeito cimento queimado com massa corrida acrilica externa inclusa;01180300401OBR;1319;Lixamento;M2;Mão de obra de Pintura e Outros Acabamentos; 72,41 ; 4,47 ; 323,94 ;Geral
OBR;Mao de obra para pintura efeito cimento queimado com massa corrida acrilica externa inclusa;01180300401OBR;1442;Execucao de pintura com efeito Cimento Queimado (KCQ);M2;Mão de obra de Pintura e Outros Acabamentos; 72,41 ; 31,05 ; 2.248,41 ;Geral
OBR;Mao de obra para pintura efeito cimento queimado com massa corrida acrilica externa inclusa;01180300401OBR;1301;Emassamento 1ª demao;M2;Mão de obra de Pintura e Outros Acabamentos; 72,41 ; 4,47 ; 323,94 ;Geral
OBR;Mao de obra para pintura - selador e textura projetada;01180300402OBR;1466;Pintura com textura projetada;M2;Mão de obra de Pintura e Outros Acabamentos; 1.190,51 ; 18,40 ; 21.905,29 ;Geral
OBR;Mao de obra para pintura - selador e textura projetada;01180300402OBR;1464;Pintura com selador;M2;Mão de obra de Pintura e Outros Acabamentos; 1.190,51 ; 2,88 ; 3.422,70 ;Geral
OBR;Mao de obra para pintura - selador e textura projetada linear;01180300403OBR;1465;Pintura com selador Linear;M;Mão de obra de Pintura e Outros Acabamentos; 190,30 ; 3,11 ; 590,88 ;Geral
OBR;Mao de obra para pintura - selador e textura projetada linear;01180300403OBR;1467;Pintura com textura projetada Linear;M;Mão de obra de Pintura e Outros Acabamentos; 190,30 ; 18,63 ; 3.545,27 ;Geral
OBR;Mao de obra para pintura - 1ª e 2ª demao;01180300405OBR;1461;Pintura 2ª demao;M2;Mão de obra de Pintura e Outros Acabamentos; 8,08 ; 4,47 ; 36,12 ;Geral
OBR;Mao de obra para pintura - 1ª e 2ª demao;01180300405OBR;1459;Pintura 1ª demao;M2;Mão de obra de Pintura e Outros Acabamentos; 8,08 ; 4,47 ; 36,12 ;Geral
OBR;Mao de obra para pintura efeito cimento queimado com massa corrida acrilica externa inclusa;01180300501OBR;1303;Emassamento 2ª demao;M2;Mão de obra de Pintura e Outros Acabamentos; 72,41 ; 4,47 ; 323,94 ;Geral
OBR;Mao de obra para pintura efeito cimento queimado com massa corrida acrilica externa inclusa;01180300501OBR;1319;Lixamento;M2;Mão de obra de Pintura e Outros Acabamentos; 72,41 ; 4,47 ; 323,94 ;Geral
OBR;Mao de obra para pintura efeito cimento queimado com massa corrida acrilica externa inclusa;01180300501OBR;1442;Execucao de pintura com efeito Cimento Queimado (KCQ);M2;Mão de obra de Pintura e Outros Acabamentos; 72,41 ; 31,05 ; 2.248,41 ;Geral
OBR;Mao de obra para pintura efeito cimento queimado com massa corrida acrilica externa inclusa;01180300501OBR;1301;Emassamento 1ª demao;M2;Mão de obra de Pintura e Outros Acabamentos; 72,41 ; 4,47 ; 323,94 ;Geral
OBR;Mao de obra para pintura - selador e textura projetada;01180300502OBR;1466;Pintura com textura projetada;M2;Mão de obra de Pintura e Outros Acabamentos; 1.190,51 ; 18,40 ; 21.905,29 ;Geral
OBR;Mao de obra para pintura - selador e textura projetada;01180300502OBR;1464;Pintura com selador;M2;Mão de obra de Pintura e Outros Acabamentos; 1.190,51 ; 2,88 ; 3.422,70 ;Geral
OBR;Mao de obra para pintura - selador e textura projetada linear;01180300503OBR;1465;Pintura com selador Linear;M;Mão de obra de Pintura e Outros Acabamentos; 190,30 ; 3,11 ; 590,88 ;Geral
OBR;Mao de obra para pintura - selador e textura projetada linear;01180300503OBR;1467;Pintura com textura projetada Linear;M;Mão de obra de Pintura e Outros Acabamentos; 190,30 ; 18,63 ; 3.545,27 ;Geral
OBR;Mao de obra para pintura - 1ª e 2ª demao;01180300505OBR;1461;Pintura 2ª demao;M2;Mão de obra de Pintura e Outros Acabamentos; 8,08 ; 4,47 ; 36,12 ;Geral
OBR;Mao de obra para pintura - 1ª e 2ª demao;01180300505OBR;1459;Pintura 1ª demao;M2;Mão de obra de Pintura e Outros Acabamentos; 8,08 ; 4,47 ; 36,12 ;Geral
OBR;Azulejo ceramico - Thimos Caramelo - somente material;01180300602OBR;8036;Bloco de espuma;UN;Materiais de Higiene e Limpeza; 4,57 ; 2,78 ; 12,70 ;Geral
OBR;Floreira em vaso com mureta - 80 cm . Com regularização. manta asfaltica. bidim. brita. terra e drenos;01180700101OBR;1895;Tela para amarracao aco galvanizado malha 15 x 15 mm - 7,5 x 50 cm;PCT;Aço e Acessórios; 2,50 ; 193,34 ; 482,58 ;Geral
OBR;Floreira em vaso com mureta - 60 cm . Com regularização. manta asfaltica. bidim. brita. terra e drenos;01180700102OBR;1895;Tela para amarracao aco galvanizado malha 15 x 15 mm - 7,5 x 50 cm;PCT;Aço e Acessórios; 0,30 ; 193,34 ; 57,91 ;Geral
OBR;Plantio de mudas - especie: Heliconia;01180700201OBR;1474;Plantio de mudas arvores;UN;Serviços de Paisagismo; 110,00 ; 44,08 ; 4.849,16 ;Geral
OBR;Plantio de mudas - especie: Iris da praia;01180700202OBR;1474;Plantio de mudas arvores;UN;Serviços de Paisagismo; 74,00 ; 44,08 ; 3.262,16 ;Geral
OBR;Plantio de mudas - especie: Samambaia Paulista;01180700203OBR;1474;Plantio de mudas arvores;UN;Serviços de Paisagismo; 98,00 ; 44,08 ; 4.320,16 ;Geral
OBR;Plantio de mudas - especie: Guaimbe;01180700204OBR;1474;Plantio de mudas arvores;UN;Serviços de Paisagismo; 32,00 ; 44,08 ; 1.410,67 ;Geral
OBR;Plantio de mudas - especie: Cipo de Sao Joao;01180700205OBR;1474;Plantio de mudas arvores;UN;Serviços de Paisagismo; 103,00 ; 44,08 ; 4.540,58 ;Geral
OBR;Plantio de mudas - especie: Lirio do vento;01180700206OBR;1474;Plantio de mudas arvores;UN;Serviços de Paisagismo; 105,00 ; 44,08 ; 4.628,75 ;Geral
OBR;Plantio de mudas - especie: Taioba;01180700207OBR;1474;Plantio de mudas arvores;UN;Serviços de Paisagismo; 13,00 ; 44,08 ; 573,08 ;Geral
OBR;Pacote de material e mao de obra - estrutura de madeira para telha - pinus tratado em autoclave;01190200101OBR;3028;Materiais para montagem de estrutura de cobertura - em madeira pinus;M2;Madeira; 167,90 ; 40,39 ; 6.781,09 ;Geral
OBR;Gesso liso - area - somente material;01200100101OBR;641;Gesso lento saco 40 kg;SC;Gesso; 33,89 ; 41,17 ; 1.395,54 ;Geral
OBR;Gesso liso - linear - somente material;01200100102OBR;641;Gesso lento saco 40 kg;SC;Gesso; 4,03 ; 41,17 ; 166,01 ;Geral
OBR;Mao de obra para pintura - 1ª demao - linear;01200200102OBR;1460;Pintura 1ª demao Linear;M;Mão de obra de Pintura e Outros Acabamentos; 1.036,33 ; 2,24 ; 2.323,97 ;Geral
OBR;Mao de obra para pintura - 2ª demao - linear;01200200103OBR;1462;Pintura 2ª demao Linear;M;Mão de obra de Pintura e Outros Acabamentos; 1.036,33 ; 2,24 ; 2.323,97 ;Geral
OBR;Mao de obra para pintura - 1ª demao - linear;01200200202OBR;1460;Pintura 1ª demao Linear;M;Mão de obra de Pintura e Outros Acabamentos; 631,66 ; 2,24 ; 1.416,50 ;Geral
OBR;Mao de obra para pintura - 2ª demao - linear;01200200203OBR;1462;Pintura 2ª demao Linear;M;Mão de obra de Pintura e Outros Acabamentos; 631,66 ; 2,24 ; 1.416,50 ;Geral
OBR;Mao de obra para pintura - 1ª demao - linear;01200200302OBR;1460;Pintura 1ª demao Linear;M;Mão de obra de Pintura e Outros Acabamentos; 633,27 ; 2,24 ; 1.420,11 ;Geral
OBR;Mao de obra para pintura - 2ª demao - linear;01200200303OBR;1462;Pintura 2ª demao Linear;M;Mão de obra de Pintura e Outros Acabamentos; 633,27 ; 2,24 ; 1.420,11 ;Geral
OBR;Mao de obra para pintura - 1ª demao - linear;01200200402OBR;1460;Pintura 1ª demao Linear;M;Mão de obra de Pintura e Outros Acabamentos; 633,27 ; 2,24 ; 1.420,11 ;Geral
OBR;Mao de obra para pintura - 2ª demao - linear;01200200403OBR;1462;Pintura 2ª demao Linear;M;Mão de obra de Pintura e Outros Acabamentos; 633,27 ; 2,24 ; 1.420,11 ;Geral
OBR;Mao de obra para pintura - 1ª demao - linear;01200200502OBR;1460;Pintura 1ª demao Linear;M;Mão de obra de Pintura e Outros Acabamentos; 633,26 ; 2,24 ; 1.420,09 ;Geral
OBR;Mao de obra para pintura - 2ª demao - linear;01200200503OBR;1462;Pintura 2ª demao Linear;M;Mão de obra de Pintura e Outros Acabamentos; 633,26 ; 2,24 ; 1.420,09 ;Geral
OBR;Mao de obra para pintura - 1ª demao - linear;01200200602OBR;1460;Pintura 1ª demao Linear;M;Mão de obra de Pintura e Outros Acabamentos; 633,27 ; 2,24 ; 1.420,11 ;Geral
OBR;Mao de obra para pintura - 2ª demao - linear;01200200603OBR;1462;Pintura 2ª demao Linear;M;Mão de obra de Pintura e Outros Acabamentos; 633,27 ; 2,24 ; 1.420,11 ;Geral
OBR;Mao de obra para pintura - 1ª demao - linear;01200200702OBR;1460;Pintura 1ª demao Linear;M;Mão de obra de Pintura e Outros Acabamentos; 633,27 ; 2,24 ; 1.420,11 ;Geral
OBR;Mao de obra para pintura - 2ª demao - linear;01200200703OBR;1462;Pintura 2ª demao Linear;M;Mão de obra de Pintura e Outros Acabamentos; 633,27 ; 2,24 ; 1.420,11 ;Geral
OBR;Mao de obra para pintura - 1ª demao - linear;01200200802OBR;1460;Pintura 1ª demao Linear;M;Mão de obra de Pintura e Outros Acabamentos; 676,60 ; 2,24 ; 1.517,28 ;Geral
OBR;Mao de obra para pintura - 2ª demao - linear;01200200803OBR;1462;Pintura 2ª demao Linear;M;Mão de obra de Pintura e Outros Acabamentos; 676,60 ; 2,24 ; 1.517,28 ;Geral
OBR;Mao de obra para pintura - 1ª demao - linear;01200200902OBR;1460;Pintura 1ª demao Linear;M;Mão de obra de Pintura e Outros Acabamentos; 134,08 ; 2,24 ; 300,67 ;Geral
OBR;Mao de obra para pintura - 2ª demao - linear;01200200903OBR;1462;Pintura 2ª demao Linear;M;Mão de obra de Pintura e Outros Acabamentos; 134,08 ; 2,24 ; 300,67 ;Geral
OBR;Bacia sanitaria comando duplo - Padrao I;01210100101OBR;3670;Bacia sanitaria em louca com caixa acoplada comando duplo;UN;Louças, Metais e Acessórios; 114,00 ; 417,60 ; 47.606,91 ;Geral
OBR;Lavatorio de embutir com torneira de mesa - arejador simples;01210100201OBR;3775;"Valvula para lavatorio cromada 1""";UN;Louças, Metais e Acessórios; 7,00 ; 6,86 ; 47,99 ;Geral
OBR;Lavatorio de embutir com torneira de mesa - arejador simples;01210100201OBR;3735;"Torneira lavatorio comando mesa arejador simples - cromado 1/2""";UN;Louças, Metais e Acessórios; 7,00 ; 265,55 ; 1.858,83 ;Geral
OBR;Lavatorio de embutir com torneira de mesa - arejador simples;01210100201OBR;3676;Cuba de embutir universal oval para banheiro;UN;Louças, Metais e Acessórios; 7,00 ; 107,23 ; 750,63 ;Geral
OBR;Lavatorio de embutir com misturador monocomando - agua fria e quente;01210100202OBR;3775;"Valvula para lavatorio cromada 1""";UN;Louças, Metais e Acessórios; 96,00 ; 6,86 ; 658,09 ;Geral
OBR;Lavatorio de embutir com misturador monocomando - agua fria e quente;01210100202OBR;3733;"Misturador lavatorio monocomando arejador comando mesa - cromado 1/2""";UN;Louças, Metais e Acessórios; 96,00 ; 468,60 ; 44.985,79 ;Geral
OBR;Lavatorio de embutir com misturador monocomando - agua fria e quente;01210100202OBR;3676;Cuba de embutir universal oval para banheiro;UN;Louças, Metais e Acessórios; 96,00 ; 107,23 ; 10.294,40 ;Geral
OBR;Tanque com torneira de jardim - 21L;01210100301OBR;3741;"Torneira jardim metalica cromada longa com canopla 1/2""";UN;Louças, Metais e Acessórios; 15,00 ; 50,28 ; 754,15 ;Geral
OBR;Tanque com torneira de jardim - 21L;01210100301OBR;3693;Tanque de PVC com materiais para fixacao 21 L;UN;Louças, Metais e Acessórios; 15,00 ; 63,37 ; 950,48 ;Geral
OBR;Kit loucas e metais banheiro PNE - materiais;01210100401OBR;3775;"Valvula para lavatorio cromada 1""";UN;Louças, Metais e Acessórios; 1,00 ; 6,86 ; 6,86 ;Geral
OBR;Kit loucas e metais banheiro PNE - materiais;01210100401OBR;3653;"Valvula descarga duplo acionamento 1.1/2""";UN;Louças, Metais e Acessórios; 1,00 ; 220,20 ; 220,20 ;Geral
OBR;Kit loucas e metais banheiro PNE - materiais;01210100401OBR;3664;Bacia sanitaria sem caixa acoplada - PNE;UN;Louças, Metais e Acessórios; 1,00 ; 522,17 ; 522,17 ;Geral
OBR;Kit loucas e metais banheiro PNE - materiais;01210100401OBR;3753;"Acabamento para valvula de descarga 1.1/2""";UN;Louças, Metais e Acessórios; 1,00 ; 74,88 ; 74,88 ;Geral
OBR;Kit loucas e metais banheiro PNE - materiais;01210100401OBR;3698;Lavatorio suspenso conforme NBR 9050 Branco 30 x 33 x 41 cm;UN;Louças, Metais e Acessórios; 1,00 ; 376,07 ; 376,07 ;Geral
OBR;Kit loucas e metais banheiro PNE - barras de apoio;01210100402OBR;3795;Barra de apoio Para banheiro em aco inox 90 cm;UN;Louças, Metais e Acessórios; 1,00 ; 113,44 ; 113,44 ;Geral
OBR;Kit loucas e metais banheiro PNE - barras de apoio;01210100402OBR;3796;Barra de apoio Para banheiro em aco inox 80 cm;UN;Louças, Metais e Acessórios; 1,00 ; 113,60 ; 113,60 ;Geral
OBR;Kit loucas e metais banheiro PNE - barras de apoio;01210100402OBR;3797;Barra de apoio Para banheiro em aco inox 70 cm;UN;Louças, Metais e Acessórios; 1,00 ; 114,80 ; 114,80 ;Geral
OBR;Kit loucas e metais banheiro PNE - barras de apoio;01210100402OBR;3804;Barra de apoio Para banheiro em aco inox Lateral 30 cm;UN;Louças, Metais e Acessórios; 2,00 ; 92,00 ; 184,00 ;Geral
OBR;Kit loucas e metais banheiro PNE - torneiras;01210100403OBR;3752;Torneira de alavanca metal cromado com bica movel PNE;UN;Louças, Metais e Acessórios; 1,00 ; 229,67 ; 229,67 ;Geral
OBR;Acabamento para registro - Padrao I;01210100501OBR;3756;"Acabamento para registro C40 1/2"", 3/4"", 1""";UN;Louças, Metais e Acessórios; 300,00 ; 14,15 ; 4.243,50 ;Geral
OBR;Abrigo metalico medidores de gas - Chapa Lisa 1.25 mm - cor: preta - Pintura eletrostatica epoxi (instalada);01220500110OBR;7078;Abrigo - medidores de gas - chapa 1,25 mm - preto;M2;Serralheria; 8,00 ; 828,87 ; 6.630,99 ;Geral
OBR;Mao de obra para execucao de massa corrida interna - em gesso/drywall;01240100101OBR;1319;Lixamento;M2;Mão de obra de Pintura e Outros Acabamentos; 702,91 ; 4,47 ; 3.144,47 ;Geral
OBR;Mao de obra para execucao de massa corrida interna - em gesso/drywall;01240100101OBR;1301;Emassamento 1ª demao;M2;Mão de obra de Pintura e Outros Acabamentos; 702,91 ; 4,47 ; 3.144,47 ;Geral
OBR;Mao de obra para pintura - 1ª demao;01240100102OBR;1459;Pintura 1ª demao;M2;Mão de obra de Pintura e Outros Acabamentos; 702,91 ; 4,47 ; 3.144,47 ;Geral
OBR;Mao de obra para pintura - 2ª demao;01240100103OBR;1461;Pintura 2ª demao;M2;Mão de obra de Pintura e Outros Acabamentos; 702,91 ; 4,47 ; 3.144,47 ;Geral
OBR;Mao de obra para execucao de massa corrida interna - em gesso/drywall - 2 demão nao prevista;01240100104OBR;1303;Emassamento 2ª demao;M2;Mão de obra de Pintura e Outros Acabamentos; 1,00 ; 4,47 ; 4,47 ;Geral
OBR;Mao de obra para execucao de massa corrida interna - em gesso/drywall;01240100201OBR;1319;Lixamento;M2;Mão de obra de Pintura e Outros Acabamentos; 432,21 ; 4,47 ; 1.933,49 ;Geral
OBR;Mao de obra para execucao de massa corrida interna - em gesso/drywall;01240100201OBR;1301;Emassamento 1ª demao;M2;Mão de obra de Pintura e Outros Acabamentos; 432,21 ; 4,47 ; 1.933,49 ;Geral
OBR;Mao de obra para pintura - 1ª demao;01240100202OBR;1459;Pintura 1ª demao;M2;Mão de obra de Pintura e Outros Acabamentos; 432,21 ; 4,47 ; 1.933,49 ;Geral
OBR;Mao de obra para pintura - 2ª demao;01240100203OBR;1461;Pintura 2ª demao;M2;Mão de obra de Pintura e Outros Acabamentos; 432,21 ; 4,47 ; 1.933,49 ;Geral
OBR;Mao de obra para execucao de massa corrida interna - em gesso/drywall - 2 demão nao prevista;01240100204OBR;1303;Emassamento 2ª demao;M2;Mão de obra de Pintura e Outros Acabamentos; 1,00 ; 4,47 ; 4,47 ;Geral
OBR;Mao de obra para execucao de massa corrida interna - em gesso/drywall;01240100301OBR;1319;Lixamento;M2;Mão de obra de Pintura e Outros Acabamentos; 397,35 ; 4,47 ; 1.777,55 ;Geral
OBR;Mao de obra para execucao de massa corrida interna - em gesso/drywall;01240100301OBR;1301;Emassamento 1ª demao;M2;Mão de obra de Pintura e Outros Acabamentos; 397,35 ; 4,47 ; 1.777,55 ;Geral
OBR;Mao de obra para pintura - 1ª demao;01240100302OBR;1459;Pintura 1ª demao;M2;Mão de obra de Pintura e Outros Acabamentos; 397,35 ; 4,47 ; 1.777,55 ;Geral
OBR;Mao de obra para pintura - 2ª demao;01240100303OBR;1461;Pintura 2ª demao;M2;Mão de obra de Pintura e Outros Acabamentos; 397,35 ; 4,47 ; 1.777,55 ;Geral
OBR;Mao de obra para execucao de massa corrida interna - em gesso/drywall - 2 demão nao prevista;01240100304OBR;1303;Emassamento 2ª demao;M2;Mão de obra de Pintura e Outros Acabamentos; 1,00 ; 4,47 ; 4,47 ;Geral
OBR;Mao de obra para execucao de massa corrida interna - em gesso/drywall;01240100401OBR;1319;Lixamento;M2;Mão de obra de Pintura e Outros Acabamentos; 398,32 ; 4,47 ; 1.781,88 ;Geral
OBR;Mao de obra para execucao de massa corrida interna - em gesso/drywall;01240100401OBR;1301;Emassamento 1ª demao;M2;Mão de obra de Pintura e Outros Acabamentos; 398,32 ; 4,47 ; 1.781,88 ;Geral
OBR;Mao de obra para pintura - 1ª demao;01240100402OBR;1459;Pintura 1ª demao;M2;Mão de obra de Pintura e Outros Acabamentos; 398,32 ; 4,47 ; 1.781,88 ;Geral
OBR;Mao de obra para pintura - 2ª demao;01240100403OBR;1461;Pintura 2ª demao;M2;Mão de obra de Pintura e Outros Acabamentos; 398,32 ; 4,47 ; 1.781,88 ;Geral
OBR;Mao de obra para execucao de massa corrida interna - em gesso/drywall - 2 demão nao prevista;01240100404OBR;1303;Emassamento 2ª demao;M2;Mão de obra de Pintura e Outros Acabamentos; 1,00 ; 4,47 ; 4,47 ;Geral
OBR;Mao de obra para execucao de massa corrida interna - em gesso/drywall;01240100501OBR;1319;Lixamento;M2;Mão de obra de Pintura e Outros Acabamentos; 398,32 ; 4,47 ; 1.781,88 ;Geral
OBR;Mao de obra para execucao de massa corrida interna - em gesso/drywall;01240100501OBR;1301;Emassamento 1ª demao;M2;Mão de obra de Pintura e Outros Acabamentos; 398,32 ; 4,47 ; 1.781,88 ;Geral
OBR;Mao de obra para pintura - 1ª demao;01240100502OBR;1459;Pintura 1ª demao;M2;Mão de obra de Pintura e Outros Acabamentos; 398,32 ; 4,47 ; 1.781,88 ;Geral
OBR;Mao de obra para pintura - 2ª demao;01240100503OBR;1461;Pintura 2ª demao;M2;Mão de obra de Pintura e Outros Acabamentos; 398,32 ; 4,47 ; 1.781,88 ;Geral
OBR;Mao de obra para execucao de massa corrida interna - em gesso/drywall - 2 demão nao prevista;01240100504OBR;1303;Emassamento 2ª demao;M2;Mão de obra de Pintura e Outros Acabamentos; 1,00 ; 4,47 ; 4,47 ;Geral
OBR;Mao de obra para execucao de massa corrida interna - em gesso/drywall;01240100601OBR;1319;Lixamento;M2;Mão de obra de Pintura e Outros Acabamentos; 398,32 ; 4,47 ; 1.781,88 ;Geral
OBR;Mao de obra para execucao de massa corrida interna - em gesso/drywall;01240100601OBR;1301;Emassamento 1ª demao;M2;Mão de obra de Pintura e Outros Acabamentos; 398,32 ; 4,47 ; 1.781,88 ;Geral
OBR;Mao de obra para pintura - 1ª demao;01240100602OBR;1459;Pintura 1ª demao;M2;Mão de obra de Pintura e Outros Acabamentos; 398,32 ; 4,47 ; 1.781,88 ;Geral
OBR;Mao de obra para pintura - 2ª demao;01240100603OBR;1461;Pintura 2ª demao;M2;Mão de obra de Pintura e Outros Acabamentos; 398,32 ; 4,47 ; 1.781,88 ;Geral
OBR;Mao de obra para execucao de massa corrida interna - em gesso/drywall - 2 demão nao prevista;01240100604OBR;1303;Emassamento 2ª demao;M2;Mão de obra de Pintura e Outros Acabamentos; 1,00 ; 4,47 ; 4,47 ;Geral
OBR;Mao de obra para execucao de massa corrida interna - em gesso/drywall;01240100701OBR;1319;Lixamento;M2;Mão de obra de Pintura e Outros Acabamentos; 398,32 ; 4,47 ; 1.781,88 ;Geral
OBR;Mao de obra para execucao de massa corrida interna - em gesso/drywall;01240100701OBR;1301;Emassamento 1ª demao;M2;Mão de obra de Pintura e Outros Acabamentos; 398,32 ; 4,47 ; 1.781,88 ;Geral
OBR;Mao de obra para pintura - 1ª demao;01240100702OBR;1459;Pintura 1ª demao;M2;Mão de obra de Pintura e Outros Acabamentos; 398,32 ; 4,47 ; 1.781,88 ;Geral
OBR;Mao de obra para pintura - 2ª demao;01240100703OBR;1461;Pintura 2ª demao;M2;Mão de obra de Pintura e Outros Acabamentos; 398,32 ; 4,47 ; 1.781,88 ;Geral
OBR;Mao de obra para execucao de massa corrida interna - em gesso/drywall - 2 demão nao prevista;01240100704OBR;1303;Emassamento 2ª demao;M2;Mão de obra de Pintura e Outros Acabamentos; 1,00 ; 4,47 ; 4,47 ;Geral
OBR;Mao de obra para execucao de massa corrida interna - em gesso/drywall;01240100801OBR;1319;Lixamento;M2;Mão de obra de Pintura e Outros Acabamentos; 398,32 ; 4,47 ; 1.781,88 ;Geral
OBR;Mao de obra para execucao de massa corrida interna - em gesso/drywall;01240100801OBR;1301;Emassamento 1ª demao;M2;Mão de obra de Pintura e Outros Acabamentos; 398,32 ; 4,47 ; 1.781,88 ;Geral
OBR;Mao de obra para pintura - 1ª demao;01240100802OBR;1459;Pintura 1ª demao;M2;Mão de obra de Pintura e Outros Acabamentos; 398,32 ; 4,47 ; 1.781,88 ;Geral
OBR;Mao de obra para pintura - 2ª demao;01240100803OBR;1461;Pintura 2ª demao;M2;Mão de obra de Pintura e Outros Acabamentos; 398,32 ; 4,47 ; 1.781,88 ;Geral
OBR;Mao de obra para execucao de massa corrida interna - em gesso/drywall - 2 demão nao prevista;01240100804OBR;1303;Emassamento 2ª demao;M2;Mão de obra de Pintura e Outros Acabamentos; 1,00 ; 4,47 ; 4,47 ;Geral
OBR;Mao de obra para execucao de massa corrida interna - em gesso/drywall;01240100901OBR;1319;Lixamento;M2;Mão de obra de Pintura e Outros Acabamentos; 426,96 ; 4,47 ; 1.910,01 ;Geral
OBR;Mao de obra para execucao de massa corrida interna - em gesso/drywall;01240100901OBR;1301;Emassamento 1ª demao;M2;Mão de obra de Pintura e Outros Acabamentos; 426,96 ; 4,47 ; 1.910,01 ;Geral
OBR;Mao de obra para pintura - 1ª demao;01240100902OBR;1459;Pintura 1ª demao;M2;Mão de obra de Pintura e Outros Acabamentos; 426,96 ; 4,47 ; 1.910,01 ;Geral
OBR;Mao de obra para pintura - 2ª demao;01240100903OBR;1461;Pintura 2ª demao;M2;Mão de obra de Pintura e Outros Acabamentos; 426,96 ; 4,47 ; 1.910,01 ;Geral
OBR;Mao de obra para execucao de massa corrida interna - em gesso/drywall - 2 demão nao prevista;01240100904OBR;1303;Emassamento 2ª demao;M2;Mão de obra de Pintura e Outros Acabamentos; 1,00 ; 4,47 ; 4,47 ;Geral
OBR;Mao de obra para execucao de massa corrida interna - em gesso/drywall;01240101001OBR;1319;Lixamento;M2;Mão de obra de Pintura e Outros Acabamentos; 125,58 ; 4,47 ; 561,78 ;Geral
OBR;Mao de obra para execucao de massa corrida interna - em gesso/drywall;01240101001OBR;1301;Emassamento 1ª demao;M2;Mão de obra de Pintura e Outros Acabamentos; 125,58 ; 4,47 ; 561,78 ;Geral
OBR;Mao de obra para pintura - 1ª demao;01240101002OBR;1459;Pintura 1ª demao;M2;Mão de obra de Pintura e Outros Acabamentos; 125,58 ; 4,47 ; 561,78 ;Geral
OBR;Mao de obra para pintura - 2ª demao;01240101003OBR;1461;Pintura 2ª demao;M2;Mão de obra de Pintura e Outros Acabamentos; 125,58 ; 4,47 ; 561,78 ;Geral
OBR;Mao de obra para execucao de massa corrida interna - em gesso/drywall - 2 demão nao prevista;01240101004OBR;1303;Emassamento 2ª demao;M2;Mão de obra de Pintura e Outros Acabamentos; 1,00 ; 4,47 ; 4,47 ;Geral
OBR;Mao de obra para execucao de massa corrida interna - em alvenaria;01240101101OBR;1303;Emassamento 2ª demao;M2;Mão de obra de Pintura e Outros Acabamentos; 349,46 ; 4,47 ; 1.563,31 ;Geral
OBR;Mao de obra para execucao de massa corrida interna - em alvenaria;01240101101OBR;1319;Lixamento;M2;Mão de obra de Pintura e Outros Acabamentos; 349,46 ; 4,47 ; 1.563,31 ;Geral
OBR;Mao de obra para execucao de massa corrida interna - em alvenaria;01240101101OBR;1301;Emassamento 1ª demao;M2;Mão de obra de Pintura e Outros Acabamentos; 349,46 ; 4,47 ; 1.563,31 ;Geral
OBR;Mao de obra para pintura - 1ª demao;01240101102OBR;1459;Pintura 1ª demao;M2;Mão de obra de Pintura e Outros Acabamentos; 332,82 ; 4,47 ; 1.488,87 ;Geral
OBR;Mao de obra para pintura - 2ª demao;01240101103OBR;1461;Pintura 2ª demao;M2;Mão de obra de Pintura e Outros Acabamentos; 332,82 ; 4,47 ; 1.488,87 ;Geral
OBR;Mao de obra para execucao de massa corrida interna - em alvenaria;01240101201OBR;1303;Emassamento 2ª demao;M2;Mão de obra de Pintura e Outros Acabamentos; 1.315,94 ; 4,47 ; 5.886,88 ;Geral
OBR;Mao de obra para execucao de massa corrida interna - em alvenaria;01240101201OBR;1319;Lixamento;M2;Mão de obra de Pintura e Outros Acabamentos; 1.315,94 ; 4,47 ; 5.886,88 ;Geral
OBR;Mao de obra para execucao de massa corrida interna - em alvenaria;01240101201OBR;1301;Emassamento 1ª demao;M2;Mão de obra de Pintura e Outros Acabamentos; 1.315,94 ; 4,47 ; 5.886,88 ;Geral
OBR;Mao de obra para pintura - 1ª demao;01240101203OBR;1459;Pintura 1ª demao;M2;Mão de obra de Pintura e Outros Acabamentos; 1.253,28 ; 4,47 ; 5.606,55 ;Geral
OBR;Mao de obra para pintura - 2ª demao;01240101204OBR;1461;Pintura 2ª demao;M2;Mão de obra de Pintura e Outros Acabamentos; 1.253,28 ; 4,47 ; 5.606,55 ;Geral
OBR;Mao de obra para execucao de massa corrida interna - em alvenaria;01240101301OBR;1303;Emassamento 2ª demao;M2;Mão de obra de Pintura e Outros Acabamentos; 1.155,28 ; 4,47 ; 5.168,16 ;Geral
OBR;Mao de obra para execucao de massa corrida interna - em alvenaria;01240101301OBR;1319;Lixamento;M2;Mão de obra de Pintura e Outros Acabamentos; 1.155,28 ; 4,47 ; 5.168,16 ;Geral
OBR;Mao de obra para execucao de massa corrida interna - em alvenaria;01240101301OBR;1301;Emassamento 1ª demao;M2;Mão de obra de Pintura e Outros Acabamentos; 1.155,28 ; 4,47 ; 5.168,16 ;Geral
OBR;Mao de obra para pintura - 1ª demao;01240101303OBR;1459;Pintura 1ª demao;M2;Mão de obra de Pintura e Outros Acabamentos; 1.100,27 ; 4,47 ; 4.922,06 ;Geral
OBR;Mao de obra para pintura - 2ª demao;01240101304OBR;1461;Pintura 2ª demao;M2;Mão de obra de Pintura e Outros Acabamentos; 1.100,27 ; 4,47 ; 4.922,06 ;Geral
OBR;Mao de obra para execucao de massa corrida interna - em alvenaria;01240101401OBR;1303;Emassamento 2ª demao;M2;Mão de obra de Pintura e Outros Acabamentos; 1.300,59 ; 4,47 ; 5.818,20 ;Geral
OBR;Mao de obra para execucao de massa corrida interna - em alvenaria;01240101401OBR;1319;Lixamento;M2;Mão de obra de Pintura e Outros Acabamentos; 1.300,59 ; 4,47 ; 5.818,20 ;Geral
OBR;Mao de obra para execucao de massa corrida interna - em alvenaria;01240101401OBR;1301;Emassamento 1ª demao;M2;Mão de obra de Pintura e Outros Acabamentos; 1.300,59 ; 4,47 ; 5.818,20 ;Geral
OBR;Mao de obra para pintura - 1ª demao;01240101403OBR;1459;Pintura 1ª demao;M2;Mão de obra de Pintura e Outros Acabamentos; 1.238,66 ; 4,47 ; 5.541,15 ;Geral
OBR;Mao de obra para pintura - 2ª demao;01240101404OBR;1461;Pintura 2ª demao;M2;Mão de obra de Pintura e Outros Acabamentos; 1.238,66 ; 4,47 ; 5.541,15 ;Geral
OBR;Mao de obra para execucao de massa corrida interna - em alvenaria;01240101501OBR;1303;Emassamento 2ª demao;M2;Mão de obra de Pintura e Outros Acabamentos; 1.305,86 ; 4,47 ; 5.841,78 ;Geral
OBR;Mao de obra para execucao de massa corrida interna - em alvenaria;01240101501OBR;1319;Lixamento;M2;Mão de obra de Pintura e Outros Acabamentos; 1.305,86 ; 4,47 ; 5.841,78 ;Geral
OBR;Mao de obra para execucao de massa corrida interna - em alvenaria;01240101501OBR;1301;Emassamento 1ª demao;M2;Mão de obra de Pintura e Outros Acabamentos; 1.305,86 ; 4,47 ; 5.841,78 ;Geral
OBR;Mao de obra para pintura - 1ª demao;01240101503OBR;1459;Pintura 1ª demao;M2;Mão de obra de Pintura e Outros Acabamentos; 1.243,68 ; 4,47 ; 5.563,60 ;Geral
OBR;Mao de obra para pintura - 2ª demao;01240101504OBR;1461;Pintura 2ª demao;M2;Mão de obra de Pintura e Outros Acabamentos; 1.243,68 ; 4,47 ; 5.563,60 ;Geral
OBR;Mao de obra para execucao de massa corrida interna - em alvenaria;01240101601OBR;1303;Emassamento 2ª demao;M2;Mão de obra de Pintura e Outros Acabamentos; 1.415,09 ; 4,47 ; 6.330,38 ;Geral
OBR;Mao de obra para execucao de massa corrida interna - em alvenaria;01240101601OBR;1319;Lixamento;M2;Mão de obra de Pintura e Outros Acabamentos; 1.415,09 ; 4,47 ; 6.330,38 ;Geral
OBR;Mao de obra para execucao de massa corrida interna - em alvenaria;01240101601OBR;1301;Emassamento 1ª demao;M2;Mão de obra de Pintura e Outros Acabamentos; 1.415,09 ; 4,47 ; 6.330,38 ;Geral
OBR;Mao de obra para pintura - 1ª demao;01240101603OBR;1459;Pintura 1ª demao;M2;Mão de obra de Pintura e Outros Acabamentos; 1.347,70 ; 4,47 ; 6.028,94 ;Geral
OBR;Mao de obra para pintura - 2ª demao;01240101604OBR;1461;Pintura 2ª demao;M2;Mão de obra de Pintura e Outros Acabamentos; 1.347,70 ; 4,47 ; 6.028,94 ;Geral
OBR;Mao de obra para execucao de massa corrida interna - em alvenaria;01240101701OBR;1303;Emassamento 2ª demao;M2;Mão de obra de Pintura e Outros Acabamentos; 1.253,26 ; 4,47 ; 5.606,45 ;Geral
OBR;Mao de obra para execucao de massa corrida interna - em alvenaria;01240101701OBR;1319;Lixamento;M2;Mão de obra de Pintura e Outros Acabamentos; 1.253,26 ; 4,47 ; 5.606,45 ;Geral
OBR;Mao de obra para execucao de massa corrida interna - em alvenaria;01240101701OBR;1301;Emassamento 1ª demao;M2;Mão de obra de Pintura e Outros Acabamentos; 1.253,26 ; 4,47 ; 5.606,45 ;Geral
OBR;Mao de obra para pintura - 1ª demao;01240101703OBR;1459;Pintura 1ª demao;M2;Mão de obra de Pintura e Outros Acabamentos; 1.193,58 ; 4,47 ; 5.339,48 ;Geral
OBR;Mao de obra para pintura - 2ª demao;01240101704OBR;1461;Pintura 2ª demao;M2;Mão de obra de Pintura e Outros Acabamentos; 1.193,58 ; 4,47 ; 5.339,48 ;Geral
OBR;Mao de obra para execucao de massa corrida interna - em alvenaria;01240101801OBR;1303;Emassamento 2ª demao;M2;Mão de obra de Pintura e Outros Acabamentos; 1.305,91 ; 4,47 ; 5.841,97 ;Geral
OBR;Mao de obra para execucao de massa corrida interna - em alvenaria;01240101801OBR;1319;Lixamento;M2;Mão de obra de Pintura e Outros Acabamentos; 1.305,91 ; 4,47 ; 5.841,97 ;Geral
OBR;Mao de obra para execucao de massa corrida interna - em alvenaria;01240101801OBR;1301;Emassamento 1ª demao;M2;Mão de obra de Pintura e Outros Acabamentos; 1.305,91 ; 4,47 ; 5.841,97 ;Geral
OBR;Mao de obra para pintura - 1ª demao;01240101803OBR;1459;Pintura 1ª demao;M2;Mão de obra de Pintura e Outros Acabamentos; 1.243,72 ; 4,47 ; 5.563,78 ;Geral
OBR;Mao de obra para pintura - 2ª demao;01240101804OBR;1461;Pintura 2ª demao;M2;Mão de obra de Pintura e Outros Acabamentos; 1.243,72 ; 4,47 ; 5.563,78 ;Geral
OBR;Mao de obra para execucao de massa corrida interna - em alvenaria;01240101901OBR;1303;Emassamento 2ª demao;M2;Mão de obra de Pintura e Outros Acabamentos; 1.307,68 ; 4,47 ; 5.849,91 ;Geral
OBR;Mao de obra para execucao de massa corrida interna - em alvenaria;01240101901OBR;1319;Lixamento;M2;Mão de obra de Pintura e Outros Acabamentos; 1.307,68 ; 4,47 ; 5.849,91 ;Geral
OBR;Mao de obra para execucao de massa corrida interna - em alvenaria;01240101901OBR;1301;Emassamento 1ª demao;M2;Mão de obra de Pintura e Outros Acabamentos; 1.307,68 ; 4,47 ; 5.849,91 ;Geral
OBR;Mao de obra para pintura - 1ª demao;01240101903OBR;1459;Pintura 1ª demao;M2;Mão de obra de Pintura e Outros Acabamentos; 1.245,41 ; 4,47 ; 5.571,34 ;Geral
OBR;Mao de obra para pintura - 2ª demao;01240101904OBR;1461;Pintura 2ª demao;M2;Mão de obra de Pintura e Outros Acabamentos; 1.245,41 ; 4,47 ; 5.571,34 ;Geral
OBR;Mao de obra para execucao de massa corrida interna - em alvenaria;01240102001OBR;1303;Emassamento 2ª demao;M2;Mão de obra de Pintura e Outros Acabamentos; 396,81 ; 4,47 ; 1.775,11 ;Geral
OBR;Mao de obra para execucao de massa corrida interna - em alvenaria;01240102001OBR;1319;Lixamento;M2;Mão de obra de Pintura e Outros Acabamentos; 396,81 ; 4,47 ; 1.775,11 ;Geral
OBR;Mao de obra para execucao de massa corrida interna - em alvenaria;01240102001OBR;1301;Emassamento 1ª demao;M2;Mão de obra de Pintura e Outros Acabamentos; 396,81 ; 4,47 ; 1.775,11 ;Geral
OBR;Mao de obra para pintura - 1ª demao;01240102003OBR;1459;Pintura 1ª demao;M2;Mão de obra de Pintura e Outros Acabamentos; 377,91 ; 4,47 ; 1.690,58 ;Geral
OBR;Mao de obra para pintura - 2ª demao;01240102004OBR;1461;Pintura 2ª demao;M2;Mão de obra de Pintura e Outros Acabamentos; 377,91 ; 4,47 ; 1.690,58 ;Geral
OBR;Pintura de piso das vagas de estacionamento - cor: Amarelo;01250100201OBR;1471;Pintura de piso linear;M;Mão de obra de Pintura e Outros Acabamentos; 539,46 ; 4,81 ; 2.593,18 ;Geral
OBR;Piso de concreto - e: 5 cm;01250100203OBR;1897;Tela soldada Nervurada aco EQ061 2,0 X 3,0 m 5,82 kg;UN;Aço e Acessórios; 1,16 ; 103,24 ; 119,62 ;Geral
OBR;Piso de concreto - e: 5 cm;01250100203OBR;2878;"Ripa de pinus 1"" x 3"" x 2,5 m";UN;Madeira; 5,56 ; 4,44 ; 24,69 ;Geral
OBR;Grama - Amendoim;01250200101OBR;1473;Plantio de grama;M2;Serviços de Paisagismo; 81,00 ; 10,33 ; 836,49 ;Geral
OBR;Execucao de paisagismo com acompanhamento tecnico;01250200112OBR;10133;Execucao de paisagismo com acompanhamento tecnico;UN;Serviços de Paisagismo; 1,00 ; 37.375,00 ; 37.375,00 ;Geral
OBR;Reparos pre-entrega - apartamentos  - material e mao de obra;01260100101OBR;1433;Reparos pre-entrega apartamentos mao de obra;UN;Mão de obra de Pintura e Outros Acabamentos; 56,00 ; 276,00 ; 15.456,00 ;Geral
OBR;Locacao de terreno para uso do espaco durante execucao da obra;0102010102OBRP;8036;Bloco de espuma;UN;Materiais de Higiene e Limpeza; 1,72 ; 2,78 ; 4,80 ;Personalizacao
OBR;Locacao de terreno para uso do espaco durante execucao da obra;0102010103OBRP;8036;Bloco de espuma;UN;Materiais de Higiene e Limpeza; 2,15 ; 2,78 ; 5,97 ;Personalizacao
OBR;Locacao de terreno para uso do espaco durante execucao da obra;0102010104OBRP;8036;Bloco de espuma;UN;Materiais de Higiene e Limpeza; 2,96 ; 2,78 ; 8,25 ;Personalizacao
OBR;Locacao de terreno para uso do espaco durante execucao da obra;0102010105OBRP;8036;Bloco de espuma;UN;Materiais de Higiene e Limpeza; 1,47 ; 2,78 ; 4,10 ;Personalizacao
OBR;Locacao de terreno para uso do espaco durante execucao da obra;0102010107OBRP;8036;Bloco de espuma;UN;Materiais de Higiene e Limpeza; 7,07 ; 2,78 ; 19,68 ;Personalizacao
OBR;Locacao de terreno para uso do espaco durante execucao da obra;0102010108OBRP;8036;Bloco de espuma;UN;Materiais de Higiene e Limpeza; 0,46 ; 2,78 ; 1,28 ;Personalizacao
OBR;Locacao de terreno para uso do espaco durante execucao da obra;0102010111OBRP;8036;Bloco de espuma;UN;Materiais de Higiene e Limpeza; 0,37 ; 2,78 ; 1,03 ;Personalizacao
OBR;Locacao de terreno para uso do espaco durante execucao da obra;0102010113OBRP;8036;Bloco de espuma;UN;Materiais de Higiene e Limpeza; 0,29 ; 2,78 ; 0,80 ;Personalizacao
OBR;Locacao de terreno para uso do espaco durante execucao da obra;0102010113OBRP;7376;Bobina de salva piso sem cola 1,3 x 100 m;UN;Materiais de Escritório e Informática; 0,05 ; 585,26 ; 28,39 ;Personalizacao
OBR;Locacao de terreno para uso do espaco durante execucao da obra;0102010114OBRP;8036;Bloco de espuma;UN;Materiais de Higiene e Limpeza; 0,13 ; 2,78 ; 0,36 ;Personalizacao
OBR;Locacao de terreno para uso do espaco durante execucao da obra;0102010114OBRP;7376;Bobina de salva piso sem cola 1,3 x 100 m;UN;Materiais de Escritório e Informática; 0,02 ; 585,26 ; 12,93 ;Personalizacao
OBR;Locacao de terreno para uso do espaco durante execucao da obra;0102010115OBRP;8036;Bloco de espuma;UN;Materiais de Higiene e Limpeza; 0,99 ; 2,78 ; 2,76 ;Personalizacao
OBR;Locacao de terreno para uso do espaco durante execucao da obra;0102010115OBRP;7376;Bobina de salva piso sem cola 1,3 x 100 m;UN;Materiais de Escritório e Informática; 0,17 ; 585,26 ; 98,32 ;Personalizacao
OBR;Locacao de terreno para uso do espaco durante execucao da obra;0102010120OBRP;8036;Bloco de espuma;UN;Materiais de Higiene e Limpeza; 4,20 ; 2,78 ; 11,70 ;Personalizacao
OBR;Locacao de terreno para uso do espaco durante execucao da obra;0102010120OBRP;7376;Bobina de salva piso sem cola 1,3 x 100 m;UN;Materiais de Escritório e Informática; 0,59 ; 585,26 ; 344,01 ;Personalizacao
OBR;Locacao de terreno para uso do espaco durante execucao da obra;0102010122OBRP;8036;Bloco de espuma;UN;Materiais de Higiene e Limpeza; 2,48 ; 2,78 ; 6,91 ;Personalizacao
OBR;Locacao de terreno para uso do espaco durante execucao da obra;0102010122OBRP;7376;Bobina de salva piso sem cola 1,3 x 100 m;UN;Materiais de Escritório e Informática; 0,35 ; 585,26 ; 203,20 ;Personalizacao
OBR;Locacao de terreno para uso do espaco durante execucao da obra;0102010129OBRP;8036;Bloco de espuma;UN;Materiais de Higiene e Limpeza; 0,34 ; 2,78 ; 0,94 ;Personalizacao
OBR;Locacao de terreno para uso do espaco durante execucao da obra;0102010129OBRP;7376;Bobina de salva piso sem cola 1,3 x 100 m;UN;Materiais de Escritório e Informática; 0,05 ; 585,26 ; 27,74 ;Personalizacao
OBR;Locacao de terreno para uso do espaco durante execucao da obra;0102010138OBRP;8036;Bloco de espuma;UN;Materiais de Higiene e Limpeza; 0,28 ; 2,78 ; 0,77 ;Personalizacao
OBR;Locacao de terreno para uso do espaco durante execucao da obra;0102010139OBRP;8036;Bloco de espuma;UN;Materiais de Higiene e Limpeza; 0,21 ; 2,78 ; 0,59 ;Personalizacao
OBR;Locacao de terreno para uso do espaco durante execucao da obra;0102010202OBRP;3915;Nicho de embutir cinza 30 x 60 x 10 cm;UN;Louças, Metais e Acessórios; 5,00 ; 229,43 ; 1.147,13 ;Personalizacao
OBR;Locacao de terreno para uso do espaco durante execucao da obra;0102010306OBRP;4886;Cabo flexivel PVC 750V preto 2,5 mm²;M;Elétrica - Fios e Cabos; 130,20 ; 1,67 ; 217,11 ;Personalizacao
OBR;Locacao de terreno para uso do espaco durante execucao da obra;0102010306OBRP;4865;Cabo flexivel PVC 750V branco 2,5 mm²;M;Elétrica - Fios e Cabos; 130,20 ; 1,79 ; 233,58 ;Personalizacao
OBR;Locacao de terreno para uso do espaco durante execucao da obra;0102010306OBRP;4901;Cabo flexivel PVC 750V verde 2,5 mm²;M;Elétrica - Fios e Cabos; 130,20 ; 1,67 ; 217,11 ;Personalizacao
OBR;Locacao de terreno para uso do espaco durante execucao da obra;0102010307OBRP;4886;Cabo flexivel PVC 750V preto 2,5 mm²;M;Elétrica - Fios e Cabos; 264,60 ; 1,67 ; 441,22 ;Personalizacao
OBR;Locacao de terreno para uso do espaco durante execucao da obra;0102010307OBRP;4865;Cabo flexivel PVC 750V branco 2,5 mm²;M;Elétrica - Fios e Cabos; 264,60 ; 1,79 ; 474,69 ;Personalizacao
OBR;Locacao de terreno para uso do espaco durante execucao da obra;0102010307OBRP;4901;Cabo flexivel PVC 750V verde 2,5 mm²;M;Elétrica - Fios e Cabos; 264,60 ; 1,67 ; 441,22 ;Personalizacao
OBR;Locacao de terreno para uso do espaco durante execucao da obra;0102010309OBRP;4886;Cabo flexivel PVC 750V preto 2,5 mm²;M;Elétrica - Fios e Cabos; 311,64 ; 1,67 ; 519,66 ;Personalizacao
OBR;Locacao de terreno para uso do espaco durante execucao da obra;0102010309OBRP;4865;Cabo flexivel PVC 750V branco 2,5 mm²;M;Elétrica - Fios e Cabos; 311,64 ; 1,79 ; 559,08 ;Personalizacao
OBR;Locacao de terreno para uso do espaco durante execucao da obra;0102010309OBRP;4901;Cabo flexivel PVC 750V verde 2,5 mm²;M;Elétrica - Fios e Cabos; 311,64 ; 1,67 ; 519,66 ;Personalizacao
OBR;Locacao de terreno para uso do espaco durante execucao da obra;0102010317OBRP;4886;Cabo flexivel PVC 750V preto 2,5 mm²;M;Elétrica - Fios e Cabos; 517,69 ; 1,67 ; 863,25 ;Personalizacao
OBR;Locacao de terreno para uso do espaco durante execucao da obra;0102010317OBRP;4865;Cabo flexivel PVC 750V branco 2,5 mm²;M;Elétrica - Fios e Cabos; 517,69 ; 1,79 ; 928,74 ;Personalizacao
OBR;Locacao de terreno para uso do espaco durante execucao da obra;0102010317OBRP;4901;Cabo flexivel PVC 750V verde 2,5 mm²;M;Elétrica - Fios e Cabos; 517,69 ; 1,67 ; 863,25 ;Personalizacao
OBR;Locacao de terreno para uso do espaco durante execucao da obra;0102010318OBRP;1460;Pintura 1ª demao Linear;M;Mão de obra de Pintura e Outros Acabamentos; 123,26 ; 4,98 ; 614,13 ;Personalizacao
OBR;Locacao de terreno para uso do espaco durante execucao da obra;0102010319OBRP;1462;Pintura 2ª demao Linear;M;Mão de obra de Pintura e Outros Acabamentos; 123,26 ; 4,69 ; 577,67 ;Personalizacao
OBR;Locacao de terreno para uso do espaco durante execucao da obra;0102010402OBRP;10841;Misturador monocomando lavatorio bica baixa lift 5L/min - Docol;UN;Louças, Metais e Acessórios; 12,00 ; 753,68 ; 9.044,11 ;Personalizacao
OBR;Locacao de terreno para uso do espaco durante execucao da obra;0102010402OBRP;3681;Cuba de apoio com mesa - Q6 Loft - Incepa;UN;Louças, Metais e Acessórios; 12,00 ; 362,40 ; 4.348,79 ;Personalizacao
OBR;Locacao de terreno para uso do espaco durante execucao da obra;0102010402OBRP;3775;"Valvula para lavatorio cromada 1""";UN;Louças, Metais e Acessórios; 12,00 ; 6,86 ; 82,26 ;Personalizacao
OBR;Locacao de terreno para uso do espaco durante execucao da obra;0102010403OBRP;10841;Misturador monocomando lavatorio bica baixa lift 5L/min - Docol;UN;Louças, Metais e Acessórios; 3,00 ; 753,68 ; 2.261,03 ;Personalizacao
OBR;Locacao de terreno para uso do espaco durante execucao da obra;0102010403OBRP;3775;"Valvula para lavatorio cromada 1""";UN;Louças, Metais e Acessórios; 3,00 ; 6,86 ; 20,57 ;Personalizacao
OBR;Locacao de terreno para uso do espaco durante execucao da obra;0102010403OBRP;3680;Cuba de apoio redonda - R0 Loft - Incepa;UN;Louças, Metais e Acessórios; 3,00 ; 192,81 ; 578,43 ;Personalizacao
OBR;Locacao de terreno para uso do espaco durante execucao da obra;0102010409OBRP;3762;Acabamento de registro Lift - Docol;UN;Louças, Metais e Acessórios; 22,00 ; 155,15 ; 3.413,22 ;Personalizacao
OBR;Locacao de terreno para uso do espaco durante execucao da obra;0102010409OBRP;3790;Conversor de registro para base Docol;UN;Louças, Metais e Acessórios; 22,00 ; 9,02 ; 198,35 ;Personalizacao
OBR;Locacao de terreno para uso do espaco durante execucao da obra;0102010411OBRP;10841;Misturador monocomando lavatorio bica baixa lift 5L/min - Docol;UN;Louças, Metais e Acessórios; 2,00 ; 753,68 ; 1.507,35 ;Personalizacao
OBR;Locacao de terreno para uso do espaco durante execucao da obra;0102010411OBRP;3775;"Valvula para lavatorio cromada 1""";UN;Louças, Metais e Acessórios; 2,00 ; 6,86 ; 13,71 ;Personalizacao
OBR;Locacao de terreno para uso do espaco durante execucao da obra;0102010411OBRP;3678;Cuba de apoio retangular  - QR3 Loft - Incepa;UN;Louças, Metais e Acessórios; 2,00 ; 607,74 ; 1.215,48 ;Personalizacao
OBR;Locacao de terreno para uso do espaco durante execucao da obra;0102010412OBRP;3766;Chuveiro Eden leed 150 6L/min - Docol;UN;Louças, Metais e Acessórios; 5,00 ; 286,18 ; 1.430,89 ;Personalizacao
OBR;Locacao de terreno para uso do espaco durante execucao da obra;0102010413OBRP;3767;Chuveiro Bonnaducha 7L/min - Docol;UN;Louças, Metais e Acessórios; 1,00 ; 195,57 ; 195,57 ;Personalizacao
OBR;Locacao de terreno para uso do espaco durante execucao da obra;0102010417OBRP;3681;Cuba de apoio com mesa - Q6 Loft - Incepa;UN;Louças, Metais e Acessórios; 3,00 ; 362,40 ; 1.087,20 ;Personalizacao
OBR;Locacao de terreno para uso do espaco durante execucao da obra;0102010417OBRP;3775;"Valvula para lavatorio cromada 1""";UN;Louças, Metais e Acessórios; 3,00 ; 6,86 ; 20,57 ;Personalizacao
OBR;Locacao de terreno para uso do espaco durante execucao da obra;0102010417OBRP;12178;"Torneira para banheiro monocomando bica baixa - 1/2"" - cromado";UN;Louças, Metais e Acessórios; 3,00 ; 452,53 ; 1.357,58 ;Personalizacao
OBR;Locacao de terreno para uso do espaco durante execucao da obra;0102010419OBRP;3667;Bacia sanitaria em louca com caixa acoplada - ecoflush Incepa - Suite;UN;Louças, Metais e Acessórios; 10,00 ; 575,00 ; 5.750,00 ;Personalizacao
OBR;Locacao de terreno para uso do espaco durante execucao da obra;0102010419OBRP;3668;Bacia sanitaria em louca com caixa acoplada - ecoflush Incepa - Boss;UN;Louças, Metais e Acessórios; 10,00 ; 1.240,62 ; 12.406,20 ;Personalizacao
OBR;Locacao de terreno para uso do espaco durante execucao da obra;0103010304OBRP;1461;Pintura 2ª demao;M2;Mão de obra de Pintura e Outros Acabamentos; 330,41 ; 4,69 ; 1.548,50 ;Personalizacao
OBR;Locacao de terreno para uso do espaco durante execucao da obra;0103010304OBRP;1459;Pintura 1ª demao;M2;Mão de obra de Pintura e Outros Acabamentos; 330,41 ; 4,98 ; 1.646,23 ;Personalizacao
OBR;Locacao de terreno para uso do espaco durante execucao da obra;0103010308OBRP;1461;Pintura 2ª demao;M2;Mão de obra de Pintura e Outros Acabamentos; 330,41 ; 4,69 ; 1.548,50 ;Personalizacao
